Time (s),# Nodes,LB,UB,Rel. Gap,Abs. Gap
21.261,8,0.984078692,0.979002242,-0.5185%,-0.00508
