{
    "K_p": -9.999894873668342,
    "K_i": -99.99980549803303,
    "K_d": 0.789547075867546
}