time_sec,iter,nodes_explored,current_node_id,n_open_nodes,lb_global_min_open,ub_global_incumbent,rel_gap_current,abs_gap_current,current_node_lb,parent_node_lb,best_lb_ever,best_ub_ever,rel_gap_best_ever,abs_gap_best_ever,cz_const_ok_count,cz_const_total
345.7892,1,1,0,2,0.9719665380922757,61.61276744233735,0.9842245921025715,60.640800904245076,0.9719665380922757,nan,0.9719665380922757,61.61276744233735,0.9842245921025715,60.640800904245076,5,5
504.1317,2,2,1,3,0.9719665380922757,0.9735317589249872,0.0016077758310010027,0.0015652208327114892,0.9722555164519926,nan,0.9719665380922757,0.9735317589249872,0.0016077758310010027,0.0015652208327114892,5,5
674.0284,3,3,2,2,0.9722555164519926,0.9735317589249872,0.0013109407693118347,0.0012762424729946265,0.9753083242787263,nan,0.9722555164519926,0.9735317589249872,0.0013109407693118347,0.0012762424729946265,5,5
827.3582,4,4,3,3,0.9720730862975211,0.9735317588393375,0.0014983307206695297,0.0014586725418164193,0.9720730862975211,nan,0.9722555164519926,0.9735317588393375,0.0013109406814488277,0.001276242387344917,5,5
966.7942,5,5,5,4,0.9720730862975211,0.9735317588393375,0.0014983307206695297,0.0014586725418164193,0.9721743857786203,nan,0.9722555164519926,0.9735317588393375,0.0013109406814488277,0.001276242387344917,5,5
1038.0212,6,6,6,5,0.9721743857786203,0.9735317588393375,0.0013942771238768263,0.0013573730607172596,0.9734243234819455,nan,0.9722555164519926,0.9735317588393375,0.0013109406814488277,0.001276242387344917,5,5
1073.7319,7,7,7,6,0.9721743857786203,0.9735317586185346,0.001394276897386967,0.0013573728399143281,0.9728552120129834,nan,0.9722555164519926,0.9735317586185346,0.0013109404549400672,0.0012762421665419854,5,5
1364.5572,8,8,8,5,0.9722555164519926,0.9735317586185346,0.0013109404549400672,0.0012762421665419854,0.9770546693138356,nan,0.9722555164519926,0.9735317586185346,0.0013109404549400672,0.0012762421665419854,5,5
1504.375,9,9,4,6,0.9728552120129834,0.9735317586185346,0.0006949404573212908,0.0006765466055511649,0.9732528345832809,nan,0.9728552120129834,0.9735317586185346,0.0006949404573212908,0.0006765466055511649,5,5
1536.2696,10,10,12,5,0.9728552120129834,0.9735317586185346,0.0006949404573212908,0.0006765466055511649,0.9745703668524766,nan,0.9728552120129834,0.9735317586185346,0.0006949404573212908,0.0006765466055511649,5,5
1545.0681,11,11,11,6,0.9725216792001443,0.9735317585548842,0.0010375412469740206,0.0010100793547398457,0.9725216792001443,nan,0.9728552120129834,0.9735317585548842,0.0006949403919857899,0.0006765465419007466,5,5
1547.5891,12,12,15,5,0.9725216792001443,0.9735317585548842,0.0010375412469740206,0.0010100793547398457,1.3844345212244786,nan,0.9728552120129834,0.9735317585548842,0.0006949403919857899,0.0006765465419007466,5,5
1557.1256,13,13,16,6,0.9727366037116684,0.9735317585548842,0.0008167733987395823,0.0007951548432157951,0.9727366037116684,nan,0.9728552120129834,0.9735317585548842,0.0006949403919857899,0.0006765465419007466,5,5
1559.5664,14,14,17,5,0.9727366037116684,0.9735317585548842,0.0008167733987395823,0.0007951548432157951,1.0314583609190788,nan,0.9728552120129834,0.9735317585548842,0.0006949403919857899,0.0006765465419007466,5,5
1567.0746,15,15,18,6,0.9725940117135883,0.9735317585540884,0.0009632421667402392,0.0009377468405000755,0.9725940117135883,nan,0.9728552120129834,0.9735317585540884,0.0006949403911689138,0.0006765465411049387,5,5
1570.746,16,16,19,7,0.9725940117135883,0.9735317585540884,0.0009632421667402392,0.0009377468405000755,0.9728523834946714,nan,0.9728552120129834,0.9735317585540884,0.0006949403911689138,0.0006765465411049387,5,5
1576.7457,17,17,20,6,0.9728523834946714,0.9735317585540884,0.0006978458108300204,0.0006793750594169534,0.9928450695419974,nan,0.9728552120129834,0.9735317585540884,0.0006949403911689138,0.0006765465411049387,5,5
1580.4453,18,18,21,7,0.9728269266457995,0.9735317584306813,0.0007239946501775822,0.0007048317848817875,0.9728269266457995,nan,0.9728552120129834,0.9735317584306813,0.0006949402644947702,0.0006765464176978764,5,5
1584.0592,19,19,23,8,0.9728269266457995,0.9735317579211369,0.0007239941271586924,0.0007048312753373809,0.9728363864481151,nan,0.9728552120129834,0.9735317579211369,0.0006949397414606733,0.0006765459081534697,5,5
1588.3307,20,20,24,9,0.9728363864481151,0.9735317579211369,0.0007142771330918603,0.0006953714730217886,0.9731225258973186,nan,0.9728552120129834,0.9735317579211369,0.0006949397414606733,0.0006765459081534697,5,5
1592.0608,21,21,25,10,0.9728363864481151,0.9735317579211369,0.0007142771330918603,0.0006953714730217886,0.9728483247497589,nan,0.9728552120129834,0.9735317579211369,0.0006949397414606733,0.0006765459081534697,5,5
1595.7033,22,22,26,11,0.9728483247497589,0.9735317579211369,0.0007020142546118577,0.0006834331713779784,0.9732145896800765,nan,0.9728552120129834,0.9735317579211369,0.0006949397414606733,0.0006765459081534697,5,5
1598.9494,23,23,29,10,0.9728483247497589,0.9735317579211369,0.0007020142546118577,0.0006834331713779784,0.9796734630078047,nan,0.9728552120129834,0.9735317579211369,0.0006949397414606733,0.0006765459081534697,5,5
1602.828,24,24,30,11,0.972694452143849,0.9735317579211369,0.0008600703269052872,0.0008373057772879111,0.972694452143849,nan,0.9728552120129834,0.9735317579211369,0.0006949397414606733,0.0006765459081534697,5,5
1606.372,25,25,33,12,0.972694452143849,0.9735317579211369,0.0008600703269052872,0.0008373057772879111,0.9727014268392085,nan,0.9728552120129834,0.9735317579211369,0.0006949397414606733,0.0006765459081534697,5,5
1609.9176,26,26,34,13,0.9727014268392085,0.9735317579211369,0.0008529060045267561,0.000830331081928426,0.972749894775131,nan,0.9728552120129834,0.9735317579211369,0.0006949397414606733,0.0006765459081534697,5,5
1613.7323,27,27,36,14,0.9727014268392085,0.9735317579211369,0.0008529060045267561,0.000830331081928426,0.9728295145179003,nan,0.9728552120129834,0.9735317579211369,0.0006949397414606733,0.0006765459081534697,5,5
1617.3919,28,28,35,15,0.9727225875388756,0.9735317579211369,0.0008311699907860603,0.0008091703822612484,0.9727225875388756,nan,0.9728552120129834,0.9735317579211369,0.0006949397414606733,0.0006765459081534697,5,5
1620.9987,29,29,41,16,0.9726099786174397,0.9735317579211369,0.0009468405074586799,0.00092177930369719,0.9726099786174397,nan,0.9728552120129834,0.9735317579211369,0.0006949397414606733,0.0006765459081534697,5,5
1624.7625,30,30,43,17,0.9726099786174397,0.9735317579211369,0.0009468405074586799,0.00092177930369719,0.972618097291148,nan,0.9728552120129834,0.9735317579211369,0.0006949397414606733,0.0006765459081534697,5,5
1628.4958,31,31,44,18,0.9725239835005343,0.9735317579211369,0.0010351736472928314,0.0010077744206026251,0.9725239835005343,nan,0.9728552120129834,0.9735317579211369,0.0006949397414606733,0.0006765459081534697,5,5
1632.105,32,32,47,19,0.9725239835005343,0.9735317579211369,0.0010351736472928314,0.0010077744206026251,0.9725260825173786,nan,0.9728552120129834,0.9735317579211369,0.0006949397414606733,0.0006765459081534697,5,5
1635.769,33,33,48,20,0.9725260825173786,0.9735317579211369,0.001033017562678993,0.0010056754037582882,0.9725549193149964,nan,0.9728552120129834,0.9735317579211369,0.0006949397414606733,0.0006765459081534697,5,5
1639.3819,34,34,49,21,0.9725260825173786,0.9735317579211369,0.001033017562678993,0.0010056754037582882,0.9725527159610102,nan,0.9728552120129834,0.9735317579211369,0.0006949397414606733,0.0006765459081534697,5,5
1642.9377,35,35,50,22,0.9725527159610102,0.9735317579211369,0.0010056600127943316,0.0009790419601266587,0.9727011003484181,nan,0.9728552120129834,0.9735317579211369,0.0006949397414606733,0.0006765459081534697,5,5
1646.5156,36,36,53,23,0.9725527159610102,0.9735317579211369,0.0010056600127943316,0.0009790419601266587,0.972577172072703,nan,0.9728552120129834,0.9735317579211369,0.0006949397414606733,0.0006765459081534697,5,5
1650.124,37,37,54,24,0.9725549193149964,0.9735317579211369,0.0010033967543354016,0.0009768386061405065,0.9726002129757756,nan,0.9728552120129834,0.9735317579211369,0.0006949397414606733,0.0006765459081534697,5,5
1653.7576,38,38,52,25,0.9725549193149964,0.9735317579211369,0.0010033967543354016,0.0009768386061405065,0.9727300567668238,nan,0.9728552120129834,0.9735317579211369,0.0006949397414606733,0.0006765459081534697,5,5
1657.292,39,39,51,26,0.972577172072703,0.9735317579211369,0.0009805389918376088,0.0009545858484338865,0.9725816348214984,nan,0.9728552120129834,0.9735317579211369,0.0006949397414606733,0.0006765459081534697,5,5
1660.8596,40,40,57,27,0.9725612280333733,0.9735317579211369,0.0009969165154263026,0.0009705298877635826,0.9725612280333733,nan,0.9728552120129834,0.9735317579211369,0.0006949397414606733,0.0006765459081534697,5,5
1664.4311,41,41,65,28,0.9725594864819043,0.9735317579211369,0.0009987054159473865,0.0009722714392326193,0.9725594864819043,nan,0.9728552120129834,0.9735317579211369,0.0006949397414606733,0.0006765459081534697,5,5
1667.6156,42,42,67,29,0.9725594864819043,0.9735317579211369,0.0009987054159473865,0.0009722714392326193,0.9725866352456293,nan,0.9728552120129834,0.9735317579211369,0.0006949397414606733,0.0006765459081534697,5,5
1671.0427,43,43,68,30,0.9725612280333733,0.9735317579211369,0.0009969165154263026,0.0009705298877635826,0.9730874308859027,nan,0.9728552120129834,0.9735317579211369,0.0006949397414606733,0.0006765459081534697,5,5
1674.6187,44,44,66,31,0.9725649435058027,0.9735317579211369,0.0009931000272643525,0.000966814415334194,0.9725649435058027,nan,0.9728552120129834,0.9735317579211369,0.0006949397414606733,0.0006765459081534697,5,5
1678.2051,45,45,73,32,0.9725649435058027,0.9735317579211369,0.0009931000272643525,0.000966814415334194,0.9725814031266585,nan,0.9728552120129834,0.9735317579211369,0.0006949397414606733,0.0006765459081534697,5,5
1681.7692,46,46,74,33,0.972577172072703,0.9735317579211369,0.0009805389918376088,0.0009545858484338865,0.9725865711903572,nan,0.9728552120129834,0.9735317579211369,0.0006949397414606733,0.0006765459081534697,5,5
1685.4279,47,47,58,34,0.9725814031266585,0.9735317579211369,0.000976192904592789,0.0009503547944783586,0.9725995699128226,nan,0.9728552120129834,0.9735317579211369,0.0006949397414606733,0.0006765459081534697,5,5
1688.5808,48,48,75,35,0.9725814031266585,0.9735317579211369,0.000976192904592789,0.0009503547944783586,0.9726026701968371,nan,0.9728552120129834,0.9735317579211369,0.0006949397414606733,0.0006765459081534697,5,5
1691.9838,49,49,76,36,0.9725816348214984,0.9735317579211369,0.0009759549104667789,0.0009501230996384891,0.9730581808451716,nan,0.9728552120129834,0.9735317579211369,0.0006949397414606733,0.0006765459081534697,5,5
1695.6118,50,50,63,37,0.9725816348214984,0.9735317579211369,0.0009759549104667789,0.0009501230996384891,0.9727109276120962,nan,0.9728552120129834,0.9735317579211369,0.0006949397414606733,0.0006765459081534697,5,5
1699.1649,51,51,64,38,0.9725865711903572,0.9735317579211369,0.0009708843323180714,0.0009451867307797013,0.9726022353808934,nan,0.9728552120129834,0.9735317579211369,0.0006949397414606733,0.0006765459081534697,5,5
1702.7851,52,52,77,39,0.972576302698281,0.9735317579211369,0.000981432002686956,0.0009554552228558943,0.972576302698281,nan,0.9728552120129834,0.9735317579211369,0.0006949397414606733,0.0006765459081534697,5,5
1706.3738,53,53,89,40,0.972576302698281,0.9735317579211369,0.000981432002686956,0.0009554552228558943,0.9725818876545803,nan,0.9728552120129834,0.9735317579211369,0.0006949397414606733,0.0006765459081534697,5,5
1709.9867,54,54,90,41,0.9725818876545803,0.9735317579211369,0.0009756952033952243,0.0009498702665565739,0.9725839279586559,nan,0.9728552120129834,0.9735317579211369,0.0006949397414606733,0.0006765459081534697,5,5
1713.582,55,55,91,42,0.9725818876545803,0.9735317579211369,0.0009756952033952243,0.0009498702665565739,0.9725844930432515,nan,0.9728552120129834,0.9735317579211369,0.0006949397414606733,0.0006765459081534697,5,5
1717.1839,56,56,92,43,0.9725827757906098,0.9735317579211369,0.0009747829208504882,0.0009489821305270763,0.9725827757906098,nan,0.9728552120129834,0.9735317579211369,0.0006949397414606733,0.0006765459081534697,5,5
1720.7676,57,57,97,44,0.9725827757906098,0.9735317579211369,0.0009747829208504882,0.0009489821305270763,0.972589448451381,nan,0.9728552120129834,0.9735317579211369,0.0006949397414606733,0.0006765459081534697,5,5
1724.3497,58,58,98,45,0.9725839279586559,0.9735317579211369,0.0009735994278244963,0.0009478299624809949,0.972589815507738,nan,0.9728552120129834,0.9735317579211369,0.0006949397414606733,0.0006765459081534697,5,5
1727.5049,59,59,93,46,0.9725839279586559,0.9735317579211369,0.0009735994278244963,0.0009478299624809949,0.9726164580474813,nan,0.9728552120129834,0.9735317579211369,0.0006949397414606733,0.0006765459081534697,5,5
1730.9348,60,60,94,47,0.9725844930432515,0.9735317579211369,0.0009730189797898402,0.0009472648778854342,0.9731225618666581,nan,0.9728552120129834,0.9735317579211369,0.0006949397414606733,0.0006765459081534697,5,5
1734.6132,61,61,95,48,0.9725844930432515,0.9735317579211369,0.0009730189797898402,0.0009472648778854342,0.972590747040181,nan,0.9728552120129834,0.9735317579211369,0.0006949397414606733,0.0006765459081534697,5,5
1738.2158,62,62,96,49,0.9725865711903572,0.9735317579211369,0.0009708843323180714,0.0009451867307797013,0.9725957094846811,nan,0.9728552120129834,0.9735317579211369,0.0006949397414606733,0.0006765459081534697,5,5
1741.8664,63,63,78,50,0.9725866352456293,0.9735317579211369,0.0009708185355204165,0.0009451226755076148,0.9725872952322945,nan,0.9728552120129834,0.9735317579211369,0.0006949397414606733,0.0006765459081534697,5,5
1745.0665,64,64,69,51,0.9725851314992822,0.9735317579211369,0.0009723631655079581,0.0009466264218547238,0.9725851314992822,nan,0.9728552120129834,0.9735317579211369,0.0006949397414606733,0.0006765459081534697,5,5
1747.936,65,65,113,50,0.9725851314992822,0.9735317579211369,0.0009723631655079581,0.0009466264218547238,0.9739460721414956,nan,0.9728552120129834,0.9735317579211369,0.0006949397414606733,0.0006765459081534697,5,5
1751.0336,66,66,114,51,0.9725866352456293,0.9735317579211369,0.0009708185355204165,0.0009451226755076148,0.9728243390400412,nan,0.9728552120129834,0.9735317579211369,0.0006949397414606733,0.0006765459081534697,5,5
1754.1687,67,67,70,52,0.9725872952322945,0.9735317579211369,0.0009701406052322282,0.0009444626888424068,0.9725928663626813,nan,0.9728552120129834,0.9735317579211369,0.0006949397414606733,0.0006765459081534697,5,5
1757.3236,68,68,111,53,0.9725872952322945,0.9735317579211369,0.0009701406052322282,0.0009444626888424068,0.9726185038239556,nan,0.9728552120129834,0.9735317579211369,0.0006949397414606733,0.0006765459081534697,5,5
1760.8013,69,69,112,54,0.972589448451381,0.9735317579211369,0.0009679288447334501,0.0009423094697559309,0.9731243833461235,nan,0.9728552120129834,0.9735317579211369,0.0006949397414606733,0.0006765459081534697,5,5
1764.3738,70,70,100,55,0.9725852839871592,0.9735317579211369,0.0009722065318123941,0.0009464739339777317,0.9725852839871592,nan,0.9728552120129834,0.9735317579211369,0.0006949397414606733,0.0006765459081534697,5,5
1767.5747,71,71,123,56,0.9725852839871592,0.9735317579211369,0.0009722065318123941,0.0009464739339777317,0.9726148345648578,nan,0.9728552120129834,0.9735317579211369,0.0006949397414606733,0.0006765459081534697,5,5
1771.006,72,72,124,57,0.972589448451381,0.9735317579211369,0.0009679288447334501,0.0009423094697559309,0.9730493952466376,nan,0.9728552120129834,0.9735317579211369,0.0006949397414606733,0.0006765459081534697,5,5
1774.6443,73,73,99,58,0.9725886070124055,0.9735317579211369,0.000968793160631365,0.0009431509087314272,0.9725886070124055,nan,0.9728552120129834,0.9735317579211369,0.0006949397414606733,0.0006765459081534697,5,5
1777.8328,74,74,129,59,0.9725886070124055,0.9735317579211369,0.000968793160631365,0.0009431509087314272,0.9726147116039142,nan,0.9728552120129834,0.9735317579211369,0.0006949397414606733,0.0006765459081534697,5,5
1781.2754,75,75,130,60,0.972589815507738,0.9735317579211369,0.0009675518089006689,0.0009419424133988441,0.9730517377904907,nan,0.9728552120129834,0.9735317579211369,0.0006949397414606733,0.0006765459081534697,5,5
1784.8493,76,76,101,61,0.9725816808674007,0.9735317579211369,0.0009759076126750648,0.0009500770537361758,0.9725816808674007,nan,0.9728552120129834,0.9735317579211369,0.0006949397414606733,0.0006765459081534697,5,5
1788.4661,77,77,135,62,0.9725816808674007,0.9735317579211369,0.0009759076126750648,0.0009500770537361758,0.9725915791580505,nan,0.9728552120129834,0.9735317579211369,0.0006949397414606733,0.0006765459081534697,5,5
1792.0391,78,78,136,63,0.972589815507738,0.9735317579211369,0.0009675518089006689,0.0009419424133988441,0.9725932849309231,nan,0.9728552120129834,0.9735317579211369,0.0006949397414606733,0.0006765459081534697,5,5
1795.6602,79,79,102,64,0.9725863166692502,0.9735317579211369,0.0009711457733084626,0.0009454412518866695,0.9725863166692502,nan,0.9728552120129834,0.9735317579211369,0.0006949397414606733,0.0006765459081534697,5,5
1799.2329,80,80,141,65,0.9725863166692502,0.9735317579211369,0.0009711457733084626,0.0009454412518866695,0.9725927950818631,nan,0.9728552120129834,0.9735317579211369,0.0006949397414606733,0.0006765459081534697,5,5
1802.855,81,81,142,66,0.972590747040181,0.9735317579211369,0.0009665949500869928,0.0009410108809558837,0.9725971249415843,nan,0.9728552120129834,0.9735317579211369,0.0006949397414606733,0.0006765459081534697,5,5
1806.5019,82,82,108,67,0.9725903515512107,0.9735317579211369,0.0009670011915548574,0.0009414063699262343,0.9725903515512107,nan,0.9728552120129834,0.9735317579211369,0.0006949397414606733,0.0006765459081534697,5,5
1810.1062,83,83,147,68,0.9725903515512107,0.9735317579211369,0.0009670011915548574,0.0009414063699262343,0.9725966019127859,nan,0.9728552120129834,0.9735317579211369,0.0006949397414606733,0.0006765459081534697,5,5
1813.6878,84,84,148,69,0.972590747040181,0.9735317579211369,0.0009665949500869928,0.0009410108809558837,0.9725948206158347,nan,0.9728552120129834,0.9735317579211369,0.0006949397414606733,0.0006765459081534697,5,5
1817.2927,85,85,107,70,0.9725915791580505,0.9735317579211369,0.0009657402087159717,0.0009401787630863856,0.9725925461226178,nan,0.9728552120129834,0.9735317579211369,0.0006949397414606733,0.0006765459081534697,5,5
1820.9372,86,86,137,71,0.9725915791580505,0.9735317579211369,0.0009657402087159717,0.0009401787630863856,0.9725916982175826,nan,0.9728552120129834,0.9735317579211369,0.0006949397414606733,0.0006765459081534697,5,5
1824.5168,87,87,138,72,0.9725916982175826,0.9735317579211369,0.000965617912210333,0.0009400597035542635,0.9725977183322834,nan,0.9728552120129834,0.9735317579211369,0.0006949397414606733,0.0006765459081534697,5,5
1828.1024,88,88,155,73,0.9725916982175826,0.9735317579211369,0.000965617912210333,0.0009400597035542635,0.9725979695574651,nan,0.9728552120129834,0.9735317579211369,0.0006949397414606733,0.0006765459081534697,5,5
1831.7521,89,89,156,74,0.9725925461226178,0.9735317579211369,0.0009647469544544252,0.0009392117985190795,0.9727275612968728,nan,0.9728552120129834,0.9735317579211369,0.0006949397414606733,0.0006765459081534697,5,5
1835.3199,90,90,153,75,0.9725925461226178,0.9735317579211369,0.0009647469544544252,0.0009392117985190795,0.9725954637711093,nan,0.9728552120129834,0.9735317579211369,0.0006949397414606733,0.0006765459081534697,5,5
1838.9896,91,91,154,76,0.9725927950818631,0.9735317579211369,0.0009644912265407699,0.0009389628392737492,0.9725962159933148,nan,0.9728552120129834,0.9735317579211369,0.0006949397414606733,0.0006765459081534697,5,5
1842.6178,92,92,143,77,0.9725909126482158,0.9735317579211369,0.0009664248395246063,0.0009408452729210426,0.9725909126482158,nan,0.9728552120129834,0.9735317579211369,0.0006949397414606733,0.0006765459081534697,5,5
1845.7842,93,93,167,78,0.9725909126482158,0.9735317579211369,0.0009664248395246063,0.0009408452729210426,0.9726176632244079,nan,0.9728552120129834,0.9735317579211369,0.0006949397414606733,0.0006765459081534697,5,5
1849.2496,94,94,168,79,0.9725927950818631,0.9735317579211369,0.0009644912265407699,0.0009389628392737492,0.9731226046786443,nan,0.9728552120129834,0.9735317579211369,0.0006949397414606733,0.0006765459081534697,5,5
1852.8865,95,95,144,80,0.9725928663626813,0.9735317579211369,0.000964418007749953,0.0009388915584556123,0.9725945181685498,nan,0.9728552120129834,0.9735317579211369,0.0006949397414606733,0.0006765459081534697,5,5
1856.0246,96,96,118,81,0.9725928663626813,0.9735317579211369,0.000964418007749953,0.0009388915584556123,0.972606308688452,nan,0.9728552120129834,0.9735317579211369,0.0006949397414606733,0.0006765459081534697,5,5
1859.2162,97,97,117,82,0.9725932849309231,0.9735317579211369,0.0009639880595346649,0.0009384729902137678,0.9725991144298023,nan,0.9728552120129834,0.9735317579211369,0.0006949397414606733,0.0006765459081534697,5,5
1862.3867,98,98,139,83,0.9725932849309231,0.9735317579211369,0.0009639880595346649,0.0009384729902137678,0.9726219948017057,nan,0.9728552120129834,0.9735317579211369,0.0006949397414606733,0.0006765459081534697,5,5
1865.8314,99,99,140,84,0.9725945181685498,0.9735317579211369,0.0009627212928199159,0.0009372397525870824,0.9731260188874501,nan,0.9728552120129834,0.9735317579211369,0.0006949397414606733,0.0006765459081534697,5,5
1869.0518,100,100,173,85,0.9725945181685498,0.9735317579211369,0.0009627212928199159,0.0009372397525870824,0.9726177846644141,nan,0.9728552120129834,0.9735317579211369,0.0006949397414606733,0.0006765459081534697,5,5
1872.4964,101,101,174,86,0.9725948206158347,0.9735317579211369,0.0009624106226415448,0.000936937305302199,0.9731223379413323,nan,0.9728552120129834,0.9735317579211369,0.0006949397414606733,0.0006765459081534697,5,5
1876.1448,102,102,151,87,0.9725948146892345,0.9735317579211369,0.0009624167103733136,0.0009369432319024096,0.9725948146892345,nan,0.9728552120129834,0.9735317579211369,0.0006949397414606733,0.0006765459081534697,5,5
1879.756,103,103,187,88,0.9725945498274757,0.9735317579211369,0.0009626887731556444,0.0009372080936611571,0.9725945498274757,nan,0.9728552120129834,0.9735317579211369,0.0006949397414606733,0.0006765459081534697,5,5
1882.9417,104,104,189,89,0.9725945498274757,0.9735317579211369,0.0009626887731556444,0.0009372080936611571,0.9726266565409175,nan,0.9728552120129834,0.9735317579211369,0.0006949397414606733,0.0006765459081534697,5,5
1886.9154,105,105,190,90,0.9725948146892345,0.9735317579211369,0.0009624167103733136,0.0009369432319024096,0.9730859639921783,nan,0.9728552120129834,0.9735317579211369,0.0006949397414606733,0.0006765459081534697,5,5
1890.5469,106,106,188,91,0.9725948206158347,0.9735317579211369,0.0009624106226415448,0.000936937305302199,0.9725979249882815,nan,0.9728552120129834,0.9735317579211369,0.0006949397414606733,0.0006765459081534697,5,5
1894.2037,107,107,152,92,0.9725954486643591,0.9735317579211369,0.0009617654988237555,0.0009363092567777898,0.9725954486643591,nan,0.9728552120129834,0.9735317579211369,0.0006949397414606733,0.0006765459081534697,5,5
1897.8169,108,108,197,93,0.9725953903267006,0.9735317579211369,0.0009618254225581453,0.0009363675944362715,0.9725953903267006,nan,0.9728552120129834,0.9735317579211369,0.0006949397414606733,0.0006765459081534697,5,5
1900.9767,109,109,199,94,0.9725953903267006,0.9735317579211369,0.0009618254225581453,0.0009363675944362715,0.9726229439281193,nan,0.9728552120129834,0.9735317579211369,0.0006949397414606733,0.0006765459081534697,5,5
1904.4616,110,110,200,95,0.9725954486643591,0.9735317579211369,0.0009617654988237555,0.0009363092567777898,0.9731272152336866,nan,0.9728552120129834,0.9735317579211369,0.0006949397414606733,0.0006765459081534697,5,5
1908.4425,111,111,198,96,0.9725948223643305,0.9735317579211369,0.0009624088266078989,0.0009369355568064064,0.9725948223643305,nan,0.9728552120129834,0.9735317579211369,0.0006949397414606733,0.0006765459081534697,5,5
1911.9909,112,112,205,97,0.9725948223643305,0.9735317579211369,0.0009624088266078989,0.0009369355568064064,0.9727291431931505,nan,0.9728552120129834,0.9735317579211369,0.0006949397414606733,0.0006765459081534697,5,5
1915.5893,113,113,206,98,0.9725954637711093,0.9735317579211369,0.0009617499813534098,0.0009362941500276056,0.9725981289055969,nan,0.9728552120129834,0.9735317579211369,0.0006949397414606733,0.0006765459081534697,5,5
1919.2179,114,114,163,99,0.9725954637711093,0.9735317579211369,0.0009617499813534098,0.0009362941500276056,0.9725959197446286,nan,0.9728552120129834,0.9735317579211369,0.0006949397414606733,0.0006765459081534697,5,5
1922.8631,115,115,164,100,0.9725957094846811,0.9735317579211369,0.000961497587356169,0.0009360484364557831,0.9727271468033696,nan,0.9728552120129834,0.9735317579211369,0.0006949397414606733,0.0006765459081534697,5,5
1926.0501,116,116,109,101,0.9725957094846811,0.9735317579211369,0.000961497587356169,0.0009360484364557831,0.9726206806807878,nan,0.9728552120129834,0.9735317579211369,0.0006949397414606733,0.0006765459081534697,5,5
1929.4839,117,117,110,102,0.9725959197446286,0.9735317579211369,0.0009612816108913622,0.0009358381765083301,0.9730170178122031,nan,0.9728552120129834,0.9735317579211369,0.0006949397414606733,0.0006765459081534697,5,5
1933.1548,118,118,211,103,0.9725934867971334,0.9735317579211369,0.0009637807050147319,0.0009382711240034647,0.9725934867971334,nan,0.9728552120129834,0.9735317579211369,0.0006949397414606733,0.0006765459081534697,5,5
1936.3056,119,119,219,104,0.9725934867971334,0.9735317579211369,0.0009637807050147319,0.0009382711240034647,0.9726203611872966,nan,0.9728552120129834,0.9735317579211369,0.0006949397414606733,0.0006765459081534697,5,5
1939.6897,120,120,220,105,0.9725959197446286,0.9735317579211369,0.0009612816108913622,0.0009358381765083301,0.9730507983480164,nan,0.9728552120129834,0.9735317579211369,0.0006949397414606733,0.0006765459081534697,5,5
1943.2707,121,121,212,106,0.9725941277775523,0.9735317579211369,0.0009631222977120034,0.0009376301435846113,0.9725941277775523,nan,0.9728552120129834,0.9735317579211369,0.0006949397414606733,0.0006765459081534697,5,5
1946.37,122,122,225,107,0.9725941168710767,0.9735317579211369,0.0009631335007113127,0.0009376410500602228,0.9725941168710767,nan,0.9728552120129834,0.9735317579211369,0.0006949397414606733,0.0006765459081534697,5,5
1949.1062,123,123,227,108,0.9725941168710767,0.9735317579211369,0.0009631335007113127,0.0009376410500602228,0.9726187779692529,nan,0.9728552120129834,0.9735317579211369,0.0006949397414606733,0.0006765459081534697,5,5
1952.0183,124,124,228,109,0.9725941277775523,0.9735317579211369,0.0009631222977120034,0.0009376301435846113,0.9730057519874806,nan,0.9728552120129834,0.9735317579211369,0.0006949397414606733,0.0006765459081534697,5,5
1955.1195,125,125,226,110,0.9725941168710767,0.9735317579211369,0.0009631335007113127,0.0009376410500602228,0.9725941168710767,nan,0.9728552120129834,0.9735317579211369,0.0006949397414606733,0.0006765459081534697,5,5
1957.8757,126,126,233,111,0.9725941168710767,0.9735317579211369,0.0009631335007113127,0.0009376410500602228,0.9726187779692529,nan,0.9728552120129834,0.9735317579211369,0.0006949397414606733,0.0006765459081534697,5,5
1960.7556,127,127,234,112,0.9725962159933148,0.9735317579211369,0.0009609773078382378,0.0009355419278220811,0.9730057519874806,nan,0.9728552120129834,0.9735317579211369,0.0006949397414606733,0.0006765459081534697,5,5
1964.4139,128,128,166,113,0.9725924673523191,0.9735317579211369,0.0009648278663487597,0.0009392905688178077,0.9725924673523191,nan,0.9728552120129834,0.9735317579211369,0.0006949397414606733,0.0006765459081534697,5,5
1967.6037,129,129,239,114,0.9725924673523191,0.9735317579211369,0.0009648278663487597,0.0009392905688178077,0.9726216863602746,nan,0.9728552120129834,0.9735317579211369,0.0006949397414606733,0.0006765459081534697,5,5
1971.0431,130,130,240,115,0.9725962159933148,0.9735317579211369,0.0009609773078382378,0.0009355419278220811,0.9731201307253038,nan,0.9728552120129834,0.9735317579211369,0.0006949397414606733,0.0006765459081534697,5,5
1974.6593,131,131,165,116,0.9725945298987112,0.9735317579211369,0.0009627092437405692,0.0009372280224256846,0.9725945298987112,nan,0.9728552120129834,0.9735317579211369,0.0006949397414606733,0.0006765459081534697,5,5
1978.2808,132,132,245,117,0.9725945298987112,0.9735317579211369,0.0009627092437405692,0.0009372280224256846,0.9725970087289868,nan,0.9728552120129834,0.9735317579211369,0.0006949397414606733,0.0006765459081534697,5,5
1981.8975,133,133,246,118,0.9725966019127859,0.9735317579211369,0.0009605808960438546,0.0009351560083510346,0.9725966088707376,nan,0.9728552120129834,0.9735317579211369,0.0006949397414606733,0.0006765459081534697,5,5
1985.5629,134,134,150,119,0.9725966019127859,0.9735317579211369,0.0009605808960438546,0.0009351560083510346,0.9725984183566578,nan,0.9728552120129834,0.9735317579211369,0.0006949397414606733,0.0006765459081534697,5,5
1989.2242,135,135,149,120,0.9725966088707376,0.9735317579211369,0.0009605737489202876,0.0009351490503992643,0.9727293911053642,nan,0.9728552120129834,0.9735317579211369,0.0006949397414606733,0.0006765459081534697,5,5
1992.8663,136,136,249,121,0.9725954656573058,0.9735317579211369,0.0009617480438752361,0.0009362922638310733,0.9725954656573058,nan,0.9728552120129834,0.9735317579211369,0.0006949397414606733,0.0006765459081534697,5,5
1996.4418,137,137,255,122,0.9725954518853959,0.9735317579211369,0.0009617621902138981,0.0009363060357410191,0.9725954518853959,nan,0.9728552120129834,0.9735317579211369,0.0006949397414606733,0.0006765459081534697,5,5
1999.6678,138,138,257,123,0.9725954518853959,0.9735317579211369,0.0009617621902138981,0.0009363060357410191,0.9726239069610736,nan,0.9728552120129834,0.9735317579211369,0.0006949397414606733,0.0006765459081534697,5,5
2003.1057,139,139,258,124,0.9725954656573058,0.9735317579211369,0.0009617480438752361,0.0009362922638310733,0.9730135230968178,nan,0.9728552120129834,0.9735317579211369,0.0006949397414606733,0.0006765459081534697,5,5
2006.7268,140,140,256,125,0.9725941446586674,0.9735317579211369,0.0009631049576354882,0.0009376132624694389,0.9725941446586674,nan,0.9728552120129834,0.9735317579211369,0.0006949397414606733,0.0006765459081534697,5,5
2009.9969,141,141,263,126,0.9725941446586674,0.9735317579211369,0.0009631049576354882,0.0009376132624694389,0.9726240084455129,nan,0.9728552120129834,0.9735317579211369,0.0006949397414606733,0.0006765459081534697,5,5
2013.4748,142,142,264,127,0.9725966088707376,0.9735317579211369,0.0009605737489202876,0.0009351490503992643,0.9730150049583153,nan,0.9728552120129834,0.9735317579211369,0.0006949397414606733,0.0006765459081534697,5,5
2017.0945,143,143,250,128,0.9725960726980538,0.9735317579211369,0.000961124498990272,0.0009356852230830714,0.9725960726980538,nan,0.9728552120129834,0.9735317579211369,0.0006949397414606733,0.0006765459081534697,5,5
2020.6869,144,144,269,129,0.9725960726980538,0.9735317579211369,0.000961124498990272,0.0009356852230830714,0.9725964016707733,nan,0.9728552120129834,0.9735317579211369,0.0006949397414606733,0.0006765459081534697,5,5
2024.3217,145,145,270,130,0.9725960108721015,0.9735317579211369,0.0009611880058577724,0.0009357470490354292,0.9725960108721015,nan,0.9728552120129834,0.9735317579211369,0.0006949397414606733,0.0006765459081534697,5,5
2027.9406,146,146,273,131,0.9725960108721015,0.9735317579211369,0.0009611880058577724,0.0009357470490354292,0.9725973572927993,nan,0.9728552120129834,0.9735317579211369,0.0006949397414606733,0.0006765459081534697,5,5
2031.555,147,147,274,132,0.9725947018073304,0.9735317579211369,0.0009625326612944087,0.0009370561138064559,0.9725947018073304,nan,0.9728552120129834,0.9735317579211369,0.0006949397414606733,0.0006765459081534697,5,5
2034.6697,148,148,277,133,0.9725947018073304,0.9735317579211369,0.0009625326612944087,0.0009370561138064559,0.9725959131519647,nan,0.9728552120129834,0.9735317579211369,0.0006949397414606733,0.0006765459081534697,5,5
2037.7787,149,149,278,134,0.9725959131519647,0.9735317579211369,0.0009612883827956228,0.0009358447691721894,0.9725959131519647,nan,0.9728552120129834,0.9735317579211369,0.0006949397414606733,0.0006765459081534697,5,5
2040.9538,150,150,279,135,0.9725959131519647,0.9735317579211369,0.0009612883827956228,0.0009358447691721894,0.9725974675107986,nan,0.9728552120129834,0.9735317579211369,0.0006949397414606733,0.0006765459081534697,5,5
2044.09,151,151,280,136,0.9725959131519647,0.9735317579211369,0.0009612883827956228,0.0009358447691721894,0.9725996187080043,nan,0.9728552120129834,0.9735317579211369,0.0006949397414606733,0.0006765459081534697,5,5
2046.8401,152,152,281,137,0.9725959131519647,0.9735317579211369,0.0009612883827956228,0.0009358447691721894,0.9726239877155156,nan,0.9728552120129834,0.9735317579211369,0.0006949397414606733,0.0006765459081534697,5,5
2049.7627,153,153,282,138,0.9725964016707733,0.9735317579211369,0.0009607865822075546,0.0009353562503635615,0.9730633402920015,nan,0.9728552120129834,0.9735317579211369,0.0006949397414606733,0.0006765459081534697,5,5
2052.9453,154,154,271,139,0.9725964016707733,0.9735317579211369,0.0009607865822075546,0.0009353562503635615,0.9726236739794665,nan,0.9728552120129834,0.9735317579211369,0.0006949397414606733,0.0006765459081534697,5,5
2056.3536,155,155,272,140,0.9725970087289868,0.9735317579211369,0.0009601630193822681,0.0009347491921500861,0.973015864487495,nan,0.9728552120129834,0.9735317579211369,0.0006949397414606733,0.0006765459081534697,5,5
2059.9632,156,156,247,141,0.972594550976966,0.9735317579211369,0.0009626875924131865,0.0009372069441708764,0.972594550976966,nan,0.9728552120129834,0.9735317579211369,0.0006949397414606733,0.0006765459081534697,5,5
2063.6354,157,157,295,142,0.972594550976966,0.9735317579211369,0.0009626875924131865,0.0009372069441708764,0.9725952593654641,nan,0.9728552120129834,0.9735317579211369,0.0006949397414606733,0.0006765459081534697,5,5
2067.2949,158,158,296,143,0.9725952593654641,0.9735317579211369,0.0009619599443500194,0.0009364985556727934,0.9725961843212916,nan,0.9728552120129834,0.9735317579211369,0.0006949397414606733,0.0006765459081534697,5,5
2070.498,159,159,297,144,0.9725952593654641,0.9735317579211369,0.0009619599443500194,0.0009364985556727934,0.9726230384202266,nan,0.9728552120129834,0.9735317579211369,0.0006949397414606733,0.0006765459081534697,5,5
2073.9464,160,160,298,145,0.9725961843212916,0.9735317579211369,0.0009610098409558979,0.0009355735998453074,0.9731212425758746,nan,0.9728552120129834,0.9735317579211369,0.0006949397414606733,0.0006765459081534697,5,5
2077.0412,161,161,299,146,0.972596181046975,0.9735317579211369,0.0009610132042941444,0.000935576874161903,0.972596181046975,nan,0.9728552120129834,0.9735317579211369,0.0006949397414606733,0.0006765459081534697,5,5
2080.2798,162,162,305,147,0.9725954640656272,0.9735317579211369,0.0009617496788281319,0.0009362938555096401,0.9725954640656272,nan,0.9728552120129834,0.9735317579211369,0.0006949397414606733,0.0006765459081534697,5,5
2082.9852,163,163,307,148,0.9725954640656272,0.9735317579211369,0.0009617496788281319,0.0009362938555096401,0.9726199437252383,nan,0.9728552120129834,0.9735317579211369,0.0006949397414606733,0.0006765459081534697,5,5
2085.8898,164,164,308,149,0.972596181046975,0.9735317579211369,0.0009610132042941444,0.000935576874161903,0.973052360058922,nan,0.9728552120129834,0.9735317579211369,0.0006949397414606733,0.0006765459081534697,5,5
2088.9793,165,165,306,150,0.9725951698721137,0.9735317579211369,0.0009620518708328165,0.0009365880490231904,0.9725951698721137,nan,0.9728552120129834,0.9735317579211369,0.0006949397414606733,0.0006765459081534697,5,5
2092.1342,166,166,313,151,0.9725951698721137,0.9735317579211369,0.0009620518708328165,0.0009365880490231904,0.9725974745620245,nan,0.9728552120129834,0.9735317579211369,0.0006949397414606733,0.0006765459081534697,5,5
2095.2919,167,167,314,152,0.9725961843212916,0.9735317579211369,0.0009610098409558979,0.0009355735998453074,0.9725970992663491,nan,0.9728552120129834,0.9735317579211369,0.0006949397414606733,0.0006765459081534697,5,5
2098.3845,168,168,300,153,0.972596181046975,0.9735317579211369,0.0009610132042941444,0.000935576874161903,0.972596181046975,nan,0.9728552120129834,0.9735317579211369,0.0006949397414606733,0.0006765459081534697,5,5
2101.0884,169,169,319,154,0.972596181046975,0.9735317579211369,0.0009610132042941444,0.000935576874161903,0.9726198169254425,nan,0.9728552120129834,0.9735317579211369,0.0006949397414606733,0.0006765459081534697,5,5
2103.9975,170,170,320,155,0.9725970087289868,0.9735317579211369,0.0009601630193822681,0.0009347491921500861,0.9730531563850505,nan,0.9728552120129834,0.9735317579211369,0.0006949397414606733,0.0006765459081534697,5,5
2107.6018,171,171,248,156,0.972595322543742,0.9735317579211369,0.0009618950483900997,0.0009364353773948508,0.972595322543742,nan,0.9728552120129834,0.9735317579211369,0.0006949397414606733,0.0006765459081534697,5,5
2111.2039,172,172,325,157,0.972595322543742,0.9735317579211369,0.0009618950483900997,0.0009364353773948508,0.9725967151876342,nan,0.9728552120129834,0.9735317579211369,0.0006949397414606733,0.0006765459081534697,5,5
2114.8324,173,173,326,158,0.9725967151876342,0.9735317579211369,0.0009604645414951011,0.0009350427335026446,0.9725970160774381,nan,0.9728552120129834,0.9735317579211369,0.0006949397414606733,0.0006765459081534697,5,5
2117.9846,174,174,327,159,0.9725967151876342,0.9735317579211369,0.0009604645414951011,0.0009350427335026446,0.9726236578765021,nan,0.9728552120129834,0.9735317579211369,0.0006949397414606733,0.0006765459081534697,5,5
2121.4267,175,175,328,160,0.9725970160774381,0.9735317579211369,0.0009601554711423344,0.0009347418436987942,0.9730131650173712,nan,0.9728552120129834,0.9735317579211369,0.0006949397414606733,0.0006765459081534697,5,5
2124.5666,176,176,329,161,0.9725958070907337,0.9735317579211369,0.0009613973276042096,0.0009359508304032094,0.9725958070907337,nan,0.9728552120129834,0.9735317579211369,0.0006949397414606733,0.0006765459081534697,5,5
2127.6416,177,177,335,162,0.9725958070907337,0.9735317579211369,0.0009613973276042096,0.0009359508304032094,0.9727265285838183,nan,0.9728552120129834,0.9735317579211369,0.0006949397414606733,0.0006765459081534697,5,5
2130.7745,178,178,336,163,0.972594789822045,0.9735317579211369,0.0009624422536484326,0.0009369680990919393,0.972594789822045,nan,0.9728552120129834,0.9735317579211369,0.0006949397414606733,0.0006765459081534697,5,5
2133.5484,179,179,339,164,0.972594789822045,0.9735317579211369,0.0009624422536484326,0.0009369680990919393,0.9726237819437104,nan,0.9728552120129834,0.9735317579211369,0.0006949397414606733,0.0006765459081534697,5,5
2136.464,180,180,340,165,0.9725970160774381,0.9735317579211369,0.0009601554711423344,0.0009347418436987942,0.973122281875693,nan,0.9728552120129834,0.9735317579211369,0.0006949397414606733,0.0006765459081534697,5,5
2139.5777,181,181,330,166,0.9725958070907337,0.9735317579211369,0.0009613973276042096,0.0009359508304032094,0.9725958070907337,nan,0.9728552120129834,0.9735317579211369,0.0006949397414606733,0.0006765459081534697,5,5
2142.6766,182,182,345,167,0.9725958070907337,0.9735317579211369,0.0009613973276042096,0.0009359508304032094,0.9727265285838183,nan,0.9728552120129834,0.9735317579211369,0.0006949397414606733,0.0006765459081534697,5,5
2145.7751,183,183,346,168,0.972594789822045,0.9735317579211369,0.0009624422536484326,0.0009369680990919393,0.972594789822045,nan,0.9728552120129834,0.9735317579211369,0.0006949397414606733,0.0006765459081534697,5,5
2148.9415,184,184,349,169,0.972594789822045,0.9735317579211369,0.0009624422536484326,0.0009369680990919393,0.9725958007454361,nan,0.9728552120129834,0.9735317579211369,0.0006949397414606733,0.0006765459081534697,5,5
2152.0414,185,185,350,170,0.9725958007454361,0.9735317579211369,0.0009614038454168738,0.00093595717570083,0.9725967194368055,nan,0.9728552120129834,0.9735317579211369,0.0006949397414606733,0.0006765459081534697,5,5
2154.6765,186,186,351,171,0.9725958007454361,0.9735317579211369,0.0009614038454168738,0.00093595717570083,0.9725970103581223,nan,0.9728552120129834,0.9735317579211369,0.0006949397414606733,0.0006765459081534697,5,5
2157.2918,187,187,352,172,0.9725967194368055,0.9735317579211369,0.0009604601767980047,0.0009350384843314075,0.9725970103581223,nan,0.9728552120129834,0.9735317579211369,0.0006949397414606733,0.0006765459081534697,5,5
2159.8809,188,188,353,173,0.9725967194368055,0.9735317579211369,0.0009604601767980047,0.0009350384843314075,0.9725979304720871,nan,0.9728552120129834,0.9735317579211369,0.0006949397414606733,0.0006765459081534697,5,5
2162.5129,189,189,354,174,0.9725970103581223,0.9735317579211369,0.0009601613459540723,0.0009347475630145929,0.9725979304720871,nan,0.9728552120129834,0.9735317579211369,0.0006949397414606733,0.0006765459081534697,5,5
2164.7814,190,190,355,175,0.9725970103581223,0.9735317579211369,0.0009601613459540723,0.0009347475630145929,0.9726238656421424,nan,0.9728552120129834,0.9735317579211369,0.0006949397414606733,0.0006765459081534697,5,5
2167.1889,191,191,356,176,0.9725970103581223,0.9735317579211369,0.0009601613459540723,0.0009347475630145929,0.9731229864868188,nan,0.9728552120129834,0.9735317579211369,0.0006949397414606733,0.0006765459081534697,5,5
2169.4444,192,192,357,177,0.9725970103581223,0.9735317579211369,0.0009601613459540723,0.0009347475630145929,0.9726238656421424,nan,0.9728552120129834,0.9735317579211369,0.0006949397414606733,0.0006765459081534697,5,5
2171.8521,193,193,358,178,0.9725970992663491,0.9735317579211369,0.0009600700205031486,0.0009346586547878122,0.9731229864868188,nan,0.9728552120129834,0.9735317579211369,0.0006949397414606733,0.0006765459081534697,5,5
2174.4516,194,194,317,179,0.9725970992663491,0.9735317579211369,0.0009600700205031486,0.0009346586547878122,0.9725983107939216,nan,0.9728552120129834,0.9735317579211369,0.0006949397414606733,0.0006765459081534697,5,5
2177.0573,195,195,318,180,0.9725971249415843,0.9735317579211369,0.0009600436472132561,0.000934632979552541,0.9725983107939216,nan,0.9728552120129834,0.9735317579211369,0.0006949397414606733,0.0006765459081534697,5,5
2180.6539,196,196,145,181,0.9725971249415843,0.9735317579211369,0.0009600436472132561,0.000934632979552541,0.9726019069832902,nan,0.9728552120129834,0.9735317579211369,0.0006949397414606733,0.0006765459081534697,5,5
2184.2578,197,197,146,182,0.9725973572927993,0.9735317579211369,0.0009598049788667492,0.0009344006283376061,0.9726006070460311,nan,0.9728552120129834,0.9735317579211369,0.0006949397414606733,0.0006765459081534697,5,5
2187.7674,198,198,275,183,0.9725973572927993,0.9735317579211369,0.0009598049788667492,0.0009344006283376061,0.9726239957271464,nan,0.9728552120129834,0.9735317579211369,0.0006949397414606733,0.0006765459081534697,5,5
2191.3552,199,199,276,184,0.9725974675107986,0.9735317579211369,0.0009596917642762789,0.0009342904103383232,0.97306359882049,nan,0.9728552120129834,0.9735317579211369,0.0006949397414606733,0.0006765459081534697,5,5
2194.0982,200,200,283,185,0.9725974675107986,0.9735317579211369,0.0009596917642762789,0.0009342904103383232,0.9726240626239518,nan,0.9728552120129834,0.9735317579211369,0.0006949397414606733,0.0006765459081534697,5,5
2197.0528,201,201,284,186,0.9725974745620245,0.9735317579211369,0.000959684521342621,0.0009342833591123867,0.9730630367287859,nan,0.9728552120129834,0.9735317579211369,0.0006949397414606733,0.0006765459081534697,5,5
2199.7061,202,202,315,187,0.9725974743971912,0.9735317579211369,0.0009596846906573422,0.0009342835239456448,0.9725974743971912,nan,0.9728552120129834,0.9735317579211369,0.0006949397414606733,0.0006765459081534697,5,5
2201.951,203,203,387,188,0.9725974743971912,0.9735317579211369,0.0009596846906573422,0.0009342835239456448,0.9726237044091137,nan,0.9728552120129834,0.9735317579211369,0.0006949397414606733,0.0006765459081534697,5,5
2204.3755,204,204,388,189,0.9725974745620245,0.9735317579211369,0.000959684521342621,0.0009342833591123867,0.9730526760186254,nan,0.9728552120129834,0.9735317579211369,0.0006949397414606733,0.0006765459081534697,5,5
2207.0209,205,205,316,190,0.9725974743971912,0.9735317579211369,0.0009596846906573422,0.0009342835239456448,0.9725974743971912,nan,0.9728552120129834,0.9735317579211369,0.0006949397414606733,0.0006765459081534697,5,5
2209.2866,206,206,393,191,0.9725974743971912,0.9735317579211369,0.0009596846906573422,0.0009342835239456448,0.9726237044091137,nan,0.9728552120129834,0.9735317579211369,0.0006949397414606733,0.0006765459081534697,5,5
2211.6803,207,207,394,192,0.9725977183322834,0.9735317579211369,0.0009594341234928497,0.0009340395888535191,0.9730526760186254,nan,0.9728552120129834,0.9735317579211369,0.0006949397414606733,0.0006765459081534697,5,5
2214.9845,208,208,158,193,0.9725964276560934,0.9735317579211369,0.000960759890402273,0.0009353302650434436,0.9725964276560934,nan,0.9728552120129834,0.9735317579211369,0.0006949397414606733,0.0006765459081534697,5,5
2218.0777,209,209,399,194,0.9725964276560934,0.9735317579211369,0.000960759890402273,0.0009353302650434436,0.9725967363342919,nan,0.9728552120129834,0.9735317579211369,0.0006949397414606733,0.0006765459081534697,5,5
2221.3255,210,210,400,195,0.9725967363342919,0.9735317579211369,0.0009604428199051529,0.0009350215868449974,0.9725979048710237,nan,0.9728552120129834,0.9735317579211369,0.0006949397414606733,0.0006765459081534697,5,5
2224.4492,211,211,401,196,0.9725967363342919,0.9735317579211369,0.0009604428199051529,0.0009350215868449974,0.9727324788273513,nan,0.9728552120129834,0.9735317579211369,0.0006949397414606733,0.0006765459081534697,5,5
2227.582,212,212,402,197,0.9725977183322834,0.9735317579211369,0.0009594341234928497,0.0009340395888535191,0.9725980327760821,nan,0.9728552120129834,0.9735317579211369,0.0006949397414606733,0.0006765459081534697,5,5
2230.6753,213,213,157,198,0.9725964276560934,0.9735317579211369,0.000960759890402273,0.0009353302650434436,0.9725964276560934,nan,0.9728552120129834,0.9735317579211369,0.0006949397414606733,0.0006765459081534697,5,5
2233.7617,214,214,409,199,0.9725964276560934,0.9735317579211369,0.000960759890402273,0.0009353302650434436,0.9725967363342919,nan,0.9728552120129834,0.9735317579211369,0.0006949397414606733,0.0006765459081534697,5,5
2236.9499,215,215,410,200,0.9725967363342919,0.9735317579211369,0.0009604428199051529,0.0009350215868449974,0.9725979048710237,nan,0.9728552120129834,0.9735317579211369,0.0006949397414606733,0.0006765459081534697,5,5
2240.0479,216,216,411,201,0.9725967363342919,0.9735317579211369,0.0009604428199051529,0.0009350215868449974,0.9727324788273513,nan,0.9728552120129834,0.9735317579211369,0.0006949397414606733,0.0006765459081534697,5,5
2243.1574,217,217,412,202,0.9725979048710237,0.9735317579211369,0.000959242513163936,0.0009338530501131759,0.9725980327760821,nan,0.9728552120129834,0.9735317579211369,0.0006949397414606733,0.0006765459081534697,5,5
2246.2391,218,218,403,203,0.9725979048710237,0.9735317579211369,0.000959242513163936,0.0009338530501131759,0.9727314945427734,nan,0.9728552120129834,0.9735317579211369,0.0006949397414606733,0.0006765459081534697,5,5
2249.3728,219,219,404,204,0.9725979048710237,0.9735317579211369,0.000959242513163936,0.0009338530501131759,0.9725990962160963,nan,0.9728552120129834,0.9735317579211369,0.0006949397414606733,0.0006765459081534697,5,5
2252.2504,220,220,414,205,0.9725979048710237,0.9735317579211369,0.000959242513163936,0.0009338530501131759,0.973017450825317,nan,0.9728552120129834,0.9735317579211369,0.0006949397414606733,0.0006765459081534697,5,5
2254.9701,221,221,413,206,0.9725979249882815,0.9735317579211369,0.0009592218489610635,0.0009338329328554273,0.9726231132725662,nan,0.9728552120129834,0.9735317579211369,0.0006949397414606733,0.0006765459081534697,5,5
2258.5746,222,222,196,207,0.9725967933355144,0.9735317579211369,0.0009603842689415546,0.0009349645856224775,0.9725967933355144,nan,0.9728552120129834,0.9735317579211369,0.0006949397414606733,0.0006765459081534697,5,5
2262.1637,223,223,427,208,0.9725967933355144,0.9735317579211369,0.0009603842689415546,0.0009349645856224775,0.9725972758240201,nan,0.9728552120129834,0.9735317579211369,0.0006949397414606733,0.0006765459081534697,5,5
2265.7369,224,224,428,209,0.9725972758240201,0.9735317579211369,0.0009598886626074227,0.0009344820971167733,0.9725980213329791,nan,0.9728552120129834,0.9735317579211369,0.0006949397414606733,0.0006765459081534697,5,5
2269.3488,225,225,429,210,0.9725972758240201,0.9735317579211369,0.0009598886626074227,0.0009344820971167733,0.972597578945272,nan,0.9728552120129834,0.9735317579211369,0.0006949397414606733,0.0006765459081534697,5,5
2272.9254,226,226,430,211,0.9725969480559155,0.9735317579211369,0.0009602253420243917,0.000934809865221431,0.9725969480559155,nan,0.9728552120129834,0.9735317579211369,0.0006949397414606733,0.0006765459081534697,5,5
2276.088,227,227,435,212,0.9725969480559155,0.9735317579211369,0.0009602253420243917,0.000934809865221431,0.9726234901519404,nan,0.9728552120129834,0.9735317579211369,0.0006949397414606733,0.0006765459081534697,5,5
2279.5277,228,228,436,213,0.972597578945272,0.9735317579211369,0.00095957730013834,0.0009341789758648966,0.9730859276133517,nan,0.9728552120129834,0.9735317579211369,0.0006949397414606733,0.0006765459081534697,5,5
2283.1062,229,229,433,214,0.972597578945272,0.9735317579211369,0.00095957730013834,0.0009341789758648966,0.9725976081105783,nan,0.9728552120129834,0.9735317579211369,0.0006949397414606733,0.0006765459081534697,5,5
2286.7076,230,230,434,215,0.9725957430093212,0.9735317579211369,0.0009614631512529898,0.000936014911815719,0.9725957430093212,nan,0.9728552120129834,0.9735317579211369,0.0006949397414606733,0.0006765459081534697,5,5
2289.8894,231,231,443,216,0.9725957430093212,0.9735317579211369,0.0009614631512529898,0.000936014911815719,0.972624793373325,nan,0.9728552120129834,0.9735317579211369,0.0006949397414606733,0.0006765459081534697,5,5
2293.2767,232,232,444,217,0.9725976081105783,0.9735317579211369,0.0009595473418898866,0.0009341498105586155,0.9730830922587811,nan,0.9728552120129834,0.9735317579211369,0.0006949397414606733,0.0006765459081534697,5,5
2296.5048,233,233,441,218,0.9725976081105783,0.9735317579211369,0.0009595473418898866,0.0009341498105586155,0.9726248016508573,nan,0.9728552120129834,0.9735317579211369,0.0006949397414606733,0.0006765459081534697,5,5
2299.9135,234,234,442,219,0.9725979249882815,0.9735317579211369,0.0009592218489610635,0.0009338329328554273,0.9730831070547882,nan,0.9728552120129834,0.9735317579211369,0.0006949397414606733,0.0006765459081534697,5,5
2303.5099,235,235,195,220,0.9725979304720871,0.9735317579211369,0.0009592162160625091,0.0009338274490497955,0.9725984871672124,nan,0.9728552120129834,0.9735317579211369,0.0006949397414606733,0.0006765459081534697,5,5
2305.805,236,236,359,221,0.9725979304720871,0.9735317579211369,0.0009592162160625091,0.0009338274490497955,0.9726238576752407,nan,0.9728552120129834,0.9735317579211369,0.0006949397414606733,0.0006765459081534697,5,5
2308.1764,237,237,362,222,0.9725979304720871,0.9735317579211369,0.0009592162160625091,0.0009338274490497955,0.9731223656226015,nan,0.9728552120129834,0.9735317579211369,0.0006949397414606733,0.0006765459081534697,5,5
2310.5688,238,238,360,223,0.9725979304720871,0.9735317579211369,0.0009592162160625091,0.0009338274490497955,0.9731223656226015,nan,0.9728552120129834,0.9735317579211369,0.0006949397414606733,0.0006765459081534697,5,5
2312.7893,239,239,361,224,0.9725979695574651,0.9735317579211369,0.0009591760680368004,0.0009337883636717503,0.9726238576752407,nan,0.9728552120129834,0.9735317579211369,0.0006949397414606733,0.0006765459081534697,5,5
2316.3607,240,240,160,225,0.9725979695574651,0.9735317579211369,0.0009591760680368004,0.0009337883636717503,0.9725988102313254,nan,0.9728552120129834,0.9735317579211369,0.0006949397414606733,0.0006765459081534697,5,5
2319.994,241,241,159,226,0.972597608251059,0.9735317579211369,0.0009595471975897782,0.0009341496700778773,0.972597608251059,nan,0.9728552120129834,0.9735317579211369,0.0006949397414606733,0.0006765459081534697,5,5
2323.1125,242,242,465,227,0.972597608251059,0.9735317579211369,0.0009595471975897782,0.0009341496700778773,0.9725976091885384,nan,0.9728552120129834,0.9735317579211369,0.0006949397414606733,0.0006765459081534697,5,5
2326.2142,243,243,466,228,0.9725976091885384,0.9735317579211369,0.0009595462346222944,0.0009341487325984499,0.9725976091885384,nan,0.9728552120129834,0.9735317579211369,0.0006949397414606733,0.0006765459081534697,5,5
2329.3391,244,244,467,229,0.9725976091885384,0.9735317579211369,0.0009595462346222944,0.0009341487325984499,0.9725984696028306,nan,0.9728552120129834,0.9735317579211369,0.0006949397414606733,0.0006765459081534697,5,5
2332.413,245,245,468,230,0.9725976091885384,0.9735317579211369,0.0009595462346222944,0.0009341487325984499,0.9725979159218355,nan,0.9728552120129834,0.9735317579211369,0.0006949397414606733,0.0006765459081534697,5,5
2335.5248,246,246,469,231,0.9725976091885384,0.9735317579211369,0.0009595462346222944,0.0009341487325984499,0.9725984696028306,nan,0.9728552120129834,0.9735317579211369,0.0006949397414606733,0.0006765459081534697,5,5
2338.6601,247,247,470,232,0.9725979159218355,0.9735317579211369,0.0009592311619042249,0.0009338419993013547,0.9725979159218355,nan,0.9728552120129834,0.9735317579211369,0.0006949397414606733,0.0006765459081534697,5,5
2341.4319,248,248,473,233,0.9725979159218355,0.9735317579211369,0.0009592311619042249,0.0009338419993013547,0.9726236491001732,nan,0.9728552120129834,0.9735317579211369,0.0006949397414606733,0.0006765459081534697,5,5
2344.3559,249,249,474,234,0.9725979159218355,0.9735317579211369,0.0009592311619042249,0.0009338419993013547,0.9730129974617618,nan,0.9728552120129834,0.9735317579211369,0.0006949397414606733,0.0006765459081534697,5,5
2347.476,250,250,477,235,0.9725979159218355,0.9735317579211369,0.0009592311619042249,0.0009338419993013547,0.9725990048462932,nan,0.9728552120129834,0.9735317579211369,0.0006949397414606733,0.0006765459081534697,5,5
2350.6057,251,251,478,236,0.9725980213329791,0.9735317579211369,0.0009591228848575503,0.0009337365881577631,0.9725997030164867,nan,0.9728552120129834,0.9735317579211369,0.0006949397414606733,0.0006765459081534697,5,5
2353.7109,252,252,431,237,0.9725980213329791,0.9735317579211369,0.0009591228848575503,0.0009337365881577631,0.9725991975122965,nan,0.9728552120129834,0.9735317579211369,0.0006949397414606733,0.0006765459081534697,5,5
2356.8165,253,253,432,238,0.9725980327760821,0.9735317579211369,0.0009591111306410826,0.0009337251450547424,0.9725991975122965,nan,0.9728552120129834,0.9735317579211369,0.0006949397414606733,0.0006765459081534697,5,5
2359.9139,254,254,417,239,0.9725980327760821,0.9735317579211369,0.0009591111306410826,0.0009337251450547424,0.972599270534547,nan,0.9728552120129834,0.9735317579211369,0.0006949397414606733,0.0006765459081534697,5,5
2363.0199,255,255,418,240,0.9725980327760821,0.9735317579211369,0.0009591111306410826,0.0009337251450547424,0.9725994994242413,nan,0.9728552120129834,0.9735317579211369,0.0006949397414606733,0.0006765459081534697,5,5
2366.1287,256,256,407,241,0.9725980327760821,0.9735317579211369,0.0009591111306410826,0.0009337251450547424,0.972599270534547,nan,0.9728552120129834,0.9735317579211369,0.0006949397414606733,0.0006765459081534697,5,5
2369.2241,257,257,408,242,0.9725981289055969,0.9735317579211369,0.000959012387570802,0.0009336290155399496,0.9725994994242413,nan,0.9728552120129834,0.9735317579211369,0.0006949397414606733,0.0006765459081534697,5,5
2372.8097,258,258,209,243,0.9725954886906889,0.9735317579211369,0.0009617243842638241,0.0009362692304479836,0.9725954886906889,nan,0.9728552120129834,0.9735317579211369,0.0006949397414606733,0.0006765459081534697,5,5
2375.9534,259,259,499,244,0.9725954886906889,0.9735317579211369,0.0009617243842638241,0.0009362692304479836,0.972625893772885,nan,0.9728552120129834,0.9735317579211369,0.0006949397414606733,0.0006765459081534697,5,5
2379.3941,260,260,500,245,0.9725981289055969,0.9735317579211369,0.000959012387570802,0.0009336290155399496,0.973131544217813,nan,0.9728552120129834,0.9735317579211369,0.0006949397414606733,0.0006765459081534697,5,5
2382.9706,261,261,210,246,0.9725971216642523,0.9735317579211369,0.0009600470136489638,0.0009346362568846134,0.9725971216642523,nan,0.9728552120129834,0.9735317579211369,0.0006949397414606733,0.0006765459081534697,5,5
2386.5787,262,262,505,247,0.9725971216642523,0.9735317579211369,0.0009600470136489638,0.0009346362568846134,0.9725984196274867,nan,0.9728552120129834,0.9735317579211369,0.0006949397414606733,0.0006765459081534697,5,5
2390.1886,263,263,506,248,0.9725975496617462,0.9735317579211369,0.0009596073798204749,0.000934208259390723,0.9725975496617462,nan,0.9728552120129834,0.9735317579211369,0.0006949397414606733,0.0006765459081534697,5,5
2393.7806,264,264,509,249,0.9725974910453783,0.9735317579211369,0.0009596675898417646,0.0009342668757585937,0.9725974910453783,nan,0.9728552120129834,0.9735317579211369,0.0006949397414606733,0.0006765459081534697,5,5
2396.9438,265,265,511,250,0.9725974910453783,0.9735317579211369,0.0009596675898417646,0.0009342668757585937,0.9726256803883553,nan,0.9728552120129834,0.9735317579211369,0.0006949397414606733,0.0006765459081534697,5,5
2400.3591,266,266,512,251,0.9725975496617462,0.9735317579211369,0.0009596073798204749,0.000934208259390723,0.9730852249130082,nan,0.9728552120129834,0.9735317579211369,0.0006949397414606733,0.0006765459081534697,5,5
2403.995,267,267,510,252,0.9725963804257363,0.9735317579211369,0.000960808404851644,0.0009353774954006244,0.9725963804257363,nan,0.9728552120129834,0.9735317579211369,0.0006949397414606733,0.0006765459081534697,5,5
2407.6071,268,268,517,253,0.9725963804257363,0.9735317579211369,0.000960808404851644,0.0009353774954006244,0.9725983625431573,nan,0.9728552120129834,0.9735317579211369,0.0006949397414606733,0.0006765459081534697,5,5
2411.2261,269,269,518,254,0.9725975385713254,0.9735317579211369,0.0009596187717660522,0.000934219349811527,0.9725975385713254,nan,0.9728552120129834,0.9735317579211369,0.0006949397414606733,0.0006765459081534697,5,5
2414.3925,270,270,521,255,0.9725975385713254,0.9735317579211369,0.0009596187717660522,0.000934219349811527,0.9725987329509667,nan,0.9728552120129834,0.9735317579211369,0.0006949397414606733,0.0006765459081534697,5,5
2417.5273,271,271,522,256,0.9725983107939216,0.9735317579211369,0.0009588255540924444,0.0009334471272153255,0.9725987329509667,nan,0.9728552120129834,0.9735317579211369,0.0006949397414606733,0.0006765459081534697,5,5
2419.8081,272,272,371,257,0.9725983107939216,0.9735317579211369,0.0009588255540924444,0.0009334471272153255,0.9726236966597399,nan,0.9728552120129834,0.9735317579211369,0.0006949397414606733,0.0006765459081534697,5,5
2422.2027,273,273,372,258,0.9725983107939216,0.9735317579211369,0.0009588255540924444,0.0009334471272153255,0.9730530188460211,nan,0.9728552120129834,0.9735317579211369,0.0006949397414606733,0.0006765459081534697,5,5
2424.6258,274,274,374,259,0.9725983107939216,0.9735317579211369,0.0009588255540924444,0.0009334471272153255,0.9730530188460211,nan,0.9728552120129834,0.9735317579211369,0.0006949397414606733,0.0006765459081534697,5,5
2426.8893,275,275,373,260,0.9725983625431573,0.9735317579211369,0.000958772397905844,0.0009333953779795401,0.9726236966597399,nan,0.9728552120129834,0.9735317579211369,0.0006949397414606733,0.0006765459081534697,5,5
2430.0068,276,276,519,261,0.9725983625431573,0.9735317579211369,0.000958772397905844,0.0009333953779795401,0.9725983656865318,nan,0.9728552120129834,0.9735317579211369,0.0006949397414606733,0.0006765459081534697,5,5
2433.1098,277,277,520,262,0.9725983656865318,0.9735317579211369,0.0009587691690697798,0.0009333922346050905,0.9725983656865318,nan,0.9728552120129834,0.9735317579211369,0.0006949397414606733,0.0006765459081534697,5,5
2435.7369,278,278,535,263,0.9725971702163579,0.9735317579211369,0.0009599971415155956,0.0009345877047789442,0.9725971702163579,nan,0.9728552120129834,0.9735317579211369,0.0006949397414606733,0.0006765459081534697,5,5
2438.0652,279,279,539,264,0.9725971702163579,0.9735317579211369,0.0009599971415155956,0.0009345877047789442,0.9726238780665308,nan,0.9728552120129834,0.9735317579211369,0.0006949397414606733,0.0006765459081534697,5,5
2440.4758,280,280,540,265,0.9725983656865318,0.9735317579211369,0.0009587691690697798,0.0009333922346050905,0.9730712281950991,nan,0.9728552120129834,0.9735317579211369,0.0006949397414606733,0.0006765459081534697,5,5
2443.0642,281,281,536,266,0.9725971702163579,0.9735317579211369,0.0009599971415155956,0.0009345877047789442,0.9725971702163579,nan,0.9728552120129834,0.9735317579211369,0.0006949397414606733,0.0006765459081534697,5,5
2445.3163,282,282,545,267,0.9725971702163579,0.9735317579211369,0.0009599971415155956,0.0009345877047789442,0.9726238780665308,nan,0.9728552120129834,0.9735317579211369,0.0006949397414606733,0.0006765459081534697,5,5
2447.6992,283,283,546,268,0.9725983656865318,0.9735317579211369,0.0009587691690697798,0.0009333922346050905,0.9730712281950991,nan,0.9728552120129834,0.9735317579211369,0.0006949397414606733,0.0006765459081534697,5,5
2450.4192,284,284,537,269,0.9725983656865318,0.9735317579211369,0.0009587691690697798,0.0009333922346050905,0.9726238780668339,nan,0.9728552120129834,0.9735317579211369,0.0006949397414606733,0.0006765459081534697,5,5
2453.3442,285,285,538,270,0.9725984183566578,0.9735317579211369,0.0009587150669558941,0.0009333395644790521,0.973071225132055,nan,0.9728552120129834,0.9735317579211369,0.0006949397414606733,0.0006765459081534697,5,5
2456.9362,286,286,251,271,0.9725948216966012,0.9735317579211369,0.0009624095124913442,0.0009369362245357227,0.9725948216966012,nan,0.9728552120129834,0.9735317579211369,0.0006949397414606733,0.0006765459081534697,5,5
2460.5629,287,287,555,272,0.9725948216966012,0.9735317579211369,0.0009624095124913442,0.0009369362245357227,0.972595453937412,nan,0.9728552120129834,0.9735317579211369,0.0006949397414606733,0.0006765459081534697,5,5
2464.1573,288,288,556,273,0.972595453937412,0.9735317579211369,0.0009617600824078652,0.0009363039837249065,0.9727260050785679,nan,0.9728552120129834,0.9735317579211369,0.0006949397414606733,0.0006765459081534697,5,5
2467.8131,289,289,557,274,0.972595453937412,0.9735317579211369,0.0009617600824078652,0.0009363039837249065,0.9725961420251495,nan,0.9728552120129834,0.9735317579211369,0.0006949397414606733,0.0006765459081534697,5,5
2471.4185,290,290,558,275,0.9725961420251495,0.9735317579211369,0.0009610532870393862,0.0009356158959873406,0.9725961717922152,nan,0.9728552120129834,0.9735317579211369,0.0006949397414606733,0.0006765459081534697,5,5
2474.6194,291,291,561,276,0.9725961420251495,0.9735317579211369,0.0009610532870393862,0.0009356158959873406,0.9726265552672506,nan,0.9728552120129834,0.9735317579211369,0.0006949397414606733,0.0006765459081534697,5,5
2478.0288,292,292,562,277,0.9725961717922152,0.9735317579211369,0.0009610227106709637,0.0009355861289216394,0.9730192662328279,nan,0.9728552120129834,0.9735317579211369,0.0006949397414606733,0.0006765459081534697,5,5
2481.2271,293,293,563,278,0.9725961717922152,0.9735317579211369,0.0009610227106709637,0.0009355861289216394,0.972626776759146,nan,0.9728552120129834,0.9735317579211369,0.0006949397414606733,0.0006765459081534697,5,5
2484.6652,294,294,564,279,0.9725984183566578,0.9735317579211369,0.0009587150669558941,0.0009333395644790521,0.9730227865046747,nan,0.9728552120129834,0.9735317579211369,0.0006949397414606733,0.0006765459081534697,5,5
2488.6571,295,295,252,280,0.9725984196274867,0.9735317579211369,0.0009587137615758937,0.0009333382936501655,0.9727277248557942,nan,0.9728552120129834,0.9735317579211369,0.0006949397414606733,0.0006765459081534697,5,5
2491.8914,296,296,507,281,0.9725984196274867,0.9735317579211369,0.0009587137615758937,0.0009333382936501655,0.9726235391740369,nan,0.9728552120129834,0.9735317579211369,0.0006949397414606733,0.0006765459081534697,5,5
2495.2973,297,297,508,282,0.9725984696028306,0.9735317579211369,0.0009586624275095353,0.0009332883183063023,0.9730701865818769,nan,0.9728552120129834,0.9735317579211369,0.0006949397414606733,0.0006765459081534697,5,5
2498.3889,298,298,475,283,0.9725984696028306,0.9735317579211369,0.0009586624275095353,0.0009332883183063023,0.9725998319873974,nan,0.9728552120129834,0.9735317579211369,0.0006949397414606733,0.0006765459081534697,5,5
2501.4739,299,299,476,284,0.9725984696028306,0.9735317579211369,0.0009586624275095353,0.0009332883183063023,0.9725987502796402,nan,0.9728552120129834,0.9735317579211369,0.0006949397414606733,0.0006765459081534697,5,5
2504.2013,300,300,471,285,0.9725984696028306,0.9735317579211369,0.0009586624275095353,0.0009332883183063023,0.9726234796007401,nan,0.9728552120129834,0.9735317579211369,0.0006949397414606733,0.0006765459081534697,5,5
2507.1207,301,301,472,286,0.9725984871672124,0.9735317579211369,0.0009586443855897982,0.0009332707539244645,0.9730164496319247,nan,0.9728552120129834,0.9735317579211369,0.0006949397414606733,0.0006765459081534697,5,5
2510.7318,302,302,453,287,0.972597046591953,0.9735317579211369,0.000960124127003156,0.0009347113291838793,0.972597046591953,nan,0.9728552120129834,0.9735317579211369,0.0006949397414606733,0.0006765459081534697,5,5
2513.9757,303,303,587,288,0.972597046591953,0.9735317579211369,0.000960124127003156,0.0009347113291838793,0.9726243815373683,nan,0.9728552120129834,0.9735317579211369,0.0006949397414606733,0.0006765459081534697,5,5
2517.4086,304,304,588,289,0.9725984871672124,0.9735317579211369,0.0009586443855897982,0.0009332707539244645,0.9730226870553687,nan,0.9728552120129834,0.9735317579211369,0.0006949397414606733,0.0006765459081534697,5,5
2521.0533,305,305,454,290,0.9725987329509667,0.9735317579211369,0.0009583919195020325,0.0009330249701702265,0.9725998923415862,nan,0.9728552120129834,0.9735317579211369,0.0006949397414606733,0.0006765459081534697,5,5
2523.7905,306,306,523,291,0.9725987329509667,0.9735317579211369,0.0009583919195020325,0.0009330249701702265,0.972623945426101,nan,0.9728552120129834,0.9735317579211369,0.0006949397414606733,0.0006765459081534697,5,5
2526.5021,307,307,525,292,0.9725987329509667,0.9735317579211369,0.0009583919195020325,0.0009330249701702265,0.972623945426101,nan,0.9728552120129834,0.9735317579211369,0.0006949397414606733,0.0006765459081534697,5,5
2529.4328,308,308,524,293,0.9725987329509667,0.9735317579211369,0.0009583919195020325,0.0009330249701702265,0.9730711945265924,nan,0.9728552120129834,0.9735317579211369,0.0006949397414606733,0.0006765459081534697,5,5
2532.3282,309,309,526,294,0.9725987502796402,0.9735317579211369,0.0009583741196990419,0.0009330076414967303,0.9730711945265924,nan,0.9728552120129834,0.9735317579211369,0.0006949397414606733,0.0006765459081534697,5,5
2535.0367,310,310,581,295,0.9725987502796402,0.9735317579211369,0.0009583741196990419,0.0009330076414967303,0.9726237052893096,nan,0.9728552120129834,0.9735317579211369,0.0006949397414606733,0.0006765459081534697,5,5
2537.926,311,311,582,296,0.9725988102313254,0.9735317579211369,0.0009583125380559213,0.0009329476898114475,0.9730167003269207,nan,0.9728552120129834,0.9735317579211369,0.0006949397414606733,0.0006765459081534697,5,5
2541.1346,312,312,463,297,0.9725988102313254,0.9735317579211369,0.0009583125380559213,0.0009329476898114475,0.972623979782456,nan,0.9728552120129834,0.9735317579211369,0.0006949397414606733,0.0006765459081534697,5,5
2544.5624,313,313,464,298,0.9725990048462932,0.9735317579211369,0.0009581126319242268,0.0009327530748436397,0.9730147056887496,nan,0.9728552120129834,0.9735317579211369,0.0006949397414606733,0.0006765459081534697,5,5
2547.6454,314,314,483,299,0.9725968023409403,0.9735317579211369,0.0009603750186774762,0.0009349555801966281,0.9725968023409403,nan,0.9728552120129834,0.9735317579211369,0.0006949397414606733,0.0006765459081534697,5,5
2550.3454,315,315,611,300,0.9725968023409403,0.9735317579211369,0.0009603750186774762,0.0009349555801966281,0.9726238899870876,nan,0.9728552120129834,0.9735317579211369,0.0006949397414606733,0.0006765459081534697,5,5
2553.2356,316,316,612,301,0.9725990048462932,0.9735317579211369,0.0009581126319242268,0.0009327530748436397,0.9730152808211457,nan,0.9728552120129834,0.9735317579211369,0.0006949397414606733,0.0006765459081534697,5,5
2556.3437,317,317,484,302,0.9725955245600002,0.9735317579211369,0.000961687539742824,0.0009362333611366846,0.9725955245600002,nan,0.9728552120129834,0.9735317579211369,0.0006949397414606733,0.0006765459081534697,5,5
2559.0702,318,318,617,303,0.9725955245600002,0.9735317579211369,0.000961687539742824,0.0009362333611366846,0.9726238489651461,nan,0.9728552120129834,0.9735317579211369,0.0006949397414606733,0.0006765459081534697,5,5
2561.9808,319,319,618,304,0.9725990962160963,0.9735317579211369,0.0009580187779720434,0.0009326617050405828,0.973013286428656,nan,0.9728552120129834,0.9735317579211369,0.0006949397414606733,0.0006765459081534697,5,5
2564.9621,320,320,422,305,0.9725990962160963,0.9735317579211369,0.0009580187779720434,0.0009326617050405828,0.9730183683020823,nan,0.9728552120129834,0.9735317579211369,0.0006949397414606733,0.0006765459081534697,5,5
2567.7065,321,321,421,306,0.9725991144298023,0.9735317579211369,0.0009580000690744243,0.0009326434913345949,0.9726252642188484,nan,0.9728552120129834,0.9735317579211369,0.0006949397414606733,0.0006765459081534697,5,5
2570.8615,322,322,178,307,0.9725991144298023,0.9735317579211369,0.0009580000690744243,0.0009326434913345949,0.9726082083882175,nan,0.9728552120129834,0.9735317579211369,0.0006949397414606733,0.0006765459081534697,5,5
2573.9892,323,323,177,308,0.9725991975122965,0.9735317579211369,0.0009579147277452466,0.0009325604088403772,0.9726038868408874,nan,0.9728552120129834,0.9735317579211369,0.0006949397414606733,0.0006765459081534697,5,5
2576.6937,324,324,487,309,0.9725991975122965,0.9735317579211369,0.0009579147277452466,0.0009325604088403772,0.972624857056408,nan,0.9728552120129834,0.9735317579211369,0.0006949397414606733,0.0006765459081534697,5,5
2579.5694,325,325,490,310,0.9725991975122965,0.9735317579211369,0.0009579147277452466,0.0009325604088403772,0.9730241473139105,nan,0.9728552120129834,0.9735317579211369,0.0006949397414606733,0.0006765459081534697,5,5
2582.4798,326,326,488,311,0.9725991975122965,0.9735317579211369,0.0009579147277452466,0.0009325604088403772,0.9730241473139105,nan,0.9728552120129834,0.9735317579211369,0.0006949397414606733,0.0006765459081534697,5,5
2585.2248,327,327,489,312,0.972599270534547,0.9735317579211369,0.000957839720176285,0.0009324873865899086,0.972624857056408,nan,0.9728552120129834,0.9735317579211369,0.0006949397414606733,0.0006765459081534697,5,5
2588.3231,328,328,495,313,0.972599270534547,0.9735317579211369,0.000957839720176285,0.0009324873865899086,0.9727311444942075,nan,0.9728552120129834,0.9735317579211369,0.0006949397414606733,0.0006765459081534697,5,5
2591.4416,329,329,496,314,0.972599270534547,0.9735317579211369,0.000957839720176285,0.0009324873865899086,0.9726008349451536,nan,0.9728552120129834,0.9735317579211369,0.0006949397414606733,0.0006765459081534697,5,5
2594.5628,330,330,491,315,0.972599270534547,0.9735317579211369,0.000957839720176285,0.0009324873865899086,0.9727311444942075,nan,0.9728552120129834,0.9735317579211369,0.0006949397414606733,0.0006765459081534697,5,5
2597.6339,331,331,492,316,0.9725994994242413,0.9735317579211369,0.0009576046074617311,0.0009322584968955994,0.9726008349451536,nan,0.9728552120129834,0.9735317579211369,0.0006949397414606733,0.0006765459081534697,5,5
2600.7397,332,332,498,317,0.9725994994242413,0.9735317579211369,0.0009576046074617311,0.0009322584968955994,0.9726015705300735,nan,0.9728552120129834,0.9735317579211369,0.0006949397414606733,0.0006765459081534697,5,5
2603.8137,333,333,494,318,0.9725994994242413,0.9735317579211369,0.0009576046074617311,0.0009322584968955994,0.9726015705300735,nan,0.9728552120129834,0.9735317579211369,0.0006949397414606733,0.0006765459081534697,5,5
2606.9538,334,334,497,319,0.9725994994242413,0.9735317579211369,0.0009576046074617311,0.0009322584968955994,0.9725999014221411,nan,0.9728552120129834,0.9735317579211369,0.0006949397414606733,0.0006765459081534697,5,5
2610.0387,335,335,493,320,0.9725995699128226,0.9735317579211369,0.0009575322024469675,0.0009321880083142942,0.9725999014221411,nan,0.9728552120129834,0.9735317579211369,0.0006949397414606733,0.0006765459081534697,5,5
2613.642,336,336,79,321,0.9725939702209294,0.9735317579211369,0.000963284137961772,0.0009377877002074708,0.9725939702209294,nan,0.9728552120129834,0.9735317579211369,0.0006949397414606733,0.0006765459081534697,5,5
2616.7902,337,337,655,322,0.9725939702209294,0.9735317579211369,0.000963284137961772,0.0009377877002074708,0.9726772202346134,nan,0.9728552120129834,0.9735317579211369,0.0006949397414606733,0.0006765459081534697,5,5
2620.2386,338,338,656,323,0.9725995699128226,0.9735317579211369,0.0009575322024469675,0.0009321880083142942,0.9731420186304969,nan,0.9728552120129834,0.9735317579211369,0.0006949397414606733,0.0006765459081534697,5,5
2623.836,339,339,80,324,0.9725996187080043,0.9735317579211369,0.0009574820806288799,0.0009321392131326212,0.9726796339560724,nan,0.9728552120129834,0.9735317579211369,0.0006949397414606733,0.0006765459081534697,5,5
2626.4529,340,340,286,325,0.9725984077317369,0.9735317579211369,0.0009587259807456669,0.0009333501893999951,0.9725984077317369,nan,0.9728552120129834,0.9735317579211369,0.0006949397414606733,0.0006765459081534697,5,5
2628.7101,341,341,663,326,0.9725984077317369,0.9735317579211369,0.0009587259807456669,0.0009333501893999951,0.9726246759449299,nan,0.9728552120129834,0.9735317579211369,0.0006949397414606733,0.0006765459081534697,5,5
2631.0678,342,342,664,327,0.9725996187080043,0.9735317579211369,0.0009574820806288799,0.0009321392131326212,0.9730826334217236,nan,0.9728552120129834,0.9735317579211369,0.0006949397414606733,0.0006765459081534697,5,5
2633.6875,343,343,285,328,0.9725984077317369,0.9735317579211369,0.0009587259807456669,0.0009333501893999951,0.9725984077317369,nan,0.9728552120129834,0.9735317579211369,0.0006949397414606733,0.0006765459081534697,5,5
2635.9224,344,344,669,329,0.9725984077317369,0.9735317579211369,0.0009587259807456669,0.0009333501893999951,0.9726246759449299,nan,0.9728552120129834,0.9735317579211369,0.0006949397414606733,0.0006765459081534697,5,5
2638.2867,345,345,670,330,0.9725997030164867,0.9735317579211369,0.0009573954799795106,0.0009320549046502036,0.9730826334217236,nan,0.9728552120129834,0.9735317579211369,0.0006949397414606733,0.0006765459081534697,5,5
2641.1734,346,346,486,331,0.9725997030164867,0.9735317579211369,0.0009573954799795106,0.0009320549046502036,0.9730781517802876,nan,0.9728552120129834,0.9735317579211369,0.0006949397414606733,0.0006765459081534697,5,5
2643.9146,347,347,485,332,0.9725998319873974,0.9735317579211369,0.0009572630026261223,0.0009319259337394747,0.9726238752887558,nan,0.9728552120129834,0.9735317579211369,0.0006949397414606733,0.0006765459081534697,5,5
2647.1045,348,348,579,333,0.9725984403771957,0.9735317579211369,0.0009586924477268259,0.0009333175439412145,0.9725984403771957,nan,0.9728552120129834,0.9735317579211369,0.0006949397414606733,0.0006765459081534697,5,5
2649.7225,349,349,679,334,0.9725984384299797,0.9735317579211369,0.0009586944478833983,0.0009333194911571585,0.9725984384299797,nan,0.9728552120129834,0.9735317579211369,0.0006949397414606733,0.0006765459081534697,5,5
2652.0185,350,350,681,335,0.9725984384299797,0.9735317579211369,0.0009586944478833983,0.0009333194911571585,0.972623494045582,nan,0.9728552120129834,0.9735317579211369,0.0006949397414606733,0.0006765459081534697,5,5
2654.4237,351,351,682,336,0.9725984403771957,0.9735317579211369,0.0009586924477268259,0.0009333175439412145,0.9730168031215696,nan,0.9728552120129834,0.9735317579211369,0.0006949397414606733,0.0006765459081534697,5,5
2657.0124,352,352,680,337,0.9725984384299797,0.9735317579211369,0.0009586944478833983,0.0009333194911571585,0.9725984384299797,nan,0.9728552120129834,0.9735317579211369,0.0006949397414606733,0.0006765459081534697,5,5
2659.3008,353,353,687,338,0.9725984384299797,0.9735317579211369,0.0009586944478833983,0.0009333194911571585,0.972623494045582,nan,0.9728552120129834,0.9735317579211369,0.0006949397414606733,0.0006765459081534697,5,5
2661.7121,354,354,688,339,0.9725998319873974,0.9735317579211369,0.0009572630026261223,0.0009319259337394747,0.9730168031215696,nan,0.9728552120129834,0.9735317579211369,0.0006949397414606733,0.0006765459081534697,5,5
2664.874,355,355,580,340,0.9725996542022401,0.9735317579211369,0.0009574456213807917,0.0009321037188967374,0.9725996542022401,nan,0.9728552120129834,0.9735317579211369,0.0006949397414606733,0.0006765459081534697,5,5
2667.5602,356,356,693,341,0.9725996542022401,0.9735317579211369,0.0009574456213807917,0.0009321037188967374,0.9726236789445573,nan,0.9728552120129834,0.9735317579211369,0.0006949397414606733,0.0006765459081534697,5,5
2670.4648,357,357,694,342,0.9725998923415862,0.9735317579211369,0.00095720100753632,0.0009318655795507169,0.973017399190089,nan,0.9728552120129834,0.9735317579211369,0.0006949397414606733,0.0006765459081534697,5,5
2673.6973,358,358,593,343,0.9725998923415862,0.9735317579211369,0.00095720100753632,0.0009318655795507169,0.9726243645299371,nan,0.9728552120129834,0.9735317579211369,0.0006949397414606733,0.0006765459081534697,5,5
2677.1154,359,359,594,344,0.9725999014221411,0.9735317579211369,0.0009571916801005165,0.0009318564989957423,0.9730660892924954,nan,0.9728552120129834,0.9735317579211369,0.0006949397414606733,0.0006765459081534697,5,5
2679.9937,360,360,654,345,0.9725999014221411,0.9735317579211369,0.0009571916801005165,0.0009318564989957423,0.9730685600272979,nan,0.9728552120129834,0.9735317579211369,0.0006949397414606733,0.0006765459081534697,5,5
2682.715,361,361,651,346,0.9725999014221411,0.9735317579211369,0.0009571916801005165,0.0009318564989957423,0.9726253384489855,nan,0.9728552120129834,0.9735317579211369,0.0006949397414606733,0.0006765459081534697,5,5
2685.6475,362,362,652,347,0.9725999014221411,0.9735317579211369,0.0009571916801005165,0.0009318564989957423,0.9730685600272979,nan,0.9728552120129834,0.9735317579211369,0.0006949397414606733,0.0006765459081534697,5,5
2688.3629,363,363,653,348,0.9726002129757756,0.9735317579211369,0.0009568716559904536,0.0009315449453612956,0.9726253384489855,nan,0.9728552120129834,0.9735317579211369,0.0006949397414606733,0.0006765459081534697,5,5
2691.9546,364,364,60,349,0.9726002129757756,0.9735317579211369,0.0009568716559904536,0.0009315449453612956,0.9726221293162656,nan,0.9728552120129834,0.9735317579211369,0.0006949397414606733,0.0006765459081534697,5,5
2695.5552,365,365,59,350,0.9726006070460311,0.9735317579211369,0.0009564668718092166,0.0009311508751057573,0.972618792316007,nan,0.9728552120129834,0.9735317579211369,0.0006949397414606733,0.0006765459081534697,5,5
2699.2044,366,366,377,351,0.9726006070460311,0.9735317579211369,0.0009564668718092166,0.0009311508751057573,0.9726007145166077,nan,0.9728552120129834,0.9735317579211369,0.0006949397414606733,0.0006765459081534697,5,5
2702.8585,367,367,378,352,0.9726000954406395,0.9735317579211369,0.0009569923866549767,0.0009316624804973639,0.9726000954406395,nan,0.9728552120129834,0.9735317579211369,0.0006949397414606733,0.0006765459081534697,5,5
2706.4911,368,368,717,353,0.9726000954406395,0.9735317579211369,0.0009569923866549767,0.0009316624804973639,0.9726026127022651,nan,0.9728552120129834,0.9735317579211369,0.0006949397414606733,0.0006765459081534697,5,5
2710.1294,369,369,718,354,0.9726007145166077,0.9735317579211369,0.000956356479338016,0.0009310434045292082,0.9726010234083781,nan,0.9728552120129834,0.9735317579211369,0.0006949397414606733,0.0006765459081534697,5,5
2713.7165,370,370,715,355,0.9726007145166077,0.9735317579211369,0.000956356479338016,0.0009310434045292082,0.9726022383056664,nan,0.9728552120129834,0.9735317579211369,0.0006949397414606733,0.0006765459081534697,5,5
2717.335,371,371,716,356,0.9726008349451536,0.9735317579211369,0.0009562327765980351,0.0009309229759832949,0.9726014228739066,nan,0.9728552120129834,0.9735317579211369,0.0006949397414606733,0.0006765459081534697,5,5
2720.4891,372,372,641,357,0.9726008349451536,0.9735317579211369,0.0009562327765980351,0.0009309229759832949,0.9727319373601593,nan,0.9728552120129834,0.9735317579211369,0.0006949397414606733,0.0006765459081534697,5,5
2723.5957,373,373,642,358,0.9725996330480674,0.9735317579211369,0.000957467350690159,0.0009321248730694842,0.9725996330480674,nan,0.9728552120129834,0.9735317579211369,0.0006949397414606733,0.0006765459081534697,5,5
2726.2999,374,374,729,359,0.9725996330480674,0.9735317579211369,0.000957467350690159,0.0009321248730694842,0.9726250853610163,nan,0.9728552120129834,0.9735317579211369,0.0006949397414606733,0.0006765459081534697,5,5
2729.245,375,375,730,360,0.9726008349451536,0.9735317579211369,0.0009562327765980351,0.0009309229759832949,0.9730787540468693,nan,0.9728552120129834,0.9735317579211369,0.0006949397414606733,0.0006765459081534697,5,5
2732.3732,376,376,645,361,0.9726008349451536,0.9735317579211369,0.0009562327765980351,0.0009309229759832949,0.9727319373601593,nan,0.9728552120129834,0.9735317579211369,0.0006949397414606733,0.0006765459081534697,5,5
2735.486,377,377,646,362,0.9725996330480674,0.9735317579211369,0.000957467350690159,0.0009321248730694842,0.9725996330480674,nan,0.9728552120129834,0.9735317579211369,0.0006949397414606733,0.0006765459081534697,5,5
2738.0977,378,378,737,363,0.9725996330480674,0.9735317579211369,0.000957467350690159,0.0009321248730694842,0.9726008467368181,nan,0.9728552120129834,0.9735317579211369,0.0006949397414606733,0.0006765459081534697,5,5
2740.697,379,379,738,364,0.9726008467368181,0.9735317579211369,0.000956220664343414,0.0009309111843187612,0.9726008467368181,nan,0.9728552120129834,0.9735317579211369,0.0006949397414606733,0.0006765459081534697,5,5
2742.9381,380,380,739,365,0.9726008467368181,0.9735317579211369,0.000956220664343414,0.0009309111843187612,0.9726250853607112,nan,0.9728552120129834,0.9735317579211369,0.0006949397414606733,0.0006765459081534697,5,5
2745.3148,381,381,740,366,0.9726008467368181,0.9735317579211369,0.000956220664343414,0.0009309111843187612,0.9730787631581936,nan,0.9728552120129834,0.9735317579211369,0.0006949397414606733,0.0006765459081534697,5,5
2747.5615,382,382,741,367,0.9726008467368181,0.9735317579211369,0.000956220664343414,0.0009309111843187612,0.9726250853607112,nan,0.9728552120129834,0.9735317579211369,0.0006949397414606733,0.0006765459081534697,5,5
2749.958,383,383,742,368,0.9726010234083781,0.9735317579211369,0.0009560391894623948,0.000930734512758824,0.9730787631581936,nan,0.9728552120129834,0.9735317579211369,0.0006949397414606733,0.0006765459081534697,5,5
2753.1168,384,384,721,369,0.9725998147244206,0.9735317579211369,0.000957280734946291,0.0009319431967163005,0.9725998147244206,nan,0.9728552120129834,0.9735317579211369,0.0006949397414606733,0.0006765459081534697,5,5
2755.8889,385,385,751,370,0.9725998147244206,0.9735317579211369,0.000957280734946291,0.0009319431967163005,0.9726289880976481,nan,0.9728552120129834,0.9735317579211369,0.0006949397414606733,0.0006765459081534697,5,5
2758.8111,386,386,752,371,0.9726010234083781,0.9735317579211369,0.0009560391894623948,0.000930734512758824,0.9730695543974847,nan,0.9728552120129834,0.9735317579211369,0.0006949397414606733,0.0006765459081534697,5,5
2761.9148,387,387,722,372,0.9725998147244206,0.9735317579211369,0.000957280734946291,0.0009319431967163005,0.9725998147244206,nan,0.9728552120129834,0.9735317579211369,0.0006949397414606733,0.0006765459081534697,5,5
2765.0651,388,388,757,373,0.9725998147244206,0.9735317579211369,0.000957280734946291,0.0009319431967163005,0.972602020073626,nan,0.9728552120129834,0.9735317579211369,0.0006949397414606733,0.0006765459081534697,5,5
2768.2041,389,389,758,374,0.9726014228739066,0.9735317579211369,0.0009556288633222415,0.0009303350472302796,0.9726035967366395,nan,0.9728552120129834,0.9735317579211369,0.0006949397414606733,0.0006765459081534697,5,5
2771.8099,390,390,725,375,0.9726014228739066,0.9735317579211369,0.0009556288633222415,0.0009303350472302796,0.9726030955251799,nan,0.9728552120129834,0.9735317579211369,0.0006949397414606733,0.0006765459081534697,5,5
2775.4138,391,391,726,376,0.9726015705300735,0.9735317579211369,0.0009554771927006644,0.0009301873910634306,0.9726025671562019,nan,0.9728552120129834,0.9735317579211369,0.0006949397414606733,0.0006765459081534697,5,5
2778.2965,392,392,648,377,0.9726015705300735,0.9735317579211369,0.0009554771927006644,0.0009301873910634306,0.9731325147718577,nan,0.9728552120129834,0.9735317579211369,0.0006949397414606733,0.0006765459081534697,5,5
2781.2259,393,393,650,378,0.9726015705300735,0.9735317579211369,0.0009554771927006644,0.0009301873910634306,0.9731325147718577,nan,0.9728552120129834,0.9735317579211369,0.0006949397414606733,0.0006765459081534697,5,5
2784.0756,394,394,647,379,0.9726015705300735,0.9735317579211369,0.0009554771927006644,0.0009301873910634306,0.9726254392694668,nan,0.9728552120129834,0.9735317579211369,0.0006949397414606733,0.0006765459081534697,5,5
2786.8847,395,395,649,380,0.9726019069832902,0.9735317579211369,0.0009551315920420376,0.000929850937846699,0.9726254392694668,nan,0.9728552120129834,0.9735317579211369,0.0006949397414606733,0.0006765459081534697,5,5
2791.0202,396,396,375,381,0.9726019069832902,0.9735317579211369,0.0009551315920420376,0.000929850937846699,0.972731023463041,nan,0.9728552120129834,0.9735317579211369,0.0006949397414606733,0.0006765459081534697,5,5
2794.6186,397,397,376,382,0.972602020073626,0.9735317579211369,0.0009550154270224144,0.0009297378475109364,0.972602218501612,nan,0.9728552120129834,0.9735317579211369,0.0006949397414606733,0.0006765459081534697,5,5
2797.3418,398,398,759,383,0.972602020073626,0.9735317579211369,0.0009550154270224144,0.0009297378475109364,0.972629149193035,nan,0.9728552120129834,0.9735317579211369,0.0006949397414606733,0.0006765459081534697,5,5
2800.3498,399,399,760,384,0.972602218501612,0.9735317579211369,0.0009548116042046914,0.000929539419524894,0.9731353974814809,nan,0.9728552120129834,0.9735317579211369,0.0006949397414606733,0.0006765459081534697,5,5
2803.947,400,400,777,385,0.9726004803911945,0.9735317579211369,0.0009565969701194032,0.0009312775299423759,0.9726004803911945,nan,0.9728552120129834,0.9735317579211369,0.0006949397414606733,0.0006765459081534697,5,5
2807.5488,401,401,783,386,0.9726002757297931,0.9735317579211369,0.0009568071958256696,0.0009314821913437576,0.9726002757297931,nan,0.9728552120129834,0.9735317579211369,0.0006949397414606733,0.0006765459081534697,5,5
2810.7132,402,402,785,387,0.9726002757297931,0.9735317579211369,0.0009568071958256696,0.0009314821913437576,0.9726002761930123,nan,0.9728552120129834,0.9735317579211369,0.0006949397414606733,0.0006765459081534697,5,5
2813.8088,403,403,786,388,0.9726002761930123,0.9735317579211369,0.0009568067200126046,0.0009314817281246279,0.9726002761930123,nan,0.9728552120129834,0.9735317579211369,0.0006949397414606733,0.0006765459081534697,5,5
2816.5788,404,404,787,389,0.9726002761930123,0.9735317579211369,0.0009568067200126046,0.0009314817281246279,0.9726269197159321,nan,0.9728552120129834,0.9735317579211369,0.0006949397414606733,0.0006765459081534697,5,5
2819.5622,405,405,788,390,0.9726002761930123,0.9735317579211369,0.0009568067200126046,0.0009314817281246279,0.9730737410746753,nan,0.9728552120129834,0.9735317579211369,0.0006949397414606733,0.0006765459081534697,5,5
2822.3301,406,406,789,391,0.9726002761930123,0.9735317579211369,0.0009568067200126046,0.0009314817281246279,0.9726269197159321,nan,0.9728552120129834,0.9735317579211369,0.0006949397414606733,0.0006765459081534697,5,5
2825.6505,407,407,790,392,0.9726004803911945,0.9735317579211369,0.0009565969701194032,0.0009312775299423759,0.9730737410746753,nan,0.9728552120129834,0.9735317579211369,0.0006949397414606733,0.0006765459081534697,5,5
2829.5507,408,408,784,393,0.972602218501612,0.9735317579211369,0.0009548116042046914,0.000929539419524894,0.972602519294892,nan,0.9728552120129834,0.9735317579211369,0.0006949397414606733,0.0006765459081534697,5,5
2833.146,409,409,778,394,0.9726010645960896,0.9735317579211369,0.0009559968819452136,0.0009306933250472493,0.9726010645960896,nan,0.9728552120129834,0.9735317579211369,0.0006949397414606733,0.0006765459081534697,5,5
2836.7725,410,410,801,395,0.9725992878227853,0.9735317579211369,0.0009578219619078518,0.0009324700983516232,0.9725992878227853,nan,0.9728552120129834,0.9735317579211369,0.0006949397414606733,0.0006765459081534697,5,5
2839.8722,411,411,803,396,0.9725992878227853,0.9735317579211369,0.0009578219619078518,0.0009324700983516232,0.9726004739201889,nan,0.9728552120129834,0.9735317579211369,0.0006949397414606733,0.0006765459081534697,5,5
2842.9709,412,412,804,397,0.9726004739201889,0.9735317579211369,0.000956603617057798,0.0009312840009479961,0.9726004739201889,nan,0.9728552120129834,0.9735317579211369,0.0006949397414606733,0.0006765459081534697,5,5
2846.0804,413,413,805,398,0.9726004739201889,0.9735317579211369,0.000956603617057798,0.0009312840009479961,0.972734249854467,nan,0.9728552120129834,0.9735317579211369,0.0006949397414606733,0.0006765459081534697,5,5
2849.2046,414,414,806,399,0.9726004739201889,0.9735317579211369,0.000956603617057798,0.0009312840009479961,0.9727337901753972,nan,0.9728552120129834,0.9735317579211369,0.0006949397414606733,0.0006765459081534697,5,5
2851.9446,415,415,807,400,0.9726004739201889,0.9735317579211369,0.000956603617057798,0.0009312840009479961,0.9726275224861421,nan,0.9728552120129834,0.9735317579211369,0.0006949397414606733,0.0006765459081534697,5,5
2854.9322,416,416,808,401,0.9726010645960896,0.9735317579211369,0.0009559968819452136,0.0009306933250472493,0.9730256900477572,nan,0.9728552120129834,0.9735317579211369,0.0006949397414606733,0.0006765459081534697,5,5
2858.5869,417,417,802,402,0.9726022353808934,0.9735317579211369,0.0009547942660117875,0.000929522540243477,0.9726023462685316,nan,0.9728552120129834,0.9735317579211369,0.0006949397414606733,0.0006765459081534697,5,5
2861.8425,418,418,87,403,0.9726022353808934,0.9735317579211369,0.0009547942660117875,0.000929522540243477,0.9726613582477788,nan,0.9728552120129834,0.9735317579211369,0.0006949397414606733,0.0006765459081534697,5,5
2865.3492,419,419,88,404,0.9726022383056664,0.9735317579211369,0.000954791261720499,0.0009295196154704977,0.9731132144037304,nan,0.9728552120129834,0.9735317579211369,0.0006949397414606733,0.0006765459081534697,5,5
2868.4973,420,420,723,405,0.9726022383056664,0.9735317579211369,0.000954791261720499,0.0009295196154704977,0.9726284818793337,nan,0.9728552120129834,0.9735317579211369,0.0006949397414606733,0.0006765459081534697,5,5
2871.9323,421,421,724,406,0.9726023462685316,0.9735317579211369,0.0009546803635763707,0.0009294116526052942,0.9730879194048985,nan,0.9728552120129834,0.9735317579211369,0.0006949397414606733,0.0006765459081534697,5,5
2875.6033,422,422,817,407,0.9726023462685316,0.9735317579211369,0.0009546803635763707,0.0009294116526052942,0.9726025254669615,nan,0.9728552120129834,0.9735317579211369,0.0006949397414606733,0.0006765459081534697,5,5
2879.2302,423,423,818,408,0.972602519294892,0.9735317579211369,0.0009545026329999886,0.0009292386262448327,0.9726027239588417,nan,0.9728552120129834,0.9735317579211369,0.0006949397414606733,0.0006765459081534697,5,5
2882.4049,424,424,799,409,0.972602519294892,0.9735317579211369,0.0009545026329999886,0.0009292386262448327,0.9726305515832022,nan,0.9728552120129834,0.9735317579211369,0.0006949397414606733,0.0006765459081534697,5,5
2885.8279,425,425,800,410,0.9726025254669615,0.9735317579211369,0.0009544962931252378,0.0009292324541754216,0.9730294997355865,nan,0.9728552120129834,0.9735317579211369,0.0006949397414606733,0.0006765459081534697,5,5
2889.0184,426,426,827,411,0.9726025254669615,0.9735317579211369,0.0009544962931252378,0.0009292324541754216,0.9726281094250959,nan,0.9728552120129834,0.9735317579211369,0.0006949397414606733,0.0006765459081534697,5,5
2892.4354,427,427,828,412,0.9726025671562019,0.9735317579211369,0.0009544534704437445,0.0009291907649350284,0.9730749145779479,nan,0.9728552120129834,0.9735317579211369,0.0006949397414606733,0.0006765459081534697,5,5
2895.8931,428,428,766,413,0.9726025671562019,0.9735317579211369,0.0009544534704437445,0.0009291907649350284,0.97306859604963,nan,0.9728552120129834,0.9735317579211369,0.0006949397414606733,0.0006765459081534697,5,5
2899.048,429,429,765,414,0.9726026127022651,0.9735317579211369,0.0009544066860806422,0.0009291452188717741,0.9726279670132929,nan,0.9728552120129834,0.9735317579211369,0.0006949397414606733,0.0006765459081534697,5,5
2902.2277,430,430,719,415,0.9726026127022651,0.9735317579211369,0.0009544066860806422,0.0009291452188717741,0.9726284248578043,nan,0.9728552120129834,0.9735317579211369,0.0006949397414606733,0.0006765459081534697,5,5
2905.6921,431,431,720,416,0.9726026701968371,0.9735317579211369,0.0009543476283544566,0.0009290877242997819,0.9731359813985355,nan,0.9728552120129834,0.9735317579211369,0.0006949397414606733,0.0006765459081534697,5,5
2908.9163,432,432,81,417,0.9726026701968371,0.9735317579211369,0.0009543476283544566,0.0009290877242997819,0.9726070252120356,nan,0.9728552120129834,0.9735317579211369,0.0006949397414606733,0.0006765459081534697,5,5
2912.0728,433,433,82,418,0.9726027239588417,0.9735317579211369,0.0009542924046761446,0.000929033962295156,0.9726095034808343,nan,0.9728552120129834,0.9735317579211369,0.0006949397414606733,0.0006765459081534697,5,5
2915.7125,434,434,830,419,0.9726024523334069,0.9735317579211369,0.0009545714150243958,0.0009293055877299672,0.9726024523334069,nan,0.9728552120129834,0.9735317579211369,0.0006949397414606733,0.0006765459081534697,5,5
2919.3755,435,435,851,420,0.9726024523334069,0.9735317579211369,0.0009545714150243958,0.0009293055877299672,0.9726029955008424,nan,0.9728552120129834,0.9735317579211369,0.0006949397414606733,0.0006765459081534697,5,5
2923.014,436,436,852,421,0.9726027239588417,0.9735317579211369,0.0009542924046761446,0.000929033962295156,0.9726030464269582,nan,0.9728552120129834,0.9735317579211369,0.0006949397414606733,0.0006765459081534697,5,5
2926.6218,437,437,829,422,0.9726026605074192,0.9735317579211369,0.0009543575812068991,0.0009290974137177166,0.9726026605074192,nan,0.9728552120129834,0.9735317579211369,0.0006949397414606733,0.0006765459081534697,5,5
2929.8686,438,438,857,423,0.9726026605074192,0.9735317579211369,0.0009543575812068991,0.0009290974137177166,0.972628438196059,nan,0.9728552120129834,0.9735317579211369,0.0006949397414606733,0.0006765459081534697,5,5
2933.2726,439,439,858,424,0.9726029955008424,0.9735317579211369,0.0009540134800304376,0.0009287624202944933,0.9730304646678295,nan,0.9728552120129834,0.9735317579211369,0.0006949397414606733,0.0006765459081534697,5,5
2936.4031,440,440,853,425,0.9726029955008424,0.9735317579211369,0.0009540134800304376,0.0009287624202944933,0.9726041653511623,nan,0.9728552120129834,0.9735317579211369,0.0006949397414606733,0.0006765459081534697,5,5
2939.4982,441,441,854,426,0.9726030464269582,0.9735317579211369,0.0009539611693427229,0.0009287114941787245,0.9726041653511623,nan,0.9728552120129834,0.9735317579211369,0.0006949397414606733,0.0006765459081534697,5,5
2942.5919,442,442,855,427,0.9726030464269582,0.9735317579211369,0.0009539611693427229,0.0009287114941787245,0.9726042172766397,nan,0.9728552120129834,0.9735317579211369,0.0006949397414606733,0.0006765459081534697,5,5
2945.7429,443,443,856,428,0.9726030955251799,0.9735317579211369,0.0009539107362455888,0.0009286623959570139,0.9726042172766397,nan,0.9728552120129834,0.9735317579211369,0.0006949397414606733,0.0006765459081534697,5,5
2948.8619,444,444,763,429,0.972603093228878,0.9735317579211369,0.0009539130949790432,0.0009286646922589403,0.972603093228878,nan,0.9728552120129834,0.9735317579211369,0.0006949397414606733,0.0006765459081534697,5,5
2951.9349,445,445,871,430,0.9726030890180666,0.9735317579211369,0.0009539174202733462,0.0009286689030703066,0.9726030890180666,nan,0.9728552120129834,0.9735317579211369,0.0006949397414606733,0.0006765459081534697,5,5
2954.65,446,446,873,431,0.9726030890180666,0.9735317579211369,0.0009539174202733462,0.0009286689030703066,0.972629982659619,nan,0.9728552120129834,0.9735317579211369,0.0006949397414606733,0.0006765459081534697,5,5
2957.5519,447,447,874,432,0.972603093228878,0.9735317579211369,0.0009539130949790432,0.0009286646922589403,0.9731155700069285,nan,0.9728552120129834,0.9735317579211369,0.0006949397414606733,0.0006765459081534697,5,5
2960.6539,448,448,872,433,0.9726030955251799,0.9735317579211369,0.0009539107362455888,0.0009286623959570139,0.9726031526864839,nan,0.9728552120129834,0.9735317579211369,0.0006949397414606733,0.0006765459081534697,5,5
2963.7457,449,449,764,434,0.972603093228878,0.9735317579211369,0.0009539130949790432,0.0009286646922589403,0.972603093228878,nan,0.9728552120129834,0.9735317579211369,0.0006949397414606733,0.0006765459081534697,5,5
2966.4561,450,450,881,435,0.972603093228878,0.9735317579211369,0.0009539130949790432,0.0009286646922589403,0.97262911512306,nan,0.9728552120129834,0.9735317579211369,0.0006949397414606733,0.0006765459081534697,5,5
2969.365,451,451,882,436,0.9726031526864839,0.9735317579211369,0.0009538520208482138,0.0009286052346529905,0.973132447350495,nan,0.9728552120129834,0.9735317579211369,0.0006949397414606733,0.0006765459081534697,5,5
2972.4963,452,452,879,437,0.9726031526864839,0.9735317579211369,0.0009538520208482138,0.0009286052346529905,0.9726040056135784,nan,0.9728552120129834,0.9735317579211369,0.0006949397414606733,0.0006765459081534697,5,5
2975.6073,453,453,880,438,0.9726035967366395,0.9735317579211369,0.0009533958979204996,0.0009281611844973447,0.9726047079029492,nan,0.9728552120129834,0.9735317579211369,0.0006949397414606733,0.0006765459081534697,5,5
2978.372,454,454,761,439,0.9726035967366395,0.9735317579211369,0.0009533958979204996,0.0009281611844973447,0.9726298942274033,nan,0.9728552120129834,0.9735317579211369,0.0006949397414606733,0.0006765459081534697,5,5
2981.2637,455,455,762,440,0.9726038868408874,0.9735317579211369,0.0009530979063598895,0.0009278710802494983,0.973069897692252,nan,0.9728552120129834,0.9735317579211369,0.0006949397414606733,0.0006765459081534697,5,5
2984.1975,456,456,629,439,0.9726038868408874,0.9735317579211369,0.0009530979063598895,0.0009278710802494983,0.9739770528206894,nan,0.9728552120129834,0.9735317579211369,0.0006949397414606733,0.0006765459081534697,5,5
2987.3199,457,457,630,440,0.9726040056135784,0.9735317579211369,0.0009529759044939521,0.0009277523075584826,0.9728410771788985,nan,0.9728552120129834,0.9735317579211369,0.0006949397414606733,0.0006765459081534697,5,5
2990.0834,458,458,887,441,0.9726040056135784,0.9735317579211369,0.0009529759044939521,0.0009277523075584826,0.9726296964592693,nan,0.9728552120129834,0.9735317579211369,0.0006949397414606733,0.0006765459081534697,5,5
2992.9771,459,459,888,442,0.9726041653511623,0.9735317579211369,0.0009528118239874475,0.0009275925699745446,0.9731161202805044,nan,0.9728552120129834,0.9735317579211369,0.0006949397414606733,0.0006765459081534697,5,5
2995.6802,460,460,863,443,0.9726041653511623,0.9735317579211369,0.0009528118239874475,0.0009275925699745446,0.972628543430302,nan,0.9728552120129834,0.9735317579211369,0.0006949397414606733,0.0006765459081534697,5,5
2998.5631,461,461,864,444,0.9726041653511623,0.9735317579211369,0.0009528118239874475,0.0009275925699745446,0.9730305451021775,nan,0.9728552120129834,0.9735317579211369,0.0006949397414606733,0.0006765459081534697,5,5
3001.1675,462,462,865,445,0.9726041652568516,0.9735317579211369,0.0009528119208623369,0.000927592664285326,0.9726041652568516,nan,0.9728552120129834,0.9735317579211369,0.0006949397414606733,0.0006765459081534697,5,5
3003.4946,463,463,905,446,0.9726041652568516,0.9735317579211369,0.0009528119208623369,0.000927592664285326,0.9726285434299958,nan,0.9728552120129834,0.9735317579211369,0.0006949397414606733,0.0006765459081534697,5,5
3005.9201,464,464,906,447,0.9726041653511623,0.9735317579211369,0.0009528118239874475,0.0009275925699745446,0.9730305376735016,nan,0.9728552120129834,0.9735317579211369,0.0006949397414606733,0.0006765459081534697,5,5
3008.5543,465,465,866,448,0.9726041652568516,0.9735317579211369,0.0009528119208623369,0.000927592664285326,0.9726041652568516,nan,0.9728552120129834,0.9735317579211369,0.0006949397414606733,0.0006765459081534697,5,5
3010.8471,466,466,911,449,0.9726041652568516,0.9735317579211369,0.0009528119208623369,0.000927592664285326,0.9726285434299958,nan,0.9728552120129834,0.9735317579211369,0.0006949397414606733,0.0006765459081534697,5,5
3013.2157,467,467,912,450,0.9726042172766397,0.9735317579211369,0.0009527584867676395,0.0009275406444971823,0.9730305376735016,nan,0.9728552120129834,0.9735317579211369,0.0006949397414606733,0.0006765459081534697,5,5
3016.0929,468,468,870,451,0.9726042172766397,0.9735317579211369,0.0009527584867676395,0.0009275406444971823,0.9730285444478138,nan,0.9728552120129834,0.9735317579211369,0.0006949397414606733,0.0006765459081534697,5,5
3018.8087,469,469,867,452,0.9726042172766397,0.9735317579211369,0.0009527584867676395,0.0009275406444971823,0.9726270691710445,nan,0.9728552120129834,0.9735317579211369,0.0006949397414606733,0.0006765459081534697,5,5
3021.734,470,470,868,453,0.9726042172766397,0.9735317579211369,0.0009527584867676395,0.0009275406444971823,0.9730285444478138,nan,0.9728552120129834,0.9735317579211369,0.0006949397414606733,0.0006765459081534697,5,5
3024.4229,471,471,869,454,0.9726047079029492,0.9735317579211369,0.0009522545213802996,0.0009270500181877139,0.9726270691710445,nan,0.9728552120129834,0.9735317579211369,0.0006949397414606733,0.0006765459081534697,5,5
3027.1171,472,472,889,455,0.9726047079029492,0.9735317579211369,0.0009522545213802996,0.0009270500181877139,0.9726297975643029,nan,0.9728552120129834,0.9735317579211369,0.0006949397414606733,0.0006765459081534697,5,5
3030.0873,473,473,890,456,0.972606308688452,0.9735317579211369,0.0009506102139503723,0.000925449232684894,0.973024586420487,nan,0.9728552120129834,0.9735317579211369,0.0006949397414606733,0.0006765459081534697,5,5
3033.2286,474,474,175,457,0.972606308688452,0.9735317579211369,0.0009506102139503723,0.000925449232684894,0.9726081492460227,nan,0.9728552120129834,0.9735317579211369,0.0006949397414606733,0.0006765459081534697,5,5
3036.374,475,475,176,458,0.9726070252120356,0.9735317579211369,0.0009498742096261711,0.0009247327091013169,0.9726112732447654,nan,0.9728552120129834,0.9735317579211369,0.0006949397414606733,0.0006765459081534697,5,5
3039.5409,476,476,848,459,0.9726070252120356,0.9735317579211369,0.0009498742096261711,0.0009247327091013169,0.972609828640068,nan,0.9728552120129834,0.9735317579211369,0.0006949397414606733,0.0006765459081534697,5,5
3042.6765,477,477,847,460,0.972607147436354,0.9735317579211369,0.000949748662290453,0.0009246104847828729,0.972607147436354,nan,0.9728552120129834,0.9735317579211369,0.0006949397414606733,0.0006765459081534697,5,5
3045.6018,478,478,935,459,0.972607147436354,0.9735317579211369,0.000949748662290453,0.0009246104847828729,0.9739830361090626,nan,0.9728552120129834,0.9735317579211369,0.0006949397414606733,0.0006765459081534697,5,5
3048.8046,479,479,936,460,0.9726081492460227,0.9735317579211369,0.0009487196155639187,0.000923608675114207,0.9728418713805445,nan,0.9728552120129834,0.9735317579211369,0.0006949397414606733,0.0006765459081534697,5,5
3051.7372,480,480,929,459,0.9726081492460227,0.9735317579211369,0.0009487196155639187,0.000923608675114207,0.9739804278046299,nan,0.9728552120129834,0.9735317579211369,0.0006949397414606733,0.0006765459081534697,5,5
3054.8568,481,481,930,460,0.9726082083882175,0.9735317579211369,0.000948658865419584,0.0009235495329193988,0.972848543301423,nan,0.9728552120129834,0.9735317579211369,0.0006949397414606733,0.0006765459081534697,5,5
3057.7761,482,482,627,459,0.9726082083882175,0.9735317579211369,0.000948658865419584,0.0009235495329193988,0.9739805917688292,nan,0.9728552120129834,0.9735317579211369,0.0006949397414606733,0.0006765459081534697,5,5
3060.9078,483,483,628,460,0.9726095034808343,0.9735317579211369,0.0009473285620100877,0.0009222544403025834,0.972842978728369,nan,0.9728552120129834,0.9735317579211369,0.0006949397414606733,0.0006765459081534697,5,5
3064.1189,484,484,849,461,0.9726095034808343,0.9735317579211369,0.0009473285620100877,0.0009222544403025834,0.9726155638371888,nan,0.9728552120129834,0.9735317579211369,0.0006949397414606733,0.0006765459081534697,5,5
3067.2663,485,485,850,462,0.972609828640068,0.9735317579211369,0.0009469945623937384,0.0009219292810689339,0.9726162536825337,nan,0.9728552120129834,0.9735317579211369,0.0006949397414606733,0.0006765459081534697,5,5
3070.4669,486,486,933,463,0.972609828640068,0.9735317579211369,0.0009469945623937384,0.0009219292810689339,0.9726148282395782,nan,0.9728552120129834,0.9735317579211369,0.0006949397414606733,0.0006765459081534697,5,5
3073.6176,487,487,934,464,0.9726112732447654,0.9735317579211369,0.0009455106819905915,0.0009204846763715135,0.9726167356202047,nan,0.9728552120129834,0.9735317579211369,0.0006949397414606733,0.0006765459081534697,5,5
3076.8019,488,488,931,465,0.9726112732447654,0.9735317579211369,0.0009455106819905915,0.0009204846763715135,0.9726128341103109,nan,0.9728552120129834,0.9735317579211369,0.0006949397414606733,0.0006765459081534697,5,5
3079.9989,489,489,932,466,0.9726128341103109,0.9735317579211369,0.0009439073798560897,0.0009189238108260334,0.972618818913059,nan,0.9728552120129834,0.9735317579211369,0.0006949397414606733,0.0006765459081534697,5,5
3083.1306,490,490,951,467,0.9726128341103109,0.9735317579211369,0.0009439073798560897,0.0009189238108260334,0.9726132062835284,nan,0.9728552120129834,0.9735317579211369,0.0006949397414606733,0.0006765459081534697,5,5
3086.295,491,491,952,468,0.9726132062835284,0.9735317579211369,0.0009435250880463471,0.0009185516376084557,0.9726151095683078,nan,0.9728552120129834,0.9735317579211369,0.0006949397414606733,0.0006765459081534697,5,5
3089.6189,492,492,955,467,0.9726132062835284,0.9735317579211369,0.0009435250880463471,0.0009185516376084557,0.9739965087960152,nan,0.9728552120129834,0.9735317579211369,0.0006949397414606733,0.0006765459081534697,5,5
3092.7301,493,493,956,468,0.9726147116039142,0.9735317579211369,0.0009419788412253901,0.0009170463172226695,0.9728439611818357,nan,0.9728552120129834,0.9735317579211369,0.0006949397414606733,0.0006765459081534697,5,5
3095.916,494,494,132,469,0.9726147116039142,0.9735317579211369,0.0009419788412253901,0.0009170463172226695,0.9726217968015801,nan,0.9728552120129834,0.9735317579211369,0.0006949397414606733,0.0006765459081534697,5,5
3099.1321,495,495,131,470,0.9726148282395782,0.9735317579211369,0.0009418590344876367,0.0009169296815586536,0.9726182618152723,nan,0.9728552120129834,0.9735317579211369,0.0006949397414606733,0.0006765459081534697,5,5
3102.258,496,496,947,471,0.9726114200403635,0.9735317579211369,0.0009453598953347611,0.000920337880773392,0.9726114200403635,nan,0.9728552120129834,0.9735317579211369,0.0006949397414606733,0.0006765459081534697,5,5
3105.4203,497,497,965,472,0.9726114200403635,0.9735317579211369,0.0009453598953347611,0.000920337880773392,0.9726143235187092,nan,0.9728552120129834,0.9735317579211369,0.0006949397414606733,0.0006765459081534697,5,5
3108.6277,498,498,966,473,0.9726143235187092,0.9735317579211369,0.0009423774776353627,0.0009174344024276415,0.9726174409564714,nan,0.9728552120129834,0.9735317579211369,0.0006949397414606733,0.0006765459081534697,5,5
3111.5821,499,499,967,472,0.9726143235187092,0.9735317579211369,0.0009423774776353627,0.0009174344024276415,0.973987305274836,nan,0.9728552120129834,0.9735317579211369,0.0006949397414606733,0.0006765459081534697,5,5
3114.6718,500,500,968,473,0.9726148282395782,0.9735317579211369,0.0009418590344876367,0.0009169296815586536,0.9728478230747383,nan,0.9728552120129834,0.9735317579211369,0.0006949397414606733,0.0006765459081534697,5,5
3117.7952,501,501,948,474,0.9726118895641573,0.9735317579211369,0.0009448776061952191,0.0009198683569795474,0.9726118895641573,nan,0.9728552120129834,0.9735317579211369,0.0006949397414606733,0.0006765459081534697,5,5
3120.9809,502,502,973,475,0.9726118895641573,0.9735317579211369,0.0009448776061952191,0.0009198683569795474,0.9726164381206808,nan,0.9728552120129834,0.9735317579211369,0.0006949397414606733,0.0006765459081534697,5,5
3124.1383,503,503,974,476,0.9726148345648578,0.9735317579211369,0.00094185253723732,0.0009169233562791312,0.9726175368082031,nan,0.9728552120129834,0.9735317579211369,0.0006949397414606733,0.0006765459081534697,5,5
3127.338,504,504,125,477,0.9726148345648578,0.9735317579211369,0.00094185253723732,0.0009169233562791312,0.9726162798422149,nan,0.9728552120129834,0.9735317579211369,0.0006949397414606733,0.0006765459081534697,5,5
3130.5259,505,505,126,478,0.9726151095683078,0.9735317579211369,0.0009415700570328743,0.0009166483528291192,0.9726221795107426,nan,0.9728552120129834,0.9735317579211369,0.0006949397414606733,0.0006765459081534697,5,5
3134.0149,506,506,957,479,0.9726151095683078,0.9735317579211369,0.0009415700570328743,0.0009166483528291192,0.9726180188245819,nan,0.9728552120129834,0.9735317579211369,0.0006949397414606733,0.0006765459081534697,5,5
3137.1683,507,507,958,480,0.9726155638371888,0.9735317579211369,0.0009411034375544946,0.000916194083948052,0.9726185639463713,nan,0.9728552120129834,0.9735317579211369,0.0006949397414606733,0.0006765459081534697,5,5
3140.3548,508,508,943,481,0.9726111946999085,0.9735317579211369,0.0009455913623137568,0.0009205632212283543,0.9726111946999085,nan,0.9728552120129834,0.9735317579211369,0.0006949397414606733,0.0006765459081534697,5,5
3143.2193,509,509,987,480,0.9726111946999085,0.9735317579211369,0.0009455913623137568,0.0009205632212283543,0.9739868694272025,nan,0.9728552120129834,0.9735317579211369,0.0006949397414606733,0.0006765459081534697,5,5
3146.3604,510,510,988,481,0.9726155638371888,0.9735317579211369,0.0009411034375544946,0.000916194083948052,0.9728439893282554,nan,0.9728552120129834,0.9735317579211369,0.0006949397414606733,0.0006765459081534697,5,5
3149.5215,511,511,944,482,0.9726162536825337,0.9735317579211369,0.0009403948367931584,0.0009155042386032042,0.9726175358242202,nan,0.9728552120129834,0.9735317579211369,0.0006949397414606733,0.0006765459081534697,5,5
3152.6099,512,512,946,483,0.9726162536825337,0.9735317579211369,0.0009403948367931584,0.0009155042386032042,0.9728520546049471,nan,0.9728552120129834,0.9735317579211369,0.0006949397414606733,0.0006765459081534697,5,5
3155.518,513,513,945,482,0.9726162798422149,0.9735317579211369,0.0009403679658862916,0.0009154780789220052,0.9739926049000128,nan,0.9728552120129834,0.9735317579211369,0.0006949397414606733,0.0006765459081534697,5,5
3158.6978,514,514,979,483,0.9726162798422149,0.9735317579211369,0.0009403679658862916,0.0009154780789220052,0.9726183373288377,nan,0.9728552120129834,0.9735317579211369,0.0006949397414606733,0.0006765459081534697,5,5
3161.9034,515,515,980,484,0.9726164381206808,0.9735317579211369,0.0009402053841681284,0.0009153198004561158,0.9726232068394431,nan,0.9728552120129834,0.9735317579211369,0.0006949397414606733,0.0006765459081534697,5,5
3165.0731,516,516,975,485,0.9726164381206808,0.9735317579211369,0.0009402053841681284,0.0009153198004561158,0.972618822227819,nan,0.9728552120129834,0.9735317579211369,0.0006949397414606733,0.0006765459081534697,5,5
3168.3441,517,517,976,486,0.9726164580474813,0.9735317579211369,0.0009401849156005847,0.0009152998736555729,0.972618490221489,nan,0.9728552120129834,0.9735317579211369,0.0006949397414606733,0.0006765459081534697,5,5
3171.4829,518,518,104,487,0.9726164580474813,0.9735317579211369,0.0009401849156005847,0.0009152998736555729,0.972621993740008,nan,0.9728552120129834,0.9735317579211369,0.0006949397414606733,0.0006765459081534697,5,5
3174.6943,519,519,103,488,0.9726167356202047,0.9735317579211369,0.000939899796269753,0.0009150223009322112,0.9726170370782149,nan,0.9728552120129834,0.9735317579211369,0.0006949397414606733,0.0006765459081534697,5,5
3177.8346,520,520,950,489,0.9726167356202047,0.9735317579211369,0.000939899796269753,0.0009150223009322112,0.9728522545030012,nan,0.9728552120129834,0.9735317579211369,0.0006949397414606733,0.0006765459081534697,5,5
3180.7445,521,521,949,488,0.9726170370782149,0.9735317579211369,0.000939590142262302,0.00091472084292199,0.973985694204258,nan,0.9728552120129834,0.9735317579211369,0.0006949397414606733,0.0006765459081534697,5,5
3183.9622,522,522,1005,489,0.9726170370782149,0.9735317579211369,0.000939590142262302,0.00091472084292199,0.9726233134864577,nan,0.9728552120129834,0.9735317579211369,0.0006949397414606733,0.0006765459081534697,5,5
3187.1537,523,523,1006,490,0.9726174409564714,0.9735317579211369,0.0009391752834215718,0.0009143169646654847,0.9726229679903894,nan,0.9728552120129834,0.9735317579211369,0.0006949397414606733,0.0006765459081534697,5,5
3190.085,524,524,969,489,0.9726174409564714,0.9735317579211369,0.0009391752834215718,0.0009143169646654847,0.9739892546883754,nan,0.9728552120129834,0.9735317579211369,0.0006949397414606733,0.0006765459081534697,5,5
3193.1449,525,525,970,490,0.9726175358242202,0.9735317579211369,0.0009390778364220302,0.000914222096916717,0.9728479745818863,nan,0.9728552120129834,0.9735317579211369,0.0006949397414606733,0.0006765459081534697,5,5
3196.4968,526,526,991,491,0.9726165412176557,0.9735317579211369,0.0009400994842073739,0.0009152167034811587,0.9726165412176557,nan,0.9728552120129834,0.9735317579211369,0.0006949397414606733,0.0006765459081534697,5,5
3199.6757,527,527,1015,492,0.9726165412176557,0.9735317579211369,0.0009400994842073739,0.0009152167034811587,0.972617133875163,nan,0.9728552120129834,0.9735317579211369,0.0006949397414606733,0.0006765459081534697,5,5
3202.8283,528,528,1016,493,0.9726153775822839,0.9735317579211369,0.0009412947563311326,0.0009163803388529956,0.9726153775822839,nan,0.9728552120129834,0.9735317579211369,0.0006949397414606733,0.0006765459081534697,5,5
3205.6973,529,529,1019,492,0.9726153775822839,0.9735317579211369,0.0009412947563311326,0.0009163803388529956,0.9739958652036182,nan,0.9728552120129834,0.9735317579211369,0.0006949397414606733,0.0006765459081534697,5,5
3208.8058,530,530,1020,493,0.972617133875163,0.9735317579211369,0.0009394907136126087,0.0009146240459738664,0.972848276296887,nan,0.9728552120129834,0.9735317579211369,0.0006949397414606733,0.0006765459081534697,5,5
3211.7983,531,531,1017,492,0.972617133875163,0.9735317579211369,0.0009394907136126087,0.0009146240459738664,0.9739717628345148,nan,0.9728552120129834,0.9735317579211369,0.0006949397414606733,0.0006765459081534697,5,5
3214.9191,532,532,1018,493,0.9726175358242202,0.9735317579211369,0.0009390778364220302,0.000914222096916717,0.9728471328150678,nan,0.9728552120129834,0.9735317579211369,0.0006949397414606733,0.0006765459081534697,5,5
3218.0672,533,533,992,494,0.9726175368082031,0.9735317579211369,0.000939076825686749,0.0009142211129338218,0.9726212527451172,nan,0.9728552120129834,0.9735317579211369,0.0006949397414606733,0.0006765459081534697,5,5
3221.2761,534,534,977,495,0.9726166369445743,0.9735317579211369,0.0009400011546789991,0.0009151209765625445,0.9726166369445743,nan,0.9728552120129834,0.9735317579211369,0.0006949397414606733,0.0006765459081534697,5,5
3224.47,535,535,1027,496,0.972616548951109,0.9735317579211369,0.0009400915404980297,0.0009152089700278365,0.972616548951109,nan,0.9728552120129834,0.9735317579211369,0.0006949397414606733,0.0006765459081534697,5,5
3227.7311,536,536,1029,497,0.972616548951109,0.9735317579211369,0.0009400915404980297,0.0009152089700278365,0.9726173749598321,nan,0.9728552120129834,0.9735317579211369,0.0006949397414606733,0.0006765459081534697,5,5
3230.9465,537,537,1030,498,0.9726166369445743,0.9735317579211369,0.0009400011546789991,0.0009151209765625445,0.9726169966298484,nan,0.9728552120129834,0.9735317579211369,0.0006949397414606733,0.0006765459081534697,5,5
3234.1094,538,538,1028,499,0.9726154156713905,0.9735317579211369,0.0009412556316633067,0.0009163422497463491,0.9726154156713905,nan,0.9728552120129834,0.9735317579211369,0.0006949397414606733,0.0006765459081534697,5,5
3237.3081,539,539,1035,500,0.9726154156713905,0.9735317579211369,0.0009412556316633067,0.0009163422497463491,0.9726157480696088,nan,0.9728552120129834,0.9735317579211369,0.0006949397414606733,0.0006765459081534697,5,5
3240.6644,540,540,1036,501,0.9726157480696088,0.9735317579211369,0.0009409141962498455,0.0009160098515280657,0.9726171841218025,nan,0.9728552120129834,0.9735317579211369,0.0006949397414606733,0.0006765459081534697,5,5
3243.8397,541,541,1037,502,0.9726157480696088,0.9735317579211369,0.0009409141962498455,0.0009160098515280657,0.9726158591109475,nan,0.9728552120129834,0.9735317579211369,0.0006949397414606733,0.0006765459081534697,5,5
3247.0319,542,542,1038,503,0.9726158591109475,0.9735317579211369,0.0009408001359351449,0.0009158988101893861,0.9726159910712695,nan,0.9728552120129834,0.9735317579211369,0.0006949397414606733,0.0006765459081534697,5,5
3250.157,543,543,1041,502,0.9726158591109475,0.9735317579211369,0.0009408001359351449,0.0009158988101893861,0.9740022813908407,nan,0.9728552120129834,0.9735317579211369,0.0006949397414606733,0.0006765459081534697,5,5
3253.3916,544,544,1042,503,0.9726159910712695,0.9735317579211369,0.0009406645878947967,0.0009157668498673832,0.9728495305213706,nan,0.9728552120129834,0.9735317579211369,0.0006949397414606733,0.0006765459081534697,5,5
3256.7586,545,545,1043,504,0.9726159910712695,0.9735317579211369,0.0009406645878947967,0.0009157668498673832,0.9726186795601962,nan,0.9728552120129834,0.9735317579211369,0.0006949397414606733,0.0006765459081534697,5,5
