Time (s),Nodes Explored,Pruned by,Bound Update,LB,UB,Rel. Gap,Abs. Gap,# Nodes
425.976,1, ,* L  ,0.97649291,0.98776218,1.1409%,0.011269,2
751.878,2, ,* U  ,0.97649291,0.98776218,1.1409%,0.011269,3
1137.165,3, ,* L U,0.97649291,0.98776218,1.1409%,0.011269,4
1396.268,4, , ,0.97670218,0.98776218,1.1197%,0.01106,5
1698.882,5, ,* L U,0.97670218,0.98776218,1.1197%,0.01106,6
1922.563,6, , ,0.97670218,0.98776218,1.1197%,0.01106,7
2158.81,7, , ,0.97670218,0.98776218,1.1197%,0.01106,8
2377.93,8, , ,0.97670218,0.98776218,1.1197%,0.01106,9
2539.202,9, ,* L  ,0.97670218,0.97950288,0.2859%,0.002801,10
2845.524,10, , ,0.97670218,0.97950288,0.2859%,0.002801,11
3127.423,11, ,* L  ,0.97670218,0.97950288,0.2859%,0.002801,12
3168.864,12, ,* U  ,0.97670218,0.97950288,0.2859%,0.002801,13
3565.004,13, ,* L  ,0.97729306,0.97950288,0.2256%,0.00221,14
3744.11,14, , ,0.97729306,0.97950288,0.2256%,0.00221,15
3917.25,15, , ,0.97729306,0.97950288,0.2256%,0.00221,16
4093.745,16, , ,0.97729306,0.97950288,0.2256%,0.00221,17
4137.025,17,Bound,* L  ,0.97737578,0.97950288,0.2172%,0.002127,16
4256.24,18, , ,0.97737578,0.97950288,0.2172%,0.002127,17
4376.091,19, ,* L  ,0.97737578,0.97950288,0.2172%,0.002127,18
4472.959,20, , ,0.97737578,0.97950288,0.2172%,0.002127,19
4548.469,21,Bound, ,0.97737578,0.97950288,0.2172%,0.002127,18
4569.805,22, , ,0.97737578,0.97950288,0.2172%,0.002127,19
4655.668,23, ,* L U,0.97742823,0.97907909,0.1686%,0.001651,20
4667.684,24,Bound, ,0.97742823,0.97907909,0.1686%,0.001651,19
4866.75,25, ,* L  ,0.97743545,0.97907909,0.1679%,0.001644,20
4947.928,26, , ,0.97743545,0.97907909,0.1679%,0.001644,21
5003.393,27, ,* U  ,0.97743545,0.9790375,0.1636%,0.001602,22
5013.638,28, , ,0.97743545,0.9790375,0.1636%,0.001602,23
5104.852,29, ,* L  ,0.97745493,0.9790375,0.1616%,0.001583,24
5175.004,30,Bound, ,0.97745493,0.9790375,0.1616%,0.001583,23
5217.191,31, ,* L  ,0.97749519,0.9790375,0.1575%,0.001542,24
5265.45,32, ,* U  ,0.97749519,0.97900369,0.1541%,0.001508,25
5303.311,33,Bound, ,0.97749519,0.97900369,0.1541%,0.001508,24
5348.751,34, , ,0.97749519,0.97900369,0.1541%,0.001508,25
5379.243,35, , ,0.97749519,0.97900369,0.1541%,0.001508,26
5391.599,36, , ,0.97749519,0.97900369,0.1541%,0.001508,27
5432.825,37,Bound,* L  ,0.97759494,0.97900369,0.1439%,0.001409,26
5539.075,38, , ,0.97759494,0.97900369,0.1439%,0.001409,27
5551.196,39, , ,0.97759494,0.97900369,0.1439%,0.001409,28
5565.391,40, , ,0.97759494,0.97900369,0.1439%,0.001409,29
5725.819,41, ,* L  ,0.97760972,0.97900369,0.1424%,0.001394,30
5836.166,42,Bound, ,0.97760972,0.97900369,0.1424%,0.001394,29
5849.812,43, ,* L  ,0.97760994,0.97900369,0.1424%,0.001394,30
5862.779,44, , ,0.97760994,0.97900369,0.1424%,0.001394,31
5877.209,45, ,* L  ,0.97761222,0.97900369,0.1421%,0.001391,32
5912.972,46, , ,0.97761222,0.97900369,0.1421%,0.001391,33
6022.007,47, , ,0.97761222,0.97900369,0.1421%,0.001391,34
6108.379,48, , ,0.97761222,0.97900369,0.1421%,0.001391,35
6189.22,49, , ,0.97761222,0.97900369,0.1421%,0.001391,36
6217.007,50, , ,0.97761222,0.97900369,0.1421%,0.001391,37
6304.216,51, ,* L  ,0.97761222,0.97900369,0.1421%,0.001391,38
6333.387,52, , ,0.97761222,0.97900369,0.1421%,0.001391,39
6375.784,53, ,* L  ,0.97767731,0.97900369,0.1355%,0.001326,40
6537.975,54, , ,0.97767731,0.97900369,0.1355%,0.001326,41
6554.539,55,Bound,* L  ,0.97767731,0.97900369,0.1355%,0.001326,40
6887.256,56, , ,0.97767731,0.97900369,0.1355%,0.001326,41
6927.872,57,Bound,* L  ,0.97767731,0.97900369,0.1355%,0.001326,40
6953.597,58,Bound, ,0.97767731,0.97900369,0.1355%,0.001326,39
7323.032,59, ,* L  ,0.97775691,0.97900369,0.1274%,0.001247,40
7332.742,60, , ,0.97775691,0.97900369,0.1274%,0.001247,41
7344.957,61, ,* L  ,0.9777577,0.97900369,0.1273%,0.001246,42
7355.964,62, , ,0.9777577,0.97900369,0.1273%,0.001246,43
7369.073,63, ,* L  ,0.9777656,0.97900369,0.1265%,0.001238,44
7380.133,64, , ,0.9777656,0.97900369,0.1265%,0.001238,45
7394.008,65, ,* L  ,0.9777656,0.97900369,0.1265%,0.001238,46
7404.203,66, , ,0.9777656,0.97900369,0.1265%,0.001238,47
7418.423,67, ,* L  ,0.97776561,0.97900369,0.1265%,0.001238,48
7429.197,68, , ,0.97776561,0.97900369,0.1265%,0.001238,49
7445.306,69, ,* L  ,0.97776911,0.97900369,0.1261%,0.001235,50
7455.254,70, , ,0.97776911,0.97900369,0.1261%,0.001235,51
7468.945,71, ,* L  ,0.97776999,0.97900369,0.126%,0.001234,52
7479.518,72, , ,0.97776999,0.97900369,0.126%,0.001234,53
7490.504,73, ,* L  ,0.97779207,0.97900369,0.1238%,0.001212,54
7503.391,74, , ,0.97779207,0.97900369,0.1238%,0.001212,55
7514.866,75, ,* L  ,0.97779261,0.97900369,0.1237%,0.001211,56
7551.179,76, , ,0.97779261,0.97900369,0.1237%,0.001211,57
7585.569,77, , ,0.97779261,0.97900369,0.1237%,0.001211,58
7606.148,78, , ,0.97779261,0.97900369,0.1237%,0.001211,59
7695.173,79, , ,0.97779261,0.97900369,0.1237%,0.001211,60
7713.49,80, , ,0.97779261,0.97900369,0.1237%,0.001211,61
7792.442,81, , ,0.97779261,0.97900369,0.1237%,0.001211,62
7804.641,82, , ,0.97779261,0.97900369,0.1237%,0.001211,63
7820.395,83, , ,0.97779261,0.97900369,0.1237%,0.001211,64
7830.799,84, , ,0.97779261,0.97900369,0.1237%,0.001211,65
7842.916,85, , ,0.97779261,0.97900369,0.1237%,0.001211,66
7856.017,86, , ,0.97779261,0.97900369,0.1237%,0.001211,67
7872.473,87, , ,0.97779261,0.97900369,0.1237%,0.001211,68
7884.557,88, , ,0.97779261,0.97900369,0.1237%,0.001211,69
7896.705,89, , ,0.97779261,0.97900369,0.1237%,0.001211,70
7908.626,90, , ,0.97779261,0.97900369,0.1237%,0.001211,71
7920.776,91, , ,0.97779261,0.97900369,0.1237%,0.001211,72
7938.557,92, , ,0.97779261,0.97900369,0.1237%,0.001211,73
7950.595,93, , ,0.97779261,0.97900369,0.1237%,0.001211,74
7962.39,94, , ,0.97779261,0.97900369,0.1237%,0.001211,75
7974.026,95, , ,0.97779261,0.97900369,0.1237%,0.001211,76
7985.967,96, , ,0.97779261,0.97900369,0.1237%,0.001211,77
8001.385,97, , ,0.97779261,0.97900369,0.1237%,0.001211,78
8013.524,98, , ,0.97779261,0.97900369,0.1237%,0.001211,79
8025.313,99, , ,0.97779261,0.97900369,0.1237%,0.001211,80
8038.629,100, , ,0.97779261,0.97900369,0.1237%,0.001211,81
8051.329,101, , ,0.97779261,0.97900369,0.1237%,0.001211,82
8063.147,102, , ,0.97779261,0.97900369,0.1237%,0.001211,83
8075.331,103, , ,0.97779261,0.97900369,0.1237%,0.001211,84
8087.888,104, , ,0.97779261,0.97900369,0.1237%,0.001211,85
8099.944,105, , ,0.97779261,0.97900369,0.1237%,0.001211,86
8112.135,106, , ,0.97779261,0.97900369,0.1237%,0.001211,87
8124.571,107, , ,0.97779261,0.97900369,0.1237%,0.001211,88
8137.438,108, , ,0.97779261,0.97900369,0.1237%,0.001211,89
8150.093,109, , ,0.97779261,0.97900369,0.1237%,0.001211,90
8162.487,110, , ,0.97779261,0.97900369,0.1237%,0.001211,91
8174.479,111, , ,0.97779261,0.97900369,0.1237%,0.001211,92
8186.39,112, , ,0.97779261,0.97900369,0.1237%,0.001211,93
8198.31,113, , ,0.97779261,0.97900369,0.1237%,0.001211,94
8210.978,114, , ,0.97779261,0.97900369,0.1237%,0.001211,95
8223.941,115, , ,0.97779261,0.97900369,0.1237%,0.001211,96
8235.861,116, , ,0.97779261,0.97900369,0.1237%,0.001211,97
8249.419,117, , ,0.97779261,0.97900369,0.1237%,0.001211,98
8262.328,118, , ,0.97779261,0.97900369,0.1237%,0.001211,99
8274.098,119, , ,0.97779261,0.97900369,0.1237%,0.001211,100
8285.535,120, , ,0.97779261,0.97900369,0.1237%,0.001211,101
8299.313,121, , ,0.97779261,0.97900369,0.1237%,0.001211,102
8311.592,122, , ,0.97779261,0.97900369,0.1237%,0.001211,103
8319.708,123, , ,0.97779261,0.97900369,0.1237%,0.001211,104
8334.67,124, , ,0.97779261,0.97900369,0.1237%,0.001211,105
8346.109,125, , ,0.97779261,0.97900369,0.1237%,0.001211,106
8360.008,126, , ,0.97779261,0.97900369,0.1237%,0.001211,107
8374.293,127, , ,0.97779261,0.97900369,0.1237%,0.001211,108
8386.211,128, , ,0.97779261,0.97900369,0.1237%,0.001211,109
8399.108,129, , ,0.97779261,0.97900369,0.1237%,0.001211,110
8413.507,130, , ,0.97779261,0.97900369,0.1237%,0.001211,111
8428.348,131, , ,0.97779261,0.97900369,0.1237%,0.001211,112
8444.356,132, , ,0.97779261,0.97900369,0.1237%,0.001211,113
8457.537,133, , ,0.97779261,0.97900369,0.1237%,0.001211,114
8472.0,134, , ,0.97779261,0.97900369,0.1237%,0.001211,115
8485.857,135, , ,0.97779261,0.97900369,0.1237%,0.001211,116
8501.622,136, , ,0.97779261,0.97900369,0.1237%,0.001211,117
8515.637,137, , ,0.97779261,0.97900369,0.1237%,0.001211,118
8530.419,138, , ,0.97779261,0.97900369,0.1237%,0.001211,119
8542.683,139, , ,0.97779261,0.97900369,0.1237%,0.001211,120
8557.892,140, , ,0.97779261,0.97900369,0.1237%,0.001211,121
8572.896,141, , ,0.97779261,0.97900369,0.1237%,0.001211,122
8587.003,142, , ,0.97779261,0.97900369,0.1237%,0.001211,123
8601.051,143, , ,0.97779261,0.97900369,0.1237%,0.001211,124
8614.843,144, , ,0.97779261,0.97900369,0.1237%,0.001211,125
8628.889,145, , ,0.97779261,0.97900369,0.1237%,0.001211,126
8643.274,146, , ,0.97779261,0.97900369,0.1237%,0.001211,127
8658.243,147, , ,0.97779261,0.97900369,0.1237%,0.001211,128
8670.013,148, , ,0.97779261,0.97900369,0.1237%,0.001211,129
8682.443,149, , ,0.97779261,0.97900369,0.1237%,0.001211,130
8696.248,150, , ,0.97779261,0.97900369,0.1237%,0.001211,131
8707.418,151, , ,0.97779261,0.97900369,0.1237%,0.001211,132
8720.021,152, , ,0.97779261,0.97900369,0.1237%,0.001211,133
8733.862,153, , ,0.97779261,0.97900369,0.1237%,0.001211,134
8747.731,154, , ,0.97779261,0.97900369,0.1237%,0.001211,135
8759.459,155, , ,0.97779261,0.97900369,0.1237%,0.001211,136
8772.492,156, , ,0.97779261,0.97900369,0.1237%,0.001211,137
8786.18,157, , ,0.97779261,0.97900369,0.1237%,0.001211,138
8800.427,158, , ,0.97779261,0.97900369,0.1237%,0.001211,139
8814.327,159, , ,0.97779261,0.97900369,0.1237%,0.001211,140
8826.481,160, , ,0.97779261,0.97900369,0.1237%,0.001211,141
8841.269,161, , ,0.97779261,0.97900369,0.1237%,0.001211,142
8853.425,162, , ,0.97779261,0.97900369,0.1237%,0.001211,143
8865.065,163, , ,0.97779261,0.97900369,0.1237%,0.001211,144
8876.18,164, , ,0.97779261,0.97900369,0.1237%,0.001211,145
8883.344,165, , ,0.97779261,0.97900369,0.1237%,0.001211,146
8896.761,166, , ,0.97779261,0.97900369,0.1237%,0.001211,147
8908.494,167, , ,0.97779261,0.97900369,0.1237%,0.001211,148
8922.696,168, , ,0.97779261,0.97900369,0.1237%,0.001211,149
8934.969,169, , ,0.97779261,0.97900369,0.1237%,0.001211,150
8948.252,170, , ,0.97779261,0.97900369,0.1237%,0.001211,151
8960.076,171, , ,0.97779261,0.97900369,0.1237%,0.001211,152
8972.5,172, , ,0.97779261,0.97900369,0.1237%,0.001211,153
8986.73,173, , ,0.97779261,0.97900369,0.1237%,0.001211,154
8999.355,174, , ,0.97779261,0.97900369,0.1237%,0.001211,155
9012.558,175, , ,0.97779261,0.97900369,0.1237%,0.001211,156
9023.437,176, , ,0.97779261,0.97900369,0.1237%,0.001211,157
9033.442,177, , ,0.97779261,0.97900369,0.1237%,0.001211,158
9043.155,178, , ,0.97779261,0.97900369,0.1237%,0.001211,159
9054.395,179, , ,0.97779261,0.97900369,0.1237%,0.001211,160
9068.774,180, , ,0.97779261,0.97900369,0.1237%,0.001211,161
9081.419,181, , ,0.97779261,0.97900369,0.1237%,0.001211,162
9092.915,182, , ,0.97779261,0.97900369,0.1237%,0.001211,163
9104.555,183, , ,0.97779261,0.97900369,0.1237%,0.001211,164
9116.607,184, , ,0.97779261,0.97900369,0.1237%,0.001211,165
9129.168,185, , ,0.97779261,0.97900369,0.1237%,0.001211,166
9142.506,186, , ,0.97779261,0.97900369,0.1237%,0.001211,167
9154.591,187, , ,0.97779261,0.97900369,0.1237%,0.001211,168
9169.642,188, , ,0.97779261,0.97900369,0.1237%,0.001211,169
9181.398,189, , ,0.97779261,0.97900369,0.1237%,0.001211,170
9193.526,190, , ,0.97779261,0.97900369,0.1237%,0.001211,171
9205.418,191, , ,0.97779261,0.97900369,0.1237%,0.001211,172
9217.74,192, , ,0.97779261,0.97900369,0.1237%,0.001211,173
9232.485,193, , ,0.97779261,0.97900369,0.1237%,0.001211,174
9247.295,194, , ,0.97779261,0.97900369,0.1237%,0.001211,175
9259.478,195, , ,0.97779261,0.97900369,0.1237%,0.001211,176
9265.979,196, , ,0.97779261,0.97900369,0.1237%,0.001211,177
9279.914,197, , ,0.97779261,0.97900369,0.1237%,0.001211,178
9291.519,198, , ,0.97779261,0.97900369,0.1237%,0.001211,179
9304.133,199, , ,0.97779261,0.97900369,0.1237%,0.001211,180
9316.46,200, , ,0.97779261,0.97900369,0.1237%,0.001211,181
9330.937,201, , ,0.97779261,0.97900369,0.1237%,0.001211,182
9343.388,202, , ,0.97779261,0.97900369,0.1237%,0.001211,183
9356.148,203, , ,0.97779261,0.97900369,0.1237%,0.001211,184
9368.091,204, , ,0.97779261,0.97900369,0.1237%,0.001211,185
9381.168,205, , ,0.97779261,0.97900369,0.1237%,0.001211,186
9394.075,206, , ,0.97779261,0.97900369,0.1237%,0.001211,187
9406.69,207, , ,0.97779261,0.97900369,0.1237%,0.001211,188
9417.566,208, , ,0.97779261,0.97900369,0.1237%,0.001211,189
9429.634,209, , ,0.97779261,0.97900369,0.1237%,0.001211,190
9440.038,210, , ,0.97779261,0.97900369,0.1237%,0.001211,191
9452.797,211, , ,0.97779261,0.97900369,0.1237%,0.001211,192
9464.469,212, , ,0.97779261,0.97900369,0.1237%,0.001211,193
9476.322,213, , ,0.97779261,0.97900369,0.1237%,0.001211,194
9489.095,214, , ,0.97779261,0.97900369,0.1237%,0.001211,195
9500.637,215, , ,0.97779261,0.97900369,0.1237%,0.001211,196
9512.227,216, , ,0.97779261,0.97900369,0.1237%,0.001211,197
9523.572,217, , ,0.97779261,0.97900369,0.1237%,0.001211,198
9536.943,218, , ,0.97779261,0.97900369,0.1237%,0.001211,199
9552.72,219, , ,0.97779261,0.97900369,0.1237%,0.001211,200
9559.666,220, , ,0.97779261,0.97900369,0.1237%,0.001211,201
9569.554,221, , ,0.97779261,0.97900369,0.1237%,0.001211,202
9582.082,222, , ,0.97779261,0.97900369,0.1237%,0.001211,203
9591.15,223, , ,0.97779261,0.97900369,0.1237%,0.001211,204
9601.173,224, , ,0.97779261,0.97900369,0.1237%,0.001211,205
9611.836,225, , ,0.97779261,0.97900369,0.1237%,0.001211,206
9621.77,226, , ,0.97779261,0.97900369,0.1237%,0.001211,207
9631.329,227, , ,0.97779261,0.97900369,0.1237%,0.001211,208
9641.852,228, , ,0.97779261,0.97900369,0.1237%,0.001211,209
9651.574,229, , ,0.97779261,0.97900369,0.1237%,0.001211,210
9661.798,230, , ,0.97779261,0.97900369,0.1237%,0.001211,211
9669.946,231, , ,0.97779261,0.97900369,0.1237%,0.001211,212
9680.586,232, , ,0.97779261,0.97900369,0.1237%,0.001211,213
9691.227,233, , ,0.97779261,0.97900369,0.1237%,0.001211,214
9699.312,234, , ,0.97779261,0.97900369,0.1237%,0.001211,215
9708.36,235, , ,0.97779261,0.97900369,0.1237%,0.001211,216
9718.719,236, , ,0.97779261,0.97900369,0.1237%,0.001211,217
9729.399,237, , ,0.97779261,0.97900369,0.1237%,0.001211,218
9740.118,238, , ,0.97779261,0.97900369,0.1237%,0.001211,219
9750.509,239, , ,0.97779261,0.97900369,0.1237%,0.001211,220
9758.621,240,Bound, ,0.97779261,0.97900369,0.1237%,0.001211,219
9766.912,241, , ,0.97779261,0.97900369,0.1237%,0.001211,220
9775.852,242, , ,0.97779261,0.97900369,0.1237%,0.001211,221
9784.393,243, , ,0.97779261,0.97900369,0.1237%,0.001211,222
9793.647,244, , ,0.97779261,0.97900369,0.1237%,0.001211,223
9802.78,245, , ,0.97779261,0.97900369,0.1237%,0.001211,224
9810.938,246, , ,0.97779261,0.97900369,0.1237%,0.001211,225
9820.143,247, , ,0.97779261,0.97900369,0.1237%,0.001211,226
9828.166,248,Bound, ,0.97779261,0.97900369,0.1237%,0.001211,225
9834.885,249, , ,0.97779261,0.97900369,0.1237%,0.001211,226
9842.121,250, , ,0.97779261,0.97900369,0.1237%,0.001211,227
9850.202,251,Bound, ,0.97779261,0.97900369,0.1237%,0.001211,226
9858.38,252,Bound, ,0.97779261,0.97900369,0.1237%,0.001211,225
9861.51,253, , ,0.97779261,0.97900369,0.1237%,0.001211,226
9869.885,254,Bound, ,0.97779261,0.97900369,0.1237%,0.001211,225
9877.286,255, , ,0.97779261,0.97900369,0.1237%,0.001211,226
9885.465,256, , ,0.97779261,0.97900369,0.1237%,0.001211,227
9896.041,257, , ,0.97779261,0.97900369,0.1237%,0.001211,228
9906.671,258, , ,0.97779261,0.97900369,0.1237%,0.001211,229
9913.986,259, , ,0.97779261,0.97900369,0.1237%,0.001211,230
9922.384,260, , ,0.97779261,0.97900369,0.1237%,0.001211,231
9931.962,261, , ,0.97779261,0.97900369,0.1237%,0.001211,232
9940.153,262, , ,0.97779261,0.97900369,0.1237%,0.001211,233
9949.623,263, , ,0.97779261,0.97900369,0.1237%,0.001211,234
9956.88,264, , ,0.97779261,0.97900369,0.1237%,0.001211,235
9964.958,265,Bound, ,0.97779261,0.97900369,0.1237%,0.001211,234
9972.499,266, , ,0.97779261,0.97900369,0.1237%,0.001211,235
9980.984,267,Bound, ,0.97779261,0.97900369,0.1237%,0.001211,234
9990.279,268, , ,0.97779261,0.97900369,0.1237%,0.001211,235
10000.783,269, , ,0.97779261,0.97900369,0.1237%,0.001211,236
10011.239,270, , ,0.97779261,0.97900369,0.1237%,0.001211,237
10018.362,271,Bound, ,0.97779261,0.97900369,0.1237%,0.001211,236
10026.68,272,Bound, ,0.97779261,0.97900369,0.1237%,0.001211,235
10034.817,273, , ,0.97779261,0.97900369,0.1237%,0.001211,236
10043.84,274, , ,0.97779261,0.97900369,0.1237%,0.001211,237
10051.976,275, , ,0.97779261,0.97900369,0.1237%,0.001211,238
10061.003,276, , ,0.97779261,0.97900369,0.1237%,0.001211,239
10068.15,277,Bound, ,0.97779261,0.97900369,0.1237%,0.001211,238
10076.422,278,Bound, ,0.97779261,0.97900369,0.1237%,0.001211,237
10083.418,279,Bound, ,0.97779261,0.97900369,0.1237%,0.001211,236
10091.613,280,Bound, ,0.97779261,0.97900369,0.1237%,0.001211,235
10103.892,281, , ,0.97779261,0.97900369,0.1237%,0.001211,236
10114.384,282, , ,0.97779261,0.97900369,0.1237%,0.001211,237
10122.977,283, , ,0.97779261,0.97900369,0.1237%,0.001211,238
10133.659,284, , ,0.97779261,0.97900369,0.1237%,0.001211,239
10141.943,285, , ,0.97779261,0.97900369,0.1237%,0.001211,240
10151.18,286, , ,0.97779261,0.97900369,0.1237%,0.001211,241
10159.611,287, , ,0.97779261,0.97900369,0.1237%,0.001211,242
10168.875,288, , ,0.97779261,0.97900369,0.1237%,0.001211,243
10176.318,289, , ,0.97779261,0.97900369,0.1237%,0.001211,244
10184.481,290,Bound, ,0.97779261,0.97900369,0.1237%,0.001211,243
10191.683,291, , ,0.97779261,0.97900369,0.1237%,0.001211,244
10199.96,292,Bound, ,0.97779261,0.97900369,0.1237%,0.001211,243
10210.824,293, , ,0.97779261,0.97900369,0.1237%,0.001211,244
10223.173,294, , ,0.97779261,0.97900369,0.1237%,0.001211,245
10232.562,295, , ,0.97779261,0.97900369,0.1237%,0.001211,246
10240.534,296, , ,0.97779261,0.97900369,0.1237%,0.001211,247
10248.612,297, , ,0.97779261,0.97900369,0.1237%,0.001211,248
10257.479,298, , ,0.97779261,0.97900369,0.1237%,0.001211,249
10266.786,299, , ,0.97779261,0.97900369,0.1237%,0.001211,250
10277.472,300, , ,0.97779261,0.97900369,0.1237%,0.001211,251
10284.635,301, , ,0.97779261,0.97900369,0.1237%,0.001211,252
10292.48,302,Bound, ,0.97779261,0.97900369,0.1237%,0.001211,251
10300.557,303, , ,0.97779261,0.97900369,0.1237%,0.001211,252
10309.457,304, , ,0.97779261,0.97900369,0.1237%,0.001211,253
10317.791,305, , ,0.97779261,0.97900369,0.1237%,0.001211,254
10327.013,306, , ,0.97779261,0.97900369,0.1237%,0.001211,255
10334.433,307, , ,0.97779261,0.97900369,0.1237%,0.001211,256
10342.759,308,Bound, ,0.97779261,0.97900369,0.1237%,0.001211,255
10350.253,309, , ,0.97779261,0.97900369,0.1237%,0.001211,256
10358.119,310,Bound, ,0.97779261,0.97900369,0.1237%,0.001211,255
10371.976,311, , ,0.97779261,0.97900369,0.1237%,0.001211,256
10383.545,312, , ,0.97779261,0.97900369,0.1237%,0.001211,257
10395.287,313, , ,0.97779261,0.97900369,0.1237%,0.001211,258
10406.979,314, , ,0.97779261,0.97900369,0.1237%,0.001211,259
10419.401,315, , ,0.97779261,0.97900369,0.1237%,0.001211,260
10431.999,316, , ,0.97779261,0.97900369,0.1237%,0.001211,261
10444.713,317, , ,0.97779261,0.97900369,0.1237%,0.001211,262
10456.824,318, , ,0.97779261,0.97900369,0.1237%,0.001211,263
10464.35,319, , ,0.97779261,0.97900369,0.1237%,0.001211,264
10477.953,320, , ,0.97779261,0.97900369,0.1237%,0.001211,265
10491.296,321, , ,0.97779261,0.97900369,0.1237%,0.001211,266
10504.907,322, , ,0.97779261,0.97900369,0.1237%,0.001211,267
10517.489,323, , ,0.97779261,0.97900369,0.1237%,0.001211,268
10529.054,324, , ,0.97779261,0.97900369,0.1237%,0.001211,269
10541.549,325, , ,0.97779261,0.97900369,0.1237%,0.001211,270
10554.738,326, , ,0.97779261,0.97900369,0.1237%,0.001211,271
10566.344,327, , ,0.97779261,0.97900369,0.1237%,0.001211,272
10579.265,328, , ,0.97779261,0.97900369,0.1237%,0.001211,273
10589.916,329, , ,0.97779261,0.97900369,0.1237%,0.001211,274
10601.706,330, , ,0.97779261,0.97900369,0.1237%,0.001211,275
10613.642,331, , ,0.97779261,0.97900369,0.1237%,0.001211,276
10627.812,332, , ,0.97779261,0.97900369,0.1237%,0.001211,277
10640.038,333, , ,0.97779261,0.97900369,0.1237%,0.001211,278
10651.833,334, , ,0.97779261,0.97900369,0.1237%,0.001211,279
10660.915,335, , ,0.97779261,0.97900369,0.1237%,0.001211,280
10671.835,336, , ,0.97779261,0.97900369,0.1237%,0.001211,281
10689.814,337, , ,0.97779261,0.97900369,0.1237%,0.001211,282
10700.24,338, , ,0.97779261,0.97900369,0.1237%,0.001211,283
10710.265,339, , ,0.97779261,0.97900369,0.1237%,0.001211,284
10721.029,340, , ,0.97779261,0.97900369,0.1237%,0.001211,285
10729.165,341,Bound, ,0.97779261,0.97900369,0.1237%,0.001211,284
10739.965,342, , ,0.97779261,0.97900369,0.1237%,0.001211,285
10749.018,343, , ,0.97779261,0.97900369,0.1237%,0.001211,286
10758.351,344, , ,0.97779261,0.97900369,0.1237%,0.001211,287
10762.776,345, , ,0.97779261,0.97900369,0.1237%,0.001211,288
10772.174,346, , ,0.97779261,0.97900369,0.1237%,0.001211,289
10780.825,347, , ,0.97779261,0.97900369,0.1237%,0.001211,290
10788.897,348,Bound, ,0.97779261,0.97900369,0.1237%,0.001211,289
10797.04,349,Bound, ,0.97779261,0.97900369,0.1237%,0.001211,288
10805.091,350,Bound, ,0.97779261,0.97900369,0.1237%,0.001211,287
10813.407,351,Bound, ,0.97779261,0.97900369,0.1237%,0.001211,286
10827.836,352, , ,0.97779261,0.97900369,0.1237%,0.001211,287
10841.203,353, , ,0.97779261,0.97900369,0.1237%,0.001211,288
10852.949,354, , ,0.97779261,0.97900369,0.1237%,0.001211,289
10864.361,355, , ,0.97779261,0.97900369,0.1237%,0.001211,290
10875.859,356, , ,0.97779261,0.97900369,0.1237%,0.001211,291
10888.186,357, , ,0.97779261,0.97900369,0.1237%,0.001211,292
10895.562,358,Bound, ,0.97779261,0.97900369,0.1237%,0.001211,291
10903.103,359, , ,0.97779261,0.97900369,0.1237%,0.001211,292
10910.47,360, , ,0.97779261,0.97900369,0.1237%,0.001211,293
10920.878,361, , ,0.97779261,0.97900369,0.1237%,0.001211,294
10931.341,362, , ,0.97779261,0.97900369,0.1237%,0.001211,295
10942.096,363, , ,0.97779261,0.97900369,0.1237%,0.001211,296
10952.807,364, , ,0.97779261,0.97900369,0.1237%,0.001211,297
10963.344,365, , ,0.97779261,0.97900369,0.1237%,0.001211,298
10976.383,366, , ,0.97779261,0.97900369,0.1237%,0.001211,299
10988.547,367, , ,0.97779261,0.97900369,0.1237%,0.001211,300
11002.241,368, , ,0.97779261,0.97900369,0.1237%,0.001211,301
11014.314,369, , ,0.97779261,0.97900369,0.1237%,0.001211,302
11023.149,370, , ,0.97779261,0.97900369,0.1237%,0.001211,303
11031.908,371, , ,0.97779261,0.97900369,0.1237%,0.001211,304
11045.498,372, , ,0.97779261,0.97900369,0.1237%,0.001211,305
11059.48,373, , ,0.97779261,0.97900369,0.1237%,0.001211,306
11071.232,374, , ,0.97779261,0.97900369,0.1237%,0.001211,307
11084.649,375, , ,0.97779261,0.97900369,0.1237%,0.001211,308
11095.043,376, , ,0.97779261,0.97900369,0.1237%,0.001211,309
11106.94,377, , ,0.97779261,0.97900369,0.1237%,0.001211,310
11119.421,378, , ,0.97779261,0.97900369,0.1237%,0.001211,311
11127.465,379,Bound, ,0.97779261,0.97900369,0.1237%,0.001211,310
11133.715,380,Bound, ,0.97779261,0.97900369,0.1237%,0.001211,309
11140.334,381, , ,0.97779261,0.97900369,0.1237%,0.001211,310
11150.806,382, , ,0.97779261,0.97900369,0.1237%,0.001211,311
11159.384,383, , ,0.97779261,0.97900369,0.1237%,0.001211,312
11168.731,384, , ,0.97779261,0.97900369,0.1237%,0.001211,313
11178.926,385, , ,0.97779261,0.97900369,0.1237%,0.001211,314
11193.196,386, , ,0.97779261,0.97900369,0.1237%,0.001211,315
11206.518,387, , ,0.97779261,0.97900369,0.1237%,0.001211,316
11214.295,388, , ,0.97779261,0.97900369,0.1237%,0.001211,317
11223.156,389, , ,0.97779261,0.97900369,0.1237%,0.001211,318
11230.846,390, , ,0.97779261,0.97900369,0.1237%,0.001211,319
11238.851,391,Bound, ,0.97779261,0.97900369,0.1237%,0.001211,318
11247.055,392, , ,0.97779261,0.97900369,0.1237%,0.001211,319
11256.286,393, , ,0.97779261,0.97900369,0.1237%,0.001211,320
11265.239,394, , ,0.97779261,0.97900369,0.1237%,0.001211,321
11273.579,395, , ,0.97779261,0.97900369,0.1237%,0.001211,322
11281.486,396,Bound, ,0.97779261,0.97900369,0.1237%,0.001211,321
11288.345,397,Bound, ,0.97779261,0.97900369,0.1237%,0.001211,320
11296.331,398,Bound, ,0.97779261,0.97900369,0.1237%,0.001211,319
11303.849,399, , ,0.97779261,0.97900369,0.1237%,0.001211,320
11311.91,400,Bound, ,0.97779261,0.97900369,0.1237%,0.001211,319
11319.905,401, , ,0.97779261,0.97900369,0.1237%,0.001211,320
11327.328,402, , ,0.97779261,0.97900369,0.1237%,0.001211,321
11335.533,403, , ,0.97779261,0.97900369,0.1237%,0.001211,322
11347.164,404, , ,0.97779261,0.97900369,0.1237%,0.001211,323
11359.002,405, , ,0.97779261,0.97900369,0.1237%,0.001211,324
11366.114,406, , ,0.97779261,0.97900369,0.1237%,0.001211,325
11373.882,407,Bound, ,0.97779261,0.97900369,0.1237%,0.001211,324
11384.052,408, , ,0.97779261,0.97900369,0.1237%,0.001211,325
11397.823,409, , ,0.97779261,0.97900369,0.1237%,0.001211,326
11409.224,410, , ,0.97779261,0.97900369,0.1237%,0.001211,327
11417.171,411, , ,0.97779261,0.97900369,0.1237%,0.001211,328
11426.108,412, , ,0.97779261,0.97900369,0.1237%,0.001211,329
11436.547,413, , ,0.97779261,0.97900369,0.1237%,0.001211,330
11446.971,414, , ,0.97779261,0.97900369,0.1237%,0.001211,331
11454.23,415, , ,0.97779261,0.97900369,0.1237%,0.001211,332
11462.158,416,Bound, ,0.97779261,0.97900369,0.1237%,0.001211,331
11470.972,417, , ,0.97779261,0.97900369,0.1237%,0.001211,332
11480.379,418, , ,0.97779261,0.97900369,0.1237%,0.001211,333
11493.359,419, , ,0.97779261,0.97900369,0.1237%,0.001211,334
11504.99,420, , ,0.97779261,0.97900369,0.1237%,0.001211,335
11508.966,421, , ,0.97779261,0.97900369,0.1237%,0.001211,336
11517.11,422,Bound, ,0.97779261,0.97900369,0.1237%,0.001211,335
11527.516,423, , ,0.97779261,0.97900369,0.1237%,0.001211,336
11538.205,424, , ,0.97779261,0.97900369,0.1237%,0.001211,337
11550.572,425, , ,0.97779261,0.97900369,0.1237%,0.001211,338
11562.69,426, , ,0.97779261,0.97900369,0.1237%,0.001211,339
11571.641,427, , ,0.97779261,0.97900369,0.1237%,0.001211,340
11581.013,428, , ,0.97779261,0.97900369,0.1237%,0.001211,341
11594.646,429, , ,0.97779261,0.97900369,0.1237%,0.001211,342
11604.648,430, , ,0.97779261,0.97900369,0.1237%,0.001211,343
11614.761,431, , ,0.97779261,0.97900369,0.1237%,0.001211,344
11625.534,432, , ,0.97779261,0.97900369,0.1237%,0.001211,345
11633.276,433, , ,0.97779261,0.97900369,0.1237%,0.001211,346
11641.396,434,Bound, ,0.97779261,0.97900369,0.1237%,0.001211,345
11649.931,435, , ,0.97779261,0.97900369,0.1237%,0.001211,346
11658.96,436, , ,0.97779261,0.97900369,0.1237%,0.001211,347
11666.992,437, , ,0.97779261,0.97900369,0.1237%,0.001211,348
11676.062,438, , ,0.97779261,0.97900369,0.1237%,0.001211,349
11683.507,439, , ,0.97779261,0.97900369,0.1237%,0.001211,350
11691.715,440,Bound, ,0.97779261,0.97900369,0.1237%,0.001211,349
11698.951,441, , ,0.97779261,0.97900369,0.1237%,0.001211,350
11706.655,442,Bound, ,0.97779261,0.97900369,0.1237%,0.001211,349
11718.887,443, , ,0.97779261,0.97900369,0.1237%,0.001211,350
11726.048,444, , ,0.97779261,0.97900369,0.1237%,0.001211,351
11733.419,445, , ,0.97779261,0.97900369,0.1237%,0.001211,352
11743.779,446, , ,0.97779261,0.97900369,0.1237%,0.001211,353
11754.956,447, , ,0.97779261,0.97900369,0.1237%,0.001211,354
11767.38,448, , ,0.97779261,0.97900369,0.1237%,0.001211,355
11775.57,449, , ,0.97779261,0.97900369,0.1237%,0.001211,356
11784.276,450, , ,0.97779261,0.97900369,0.1237%,0.001211,357
11793.494,451, , ,0.97779261,0.97900369,0.1237%,0.001211,358
11805.01,452, , ,0.97779261,0.97900369,0.1237%,0.001211,359
11812.307,453, , ,0.97779261,0.97900369,0.1237%,0.001211,360
11820.187,454,Bound, ,0.97779261,0.97900369,0.1237%,0.001211,359
11827.613,455, , ,0.97779261,0.97900369,0.1237%,0.001211,360
11835.112,456,Bound, ,0.97779261,0.97900369,0.1237%,0.001211,359
11844.139,457, , ,0.97779261,0.97900369,0.1237%,0.001211,360
11852.649,458, , ,0.97779261,0.97900369,0.1237%,0.001211,361
11861.015,459, , ,0.97779261,0.97900369,0.1237%,0.001211,362
11868.376,460, , ,0.97779261,0.97900369,0.1237%,0.001211,363
11876.583,461,Bound, ,0.97779261,0.97900369,0.1237%,0.001211,362
11887.896,462, , ,0.97779261,0.97900369,0.1237%,0.001211,363
11899.962,463, , ,0.97779261,0.97900369,0.1237%,0.001211,364
11909.007,464, , ,0.97779261,0.97900369,0.1237%,0.001211,365
11921.571,465, , ,0.97779261,0.97900369,0.1237%,0.001211,366
11932.683,466, , ,0.97779261,0.97900369,0.1237%,0.001211,367
11945.4,467, , ,0.97779261,0.97900369,0.1237%,0.001211,368
11952.003,468, , ,0.97779261,0.97900369,0.1237%,0.001211,369
11959.478,469, , ,0.97779261,0.97900369,0.1237%,0.001211,370
11967.499,470,Bound, ,0.97779261,0.97900369,0.1237%,0.001211,369
11980.28,471, , ,0.97779261,0.97900369,0.1237%,0.001211,370
11991.014,472, , ,0.97779261,0.97900369,0.1237%,0.001211,371
11999.383,473, , ,0.97779261,0.97900369,0.1237%,0.001211,372
12007.409,474, , ,0.97779261,0.97900369,0.1237%,0.001211,373
12015.761,475, , ,0.97779261,0.97900369,0.1237%,0.001211,374
12025.21,476, , ,0.97779261,0.97900369,0.1237%,0.001211,375
12040.103,477, , ,0.97779261,0.97900369,0.1237%,0.001211,376
12048.689,478, , ,0.97779261,0.97900369,0.1237%,0.001211,377
12055.953,479,Bound, ,0.97779261,0.97900369,0.1237%,0.001211,376
12064.273,480,Bound, ,0.97779261,0.97900369,0.1237%,0.001211,375
12076.016,481, , ,0.97779261,0.97900369,0.1237%,0.001211,376
12086.372,482, , ,0.97779261,0.97900369,0.1237%,0.001211,377
12099.271,483, , ,0.97779261,0.97900369,0.1237%,0.001211,378
12113.015,484, , ,0.97779261,0.97900369,0.1237%,0.001211,379
12121.451,485, , ,0.97779261,0.97900369,0.1237%,0.001211,380
12130.428,486, , ,0.97779261,0.97900369,0.1237%,0.001211,381
12143.543,487, , ,0.97779261,0.97900369,0.1237%,0.001211,382
12154.244,488, , ,0.97779261,0.97900369,0.1237%,0.001211,383
12161.91,489, , ,0.97779261,0.97900369,0.1237%,0.001211,384
12170.002,490,Bound, ,0.97779261,0.97900369,0.1237%,0.001211,383
12178.67,491, , ,0.97779261,0.97900369,0.1237%,0.001211,384
12187.851,492, , ,0.97779261,0.97900369,0.1237%,0.001211,385
12198.031,493, , ,0.97779261,0.97900369,0.1237%,0.001211,386
12205.232,494,Bound, ,0.97779261,0.97900369,0.1237%,0.001211,385
12213.292,495,Bound, ,0.97779261,0.97900369,0.1237%,0.001211,384
12221.077,496,Bound, ,0.97779261,0.97900369,0.1237%,0.001211,383
12231.661,497, , ,0.97779261,0.97900369,0.1237%,0.001211,384
12241.95,498, , ,0.97779261,0.97900369,0.1237%,0.001211,385
12252.943,499, , ,0.97779261,0.97900369,0.1237%,0.001211,386
12267.888,500, , ,0.97779261,0.97900369,0.1237%,0.001211,387
12280.805,501, , ,0.97779261,0.97900369,0.1237%,0.001211,388
12292.441,502, , ,0.97779261,0.97900369,0.1237%,0.001211,389
12302.371,503, , ,0.97779261,0.97900369,0.1237%,0.001211,390
12312.325,504, , ,0.97779261,0.97900369,0.1237%,0.001211,391
12322.607,505, , ,0.97779261,0.97900369,0.1237%,0.001211,392
12331.015,506, , ,0.97779261,0.97900369,0.1237%,0.001211,393
12339.897,507, , ,0.97779261,0.97900369,0.1237%,0.001211,394
12348.779,508, , ,0.97779261,0.97900369,0.1237%,0.001211,395
12357.959,509, , ,0.97779261,0.97900369,0.1237%,0.001211,396
12365.59,510, , ,0.97779261,0.97900369,0.1237%,0.001211,397
12373.87,511,Bound, ,0.97779261,0.97900369,0.1237%,0.001211,396
12381.409,512, , ,0.97779261,0.97900369,0.1237%,0.001211,397
12389.528,513,Bound, ,0.97779261,0.97900369,0.1237%,0.001211,396
12402.845,514, , ,0.97779261,0.97900369,0.1237%,0.001211,397
12414.869,515, , ,0.97779261,0.97900369,0.1237%,0.001211,398
12427.722,516, , ,0.97779261,0.97900369,0.1237%,0.001211,399
12438.175,517, , ,0.97779261,0.97900369,0.1237%,0.001211,400
12450.781,518, , ,0.97779261,0.97900369,0.1237%,0.001211,401
12460.933,519, , ,0.97779261,0.97900369,0.1237%,0.001211,402
12469.095,520, , ,0.97779261,0.97900369,0.1237%,0.001211,403
12478.143,521, , ,0.97779261,0.97900369,0.1237%,0.001211,404
12486.282,522, , ,0.97779261,0.97900369,0.1237%,0.001211,405
12495.198,523, , ,0.97779261,0.97900369,0.1237%,0.001211,406
12501.896,524,Bound, ,0.97779261,0.97900369,0.1237%,0.001211,405
12509.821,525,Bound, ,0.97779261,0.97900369,0.1237%,0.001211,404
12517.187,526, , ,0.97779261,0.97900369,0.1237%,0.001211,405
12524.866,527,Bound, ,0.97779261,0.97900369,0.1237%,0.001211,404
12537.47,528, , ,0.97779261,0.97900369,0.1237%,0.001211,405
12547.988,529, , ,0.97779261,0.97900369,0.1237%,0.001211,406
12563.48,530, , ,0.97779261,0.97900369,0.1237%,0.001211,407
12570.058,531,Bound, ,0.97779261,0.97900369,0.1237%,0.001211,406
12577.917,532, , ,0.97779261,0.97900369,0.1237%,0.001211,407
12591.426,533, , ,0.97779261,0.97900369,0.1237%,0.001211,408
12605.481,534, , ,0.97779261,0.97900369,0.1237%,0.001211,409
12618.398,535, , ,0.97779261,0.97900369,0.1237%,0.001211,410
12624.893,536, , ,0.97779261,0.97900369,0.1237%,0.001211,411
12633.212,537, , ,0.97779261,0.97900369,0.1237%,0.001211,412
12646.447,538, , ,0.97779261,0.97900369,0.1237%,0.001211,413
12660.001,539, , ,0.97779261,0.97900369,0.1237%,0.001211,414
12670.752,540, , ,0.97779261,0.97900369,0.1237%,0.001211,415
12681.13,541, , ,0.97779261,0.97900369,0.1237%,0.001211,416
12691.353,542, , ,0.97779261,0.97900369,0.1237%,0.001211,417
12701.869,543, , ,0.97779261,0.97900369,0.1237%,0.001211,418
12709.861,544, , ,0.97779261,0.97900369,0.1237%,0.001211,419
12718.576,545, , ,0.97779261,0.97900369,0.1237%,0.001211,420
12726.475,546, , ,0.97779261,0.97900369,0.1237%,0.001211,421
12735.345,547, , ,0.97779261,0.97900369,0.1237%,0.001211,422
12742.134,548,Bound, ,0.97779261,0.97900369,0.1237%,0.001211,421
12749.972,549,Bound, ,0.97779261,0.97900369,0.1237%,0.001211,420
12756.655,550,Bound, ,0.97779261,0.97900369,0.1237%,0.001211,419
12764.475,551,Bound, ,0.97779261,0.97900369,0.1237%,0.001211,418
12772.822,552, , ,0.97779261,0.97900369,0.1237%,0.001211,419
12786.027,553, , ,0.97779261,0.97900369,0.1237%,0.001211,420
12793.862,554, , ,0.97779261,0.97900369,0.1237%,0.001211,421
12805.627,555, , ,0.97779261,0.97900369,0.1237%,0.001211,422
12815.836,556, , ,0.97779261,0.97900369,0.1237%,0.001211,423
12824.366,557, , ,0.97779261,0.97900369,0.1237%,0.001211,424
12832.242,558, , ,0.97779261,0.97900369,0.1237%,0.001211,425
12843.126,559, , ,0.97779261,0.97900369,0.1237%,0.001211,426
12855.339,560, , ,0.97779261,0.97900369,0.1237%,0.001211,427
12862.552,561, , ,0.97779261,0.97900369,0.1237%,0.001211,428
12870.053,562,Bound, ,0.97779261,0.97900369,0.1237%,0.001211,427
12879.955,563, , ,0.97779261,0.97900369,0.1237%,0.001211,428
12890.997,564, , ,0.97779261,0.97900369,0.1237%,0.001211,429
12904.71,565, , ,0.97779261,0.97900369,0.1237%,0.001211,430
12913.369,566, , ,0.97779261,0.97900369,0.1237%,0.001211,431
12923.096,567, , ,0.97779261,0.97900369,0.1237%,0.001211,432
12937.408,568, , ,0.97779261,0.97900369,0.1237%,0.001211,433
12948.14,569, , ,0.97779261,0.97900369,0.1237%,0.001211,434
12955.735,570, , ,0.97779261,0.97900369,0.1237%,0.001211,435
12963.71,571,Bound, ,0.97779261,0.97900369,0.1237%,0.001211,434
12972.114,572, , ,0.97779261,0.97900369,0.1237%,0.001211,435
12981.634,573, , ,0.97779261,0.97900369,0.1237%,0.001211,436
12994.716,574, , ,0.97779261,0.97900369,0.1237%,0.001211,437
13001.927,575,Bound, ,0.97779261,0.97900369,0.1237%,0.001211,436
13010.354,576,Bound, ,0.97779261,0.97900369,0.1237%,0.001211,435
13017.524,577, , ,0.97779261,0.97900369,0.1237%,0.001211,436
13031.187,578, , ,0.97779261,0.97900369,0.1237%,0.001211,437
13042.221,579, , ,0.97779261,0.97900369,0.1237%,0.001211,438
13051.499,580, , ,0.97779261,0.97900369,0.1237%,0.001211,439
13063.602,581, , ,0.97779261,0.97900369,0.1237%,0.001211,440
13069.152,582, , ,0.97779261,0.97900369,0.1237%,0.001211,441
13082.61,583, , ,0.97779261,0.97900369,0.1237%,0.001211,442
13093.844,584, , ,0.97779261,0.97900369,0.1237%,0.001211,443
13109.288,585, , ,0.97779261,0.97900369,0.1237%,0.001211,444
13119.716,586, , ,0.97779261,0.97900369,0.1237%,0.001211,445
13132.547,587, , ,0.97779261,0.97900369,0.1237%,0.001211,446
13141.156,588, , ,0.97779261,0.97900369,0.1237%,0.001211,447
13150.269,589, , ,0.97779261,0.97900369,0.1237%,0.001211,448
13162.342,590, , ,0.97779261,0.97900369,0.1237%,0.001211,449
13169.288,591,Bound, ,0.97779261,0.97900369,0.1237%,0.001211,448
13177.262,592,Bound, ,0.97779261,0.97900369,0.1237%,0.001211,447
13190.317,593, , ,0.97779261,0.97900369,0.1237%,0.001211,448
13200.603,594, , ,0.97779261,0.97900369,0.1237%,0.001211,449
13208.794,595, , ,0.97779261,0.97900369,0.1237%,0.001211,450
13216.96,596, , ,0.97779261,0.97900369,0.1237%,0.001211,451
13225.856,597, , ,0.97779261,0.97900369,0.1237%,0.001211,452
13237.957,598, , ,0.97779261,0.97900369,0.1237%,0.001211,453
13245.093,599, , ,0.97779261,0.97900369,0.1237%,0.001211,454
13252.666,600,Bound, ,0.97779261,0.97900369,0.1237%,0.001211,453
13266.355,601, , ,0.97779261,0.97900369,0.1237%,0.001211,454
13276.539,602, , ,0.97779261,0.97900369,0.1237%,0.001211,455
13289.762,603, , ,0.97779261,0.97900369,0.1237%,0.001211,456
13298.333,604, , ,0.97779261,0.97900369,0.1237%,0.001211,457
13307.247,605, , ,0.97779261,0.97900369,0.1237%,0.001211,458
13318.767,606, , ,0.97779261,0.97900369,0.1237%,0.001211,459
13329.299,607, , ,0.97779261,0.97900369,0.1237%,0.001211,460
13336.206,608,Bound, ,0.97779261,0.97900369,0.1237%,0.001211,459
13344.324,609,Bound, ,0.97779261,0.97900369,0.1237%,0.001211,458
13353.079,610, , ,0.97779261,0.97900369,0.1237%,0.001211,459
13361.731,611, , ,0.97779261,0.97900369,0.1237%,0.001211,460
13374.661,612, , ,0.97779261,0.97900369,0.1237%,0.001211,461
13382.554,613, , ,0.97779261,0.97900369,0.1237%,0.001211,462
13390.714,614,Bound, ,0.97779261,0.97900369,0.1237%,0.001211,461
13401.362,615, , ,0.97779261,0.97900369,0.1237%,0.001211,462
13411.807,616, , ,0.97779261,0.97900369,0.1237%,0.001211,463
13424.223,617, , ,0.97779261,0.97900369,0.1237%,0.001211,464
13432.932,618, , ,0.97779261,0.97900369,0.1237%,0.001211,465
13442.09,619, , ,0.97779261,0.97900369,0.1237%,0.001211,466
13454.3,620, , ,0.97779261,0.97900369,0.1237%,0.001211,467
13466.726,621, , ,0.97779261,0.97900369,0.1237%,0.001211,468
13478.665,622, , ,0.97779261,0.97900369,0.1237%,0.001211,469
13488.507,623, , ,0.97779261,0.97900369,0.1237%,0.001211,470
13498.745,624, , ,0.97779261,0.97900369,0.1237%,0.001211,471
13509.348,625, , ,0.97779261,0.97900369,0.1237%,0.001211,472
13512.967,626, , ,0.97779261,0.97900369,0.1237%,0.001211,473
13522.204,627, , ,0.97779261,0.97900369,0.1237%,0.001211,474
13530.516,628, , ,0.97779261,0.97900369,0.1237%,0.001211,475
13539.481,629, , ,0.97779261,0.97900369,0.1237%,0.001211,476
13546.688,630,Bound, ,0.97779261,0.97900369,0.1237%,0.001211,475
13554.96,631,Bound, ,0.97779261,0.97900369,0.1237%,0.001211,474
13562.308,632, , ,0.97779261,0.97900369,0.1237%,0.001211,475
13570.115,633,Bound, ,0.97779261,0.97900369,0.1237%,0.001211,474
13581.616,634, , ,0.97779261,0.97900369,0.1237%,0.001211,475
13599.798,635, , ,0.97779261,0.97900369,0.1237%,0.001211,476
13612.589,636, , ,0.97779261,0.97900369,0.1237%,0.001211,477
13624.776,637, , ,0.97779261,0.97900369,0.1237%,0.001211,478
13636.348,638, , ,0.97779261,0.97900369,0.1237%,0.001211,479
13647.023,639, , ,0.97779261,0.97900369,0.1237%,0.001211,480
13659.253,640, , ,0.97779261,0.97900369,0.1237%,0.001211,481
13667.55,641, , ,0.97779261,0.97900369,0.1237%,0.001211,482
13676.579,642, , ,0.97779261,0.97900369,0.1237%,0.001211,483
13688.864,643, , ,0.97779261,0.97900369,0.1237%,0.001211,484
13699.475,644, , ,0.97779261,0.97900369,0.1237%,0.001211,485
13707.032,645, , ,0.97779261,0.97900369,0.1237%,0.001211,486
13715.249,646,Bound, ,0.97779261,0.97900369,0.1237%,0.001211,485
13723.05,647, , ,0.97779261,0.97900369,0.1237%,0.001211,486
13732.161,648, , ,0.97779261,0.97900369,0.1237%,0.001211,487
13744.375,649, , ,0.97779261,0.97900369,0.1237%,0.001211,488
13751.594,650, , ,0.97779261,0.97900369,0.1237%,0.001211,489
13758.852,651,Bound, ,0.97779261,0.97900369,0.1237%,0.001211,488
13770.825,652, , ,0.97779261,0.97900369,0.1237%,0.001211,489
13784.106,653, , ,0.97779261,0.97900369,0.1237%,0.001211,490
13795.387,654, , ,0.97779261,0.97900369,0.1237%,0.001211,491
13808.875,655, , ,0.97779261,0.97900369,0.1237%,0.001211,492
13823.262,656, , ,0.97779261,0.97900369,0.1237%,0.001211,493
13838.167,657, , ,0.97779261,0.97900369,0.1237%,0.001211,494
13848.442,658, , ,0.97779261,0.97900369,0.1237%,0.001211,495
13866.421,659, , ,0.97779261,0.97900369,0.1237%,0.001211,496
13877.322,660, , ,0.97779261,0.97900369,0.1237%,0.001211,497
13886.369,661, , ,0.97779261,0.97900369,0.1237%,0.001211,498
13896.592,662, , ,0.97779261,0.97900369,0.1237%,0.001211,499
13903.182,663, , ,0.97779261,0.97900369,0.1237%,0.001211,500
13912.141,664, , ,0.97779261,0.97900369,0.1237%,0.001211,501
13920.273,665, , ,0.97779261,0.97900369,0.1237%,0.001211,502
13929.009,666,Bound, ,0.97779261,0.97900369,0.1237%,0.001211,501
13936.195,667,Bound, ,0.97779261,0.97900369,0.1237%,0.001211,500
13944.315,668,Bound, ,0.97779261,0.97900369,0.1237%,0.001211,499
13956.352,669, , ,0.97779261,0.97900369,0.1237%,0.001211,500
13967.89,670, , ,0.97779261,0.97900369,0.1237%,0.001211,501
13980.498,671, , ,0.97779261,0.97900369,0.1237%,0.001211,502
13992.933,672, , ,0.97779261,0.97900369,0.1237%,0.001211,503
14005.133,673, , ,0.97779261,0.97900369,0.1237%,0.001211,504
14017.43,674, , ,0.97779261,0.97900369,0.1237%,0.001211,505
14029.782,675, , ,0.97779261,0.97900369,0.1237%,0.001211,506
14039.038,676, , ,0.97779261,0.97900369,0.1237%,0.001211,507
14048.861,677, , ,0.97779261,0.97900369,0.1237%,0.001211,508
14058.563,678, , ,0.97779261,0.97900369,0.1237%,0.001211,509
14069.05,679, , ,0.97779261,0.97900369,0.1237%,0.001211,510
14080.954,680, , ,0.97779261,0.97900369,0.1237%,0.001211,511
14092.628,681, , ,0.97779261,0.97900369,0.1237%,0.001211,512
14104.153,682, , ,0.97779261,0.97900369,0.1237%,0.001211,513
14117.333,683, , ,0.97779261,0.97900369,0.1237%,0.001211,514
14126.61,684, , ,0.97779261,0.97900369,0.1237%,0.001211,515
14135.207,685, , ,0.97779261,0.97900369,0.1237%,0.001211,516
14143.64,686, , ,0.97779261,0.97900369,0.1237%,0.001211,517
14152.687,687, , ,0.97779261,0.97900369,0.1237%,0.001211,518
14161.451,688, , ,0.97779261,0.97900369,0.1237%,0.001211,519
14172.112,689, , ,0.97779261,0.97900369,0.1237%,0.001211,520
14180.845,690, , ,0.97779261,0.97900369,0.1237%,0.001211,521
14188.54,691,Bound, ,0.97779261,0.97900369,0.1237%,0.001211,520
14200.847,692, , ,0.97779261,0.97900369,0.1237%,0.001211,521
14212.153,693, , ,0.97779261,0.97900369,0.1237%,0.001211,522
14226.578,694, , ,0.97779261,0.97900369,0.1237%,0.001211,523
14239.048,695, , ,0.97779261,0.97900369,0.1237%,0.001211,524
14249.487,696, , ,0.97779261,0.97900369,0.1237%,0.001211,525
14258.521,697, , ,0.97779261,0.97900369,0.1237%,0.001211,526
14268.911,698, , ,0.97779261,0.97900369,0.1237%,0.001211,527
14280.11,699, , ,0.97779261,0.97900369,0.1237%,0.001211,528
14290.351,700, , ,0.97779261,0.97900369,0.1237%,0.001211,529
14298.775,701, , ,0.97779261,0.97900369,0.1237%,0.001211,530
14309.629,702, , ,0.97779261,0.97900369,0.1237%,0.001211,531
14320.376,703, , ,0.97779261,0.97900369,0.1237%,0.001211,532
14328.093,704, , ,0.97779261,0.97900369,0.1237%,0.001211,533
14331.773,705, , ,0.97779261,0.97900369,0.1237%,0.001211,534
14339.881,706, , ,0.97779261,0.97900369,0.1237%,0.001211,535
14348.671,707, , ,0.97779261,0.97900369,0.1237%,0.001211,536
14361.387,708, , ,0.97779261,0.97900369,0.1237%,0.001211,537
14372.966,709, , ,0.97779261,0.97900369,0.1237%,0.001211,538
14381.501,710, , ,0.97779261,0.97900369,0.1237%,0.001211,539
14390.625,711, , ,0.97779261,0.97900369,0.1237%,0.001211,540
14397.745,712, , ,0.97779261,0.97900369,0.1237%,0.001211,541
14407.901,713,Bound, ,0.97779261,0.97900369,0.1237%,0.001211,540
14415.625,714,Bound, ,0.97779261,0.97900369,0.1237%,0.001211,539
14422.257,715, , ,0.97779261,0.97900369,0.1237%,0.001211,540
14429.379,716, , ,0.97779261,0.97900369,0.1237%,0.001211,541
14437.243,717,Bound, ,0.97779261,0.97900369,0.1237%,0.001211,540
14444.757,718, , ,0.97779261,0.97900369,0.1237%,0.001211,541
14452.771,719,Bound, ,0.97779261,0.97900369,0.1237%,0.001211,540
14460.555,720,Bound, ,0.97779261,0.97900369,0.1237%,0.001211,539
14467.581,721, , ,0.97779261,0.97900369,0.1237%,0.001211,540
14477.118,722, , ,0.97779261,0.97900369,0.1237%,0.001211,541
14488.021,723, , ,0.97779261,0.97900369,0.1237%,0.001211,542
14497.831,724, , ,0.97779261,0.97900369,0.1237%,0.001211,543
14504.827,725, , ,0.97779261,0.97900369,0.1237%,0.001211,544
14512.571,726,Bound, ,0.97779261,0.97900369,0.1237%,0.001211,543
14521.335,727, , ,0.97779261,0.97900369,0.1237%,0.001211,544
14530.751,728, , ,0.97779261,0.97900369,0.1237%,0.001211,545
14538.086,729, , ,0.97779261,0.97900369,0.1237%,0.001211,546
14546.927,730, , ,0.97779261,0.97900369,0.1237%,0.001211,547
14556.681,731, , ,0.97779261,0.97900369,0.1237%,0.001211,548
14563.294,732, , ,0.97779261,0.97900369,0.1237%,0.001211,549
14571.275,733, , ,0.97779261,0.97900369,0.1237%,0.001211,550
14580.569,734, , ,0.97779261,0.97900369,0.1237%,0.001211,551
14588.437,735, , ,0.97779261,0.97900369,0.1237%,0.001211,552
14596.538,736,Bound, ,0.97779261,0.97900369,0.1237%,0.001211,551
14605.202,737, , ,0.97779261,0.97900369,0.1237%,0.001211,552
14614.525,738, , ,0.97779261,0.97900369,0.1237%,0.001211,553
14621.458,739, , ,0.97779261,0.97900369,0.1237%,0.001211,554
14629.629,740,Bound, ,0.97779261,0.97900369,0.1237%,0.001211,553
14638.718,741, , ,0.97779261,0.97900369,0.1237%,0.001211,554
14646.365,742, , ,0.97779261,0.97900369,0.1237%,0.001211,555
14654.297,743,Bound,* L  ,0.97779261,0.97900369,0.1237%,0.001211,554
14667.05,744, , ,0.97779261,0.97900369,0.1237%,0.001211,555
14678.403,745, , ,0.97779261,0.97900369,0.1237%,0.001211,556
14689.633,746, , ,0.97779261,0.97900369,0.1237%,0.001211,557
14701.306,747, , ,0.97779261,0.97900369,0.1237%,0.001211,558
14708.868,748, , ,0.97779261,0.97900369,0.1237%,0.001211,559
14723.13,749, , ,0.97779261,0.97900369,0.1237%,0.001211,560
14735.147,750, , ,0.97779261,0.97900369,0.1237%,0.001211,561
14746.665,751, , ,0.97779261,0.97900369,0.1237%,0.001211,562
14758.072,752, , ,0.97779261,0.97900369,0.1237%,0.001211,563
14771.119,753, , ,0.97779261,0.97900369,0.1237%,0.001211,564
14785.559,754, , ,0.97779261,0.97900369,0.1237%,0.001211,565
14801.167,755, , ,0.97779261,0.97900369,0.1237%,0.001211,566
14813.006,756, , ,0.97779261,0.97900369,0.1237%,0.001211,567
14825.531,757, , ,0.97779261,0.97900369,0.1237%,0.001211,568
14837.784,758, , ,0.97779261,0.97900369,0.1237%,0.001211,569
14851.161,759, , ,0.97779261,0.97900369,0.1237%,0.001211,570
14863.641,760, , ,0.97779261,0.97900369,0.1237%,0.001211,571
14874.337,761, , ,0.97779261,0.97900369,0.1237%,0.001211,572
14886.069,762, , ,0.97779261,0.97900369,0.1237%,0.001211,573
14897.813,763, , ,0.97779261,0.97900369,0.1237%,0.001211,574
14908.246,764, , ,0.97779261,0.97900369,0.1237%,0.001211,575
14920.855,765, , ,0.97779261,0.97900369,0.1237%,0.001211,576
14933.411,766, , ,0.97779261,0.97900369,0.1237%,0.001211,577
14945.775,767, , ,0.97779261,0.97900369,0.1237%,0.001211,578
14958.924,768, , ,0.97779261,0.97900369,0.1237%,0.001211,579
14969.529,769, , ,0.97779261,0.97900369,0.1237%,0.001211,580
14984.195,770, , ,0.97779261,0.97900369,0.1237%,0.001211,581
14994.825,771, , ,0.97779261,0.97900369,0.1237%,0.001211,582
15008.109,772, , ,0.97779261,0.97900369,0.1237%,0.001211,583
15018.225,773, , ,0.97779261,0.97900369,0.1237%,0.001211,584
15026.37,774, , ,0.97779261,0.97900369,0.1237%,0.001211,585
15035.577,775, , ,0.97779261,0.97900369,0.1237%,0.001211,586
15043.477,776, , ,0.97779261,0.97900369,0.1237%,0.001211,587
15052.65,777, , ,0.97779261,0.97900369,0.1237%,0.001211,588
15061.363,778, , ,0.97779261,0.97900369,0.1237%,0.001211,589
15071.063,779, , ,0.97779261,0.97900369,0.1237%,0.001211,590
15078.556,780, , ,0.97779261,0.97900369,0.1237%,0.001211,591
15086.353,781,Bound, ,0.97779261,0.97900369,0.1237%,0.001211,590
15093.861,782, , ,0.97779261,0.97900369,0.1237%,0.001211,591
15101.77,783,Bound, ,0.97779261,0.97900369,0.1237%,0.001211,590
15109.471,784, , ,0.97779261,0.97900369,0.1237%,0.001211,591
15117.951,785,Bound, ,0.97779261,0.97900369,0.1237%,0.001211,590
15126.881,786, , ,0.97779261,0.97900369,0.1237%,0.001211,591
15140.207,787, , ,0.97779261,0.97900369,0.1237%,0.001211,592
15146.472,788, , ,0.97779261,0.97900369,0.1237%,0.001211,593
15157.119,789, , ,0.97779261,0.97900369,0.1237%,0.001211,594
15164.424,790, , ,0.97779261,0.97900369,0.1237%,0.001211,595
15172.437,791,Bound, ,0.97779261,0.97900369,0.1237%,0.001211,594
15180.649,792, , ,0.97779261,0.97900369,0.1237%,0.001211,595
15189.845,793, , ,0.97779261,0.97900369,0.1237%,0.001211,596
15198.038,794, , ,0.97779261,0.97900369,0.1237%,0.001211,597
15206.754,795, , ,0.97779261,0.97900369,0.1237%,0.001211,598
15214.896,796, , ,0.97779261,0.97900369,0.1237%,0.001211,599
15221.161,797, , ,0.97779261,0.97900369,0.1237%,0.001211,600
15228.811,798,Bound, ,0.97779261,0.97900369,0.1237%,0.001211,599
15235.984,799, , ,0.97779261,0.97900369,0.1237%,0.001211,600
15243.706,800,Bound, ,0.97779261,0.97900369,0.1237%,0.001211,599
15252.557,801, , ,0.97779261,0.97900369,0.1237%,0.001211,600
15265.806,802, , ,0.97779261,0.97900369,0.1237%,0.001211,601
15279.145,803, , ,0.97779261,0.97900369,0.1237%,0.001211,602
15287.729,804, , ,0.97779261,0.97900369,0.1237%,0.001211,603
15295.053,805, , ,0.97779261,0.97900369,0.1237%,0.001211,604
15303.139,806,Bound, ,0.97779261,0.97900369,0.1237%,0.001211,603
15315.507,807, , ,0.97779261,0.97900369,0.1237%,0.001211,604
15327.2,808, , ,0.97779261,0.97900369,0.1237%,0.001211,605
15337.358,809, , ,0.97779261,0.97900369,0.1237%,0.001211,606
15349.646,810, , ,0.97779261,0.97900369,0.1237%,0.001211,607
15363.999,811, , ,0.97779261,0.97900369,0.1237%,0.001211,608
15378.83,812, , ,0.97779261,0.97900369,0.1237%,0.001211,609
15387.152,813, , ,0.97779261,0.97900369,0.1237%,0.001211,610
15396.405,814, , ,0.97779261,0.97900369,0.1237%,0.001211,611
15408.252,815, , ,0.97779261,0.97900369,0.1237%,0.001211,612
15419.015,816, , ,0.97779261,0.97900369,0.1237%,0.001211,613
15431.033,817, , ,0.97779261,0.97900369,0.1237%,0.001211,614
15441.302,818, , ,0.97779261,0.97900369,0.1237%,0.001211,615
15448.76,819, , ,0.97779261,0.97900369,0.1237%,0.001211,616
15456.48,820,Bound, ,0.97779261,0.97900369,0.1237%,0.001211,615
15465.112,821, , ,0.97779261,0.97900369,0.1237%,0.001211,616
15474.639,822, , ,0.97779261,0.97900369,0.1237%,0.001211,617
15483.462,823, , ,0.97779261,0.97900369,0.1237%,0.001211,618
15493.236,824, , ,0.97779261,0.97900369,0.1237%,0.001211,619
15507.014,825, , ,0.97779261,0.97900369,0.1237%,0.001211,620
15515.03,826, , ,0.97779261,0.97900369,0.1237%,0.001211,621
15523.164,827,Bound, ,0.97779261,0.97900369,0.1237%,0.001211,620
15530.841,828, , ,0.97779261,0.97900369,0.1237%,0.001211,621
15539.491,829,Bound, ,0.97779261,0.97900369,0.1237%,0.001211,620
15552.752,830, , ,0.97779261,0.97900369,0.1237%,0.001211,621
15562.844,831, , ,0.97779261,0.97900369,0.1237%,0.001211,622
15572.654,832, , ,0.97779261,0.97900369,0.1237%,0.001211,623
15585.189,833, , ,0.97779261,0.97900369,0.1237%,0.001211,624
15589.848,834, , ,0.97779261,0.97900369,0.1237%,0.001211,625
15599.467,835, , ,0.97779261,0.97900369,0.1237%,0.001211,626
15608.055,836, , ,0.97779261,0.97900369,0.1237%,0.001211,627
15617.312,837, , ,0.97779261,0.97900369,0.1237%,0.001211,628
15624.704,838, , ,0.97779261,0.97900369,0.1237%,0.001211,629
15633.003,839,Bound, ,0.97779261,0.97900369,0.1237%,0.001211,628
15639.958,840, , ,0.97779261,0.97900369,0.1237%,0.001211,629
15648.077,841,Bound,* L  ,0.97779261,0.97900369,0.1237%,0.001211,628
15662.839,842, , ,0.97779261,0.97900369,0.1237%,0.001211,629
15674.957,843, , ,0.97779261,0.97900369,0.1237%,0.001211,630
15689.202,844, , ,0.97779261,0.97900369,0.1237%,0.001211,631
15702.079,845, , ,0.97779261,0.97900369,0.1237%,0.001211,632
15714.367,846, , ,0.97779261,0.97900369,0.1237%,0.001211,633
15726.546,847, , ,0.97779261,0.97900369,0.1237%,0.001211,634
15739.315,848, , ,0.97779261,0.97900369,0.1237%,0.001211,635
15753.585,849, , ,0.97779261,0.97900369,0.1237%,0.001211,636
15765.861,850, , ,0.97779261,0.97900369,0.1237%,0.001211,637
15778.39,851, , ,0.97779261,0.97900369,0.1237%,0.001211,638
15790.064,852, , ,0.97779261,0.97900369,0.1237%,0.001211,639
15802.541,853, , ,0.97779261,0.97900369,0.1237%,0.001211,640
15816.681,854, , ,0.97779261,0.97900369,0.1237%,0.001211,641
15832.964,855, , ,0.97779261,0.97900369,0.1237%,0.001211,642
15845.803,856, , ,0.97779261,0.97900369,0.1237%,0.001211,643
15858.368,857, , ,0.97779261,0.97900369,0.1237%,0.001211,644
15868.904,858, , ,0.97779261,0.97900369,0.1237%,0.001211,645
15881.443,859, , ,0.97779261,0.97900369,0.1237%,0.001211,646
15891.998,860, , ,0.97779261,0.97900369,0.1237%,0.001211,647
15907.079,861, , ,0.97779261,0.97900369,0.1237%,0.001211,648
15922.143,862, , ,0.97779261,0.97900369,0.1237%,0.001211,649
15930.335,863, , ,0.97779261,0.97900369,0.1237%,0.001211,650
15939.206,864, , ,0.97779261,0.97900369,0.1237%,0.001211,651
15947.366,865, , ,0.97779261,0.97900369,0.1237%,0.001211,652
15956.957,866, , ,0.97779261,0.97900369,0.1237%,0.001211,653
15970.405,867, , ,0.97779261,0.97900369,0.1237%,0.001211,654
15981.139,868, , ,0.97779261,0.97900369,0.1237%,0.001211,655
15987.753,869,Bound, ,0.97779261,0.97900369,0.1237%,0.001211,654
15995.359,870,Bound, ,0.97779261,0.97900369,0.1237%,0.001211,653
16001.878,871,Bound, ,0.97779261,0.97900369,0.1237%,0.001211,652
16009.297,872,Bound, ,0.97779261,0.97900369,0.1237%,0.001211,651
16017.685,873, , ,0.97779261,0.97900369,0.1237%,0.001211,652
16026.693,874, , ,0.97779261,0.97900369,0.1237%,0.001211,653
16041.169,875, , ,0.97779261,0.97900369,0.1237%,0.001211,654
16054.179,876, , ,0.97779261,0.97900369,0.1237%,0.001211,655
16061.432,877,Bound, ,0.97779261,0.97900369,0.1237%,0.001211,654
16069.544,878,Bound, ,0.97779261,0.97900369,0.1237%,0.001211,653
16079.414,879, , ,0.97779261,0.97900369,0.1237%,0.001211,654
16090.194,880, , ,0.97779261,0.97900369,0.1237%,0.001211,655
16102.788,881, , ,0.97779261,0.97900369,0.1237%,0.001211,656
16107.638,882, , ,0.97779261,0.97900369,0.1237%,0.001211,657
16116.555,883, , ,0.97779261,0.97900369,0.1237%,0.001211,658
16126.012,884, , ,0.97779261,0.97900369,0.1237%,0.001211,659
16134.708,885, , ,0.97779261,0.97900369,0.1237%,0.001211,660
16144.451,886, , ,0.97779261,0.97900369,0.1237%,0.001211,661
16152.268,887, , ,0.97779261,0.97900369,0.1237%,0.001211,662
16160.415,888,Bound, ,0.97779261,0.97900369,0.1237%,0.001211,661
16167.254,889,Bound, ,0.97779261,0.97900369,0.1237%,0.001211,660
16175.474,890,Bound, ,0.97779261,0.97900369,0.1237%,0.001211,659
16188.112,891, , ,0.97779261,0.97900369,0.1237%,0.001211,660
16200.801,892, , ,0.97779261,0.97900369,0.1237%,0.001211,661
16214.802,893, , ,0.97779261,0.97900369,0.1237%,0.001211,662
16228.346,894, , ,0.97779261,0.97900369,0.1237%,0.001211,663
16242.896,895, , ,0.97779261,0.97900369,0.1237%,0.001211,664
16255.175,896, , ,0.97779261,0.97900369,0.1237%,0.001211,665
16268.328,897, , ,0.97779261,0.97900369,0.1237%,0.001211,666
16282.072,898, , ,0.97779261,0.97900369,0.1237%,0.001211,667
16296.207,899, , ,0.97779261,0.97900369,0.1237%,0.001211,668
16309.488,900, , ,0.97779261,0.97900369,0.1237%,0.001211,669
16323.221,901, , ,0.97779261,0.97900369,0.1237%,0.001211,670
16335.954,902, , ,0.97779261,0.97900369,0.1237%,0.001211,671
16348.094,903, , ,0.97779261,0.97900369,0.1237%,0.001211,672
16361.528,904, , ,0.97779261,0.97900369,0.1237%,0.001211,673
16373.853,905, , ,0.97779261,0.97900369,0.1237%,0.001211,674
16385.89,906, , ,0.97779261,0.97900369,0.1237%,0.001211,675
16396.418,907, , ,0.97779261,0.97900369,0.1237%,0.001211,676
16407.022,908, , ,0.97779261,0.97900369,0.1237%,0.001211,677
16419.529,909, , ,0.97779261,0.97900369,0.1237%,0.001211,678
16432.401,910, , ,0.97779261,0.97900369,0.1237%,0.001211,679
16445.703,911, , ,0.97779261,0.97900369,0.1237%,0.001211,680
16458.001,912, , ,0.97779261,0.97900369,0.1237%,0.001211,681
16466.379,913, , ,0.97779261,0.97900369,0.1237%,0.001211,682
16475.516,914, , ,0.97779261,0.97900369,0.1237%,0.001211,683
16479.172,915, , ,0.97779261,0.97900369,0.1237%,0.001211,684
16487.584,916, , ,0.97779261,0.97900369,0.1237%,0.001211,685
16498.668,917, , ,0.97779261,0.97900369,0.1237%,0.001211,686
16509.519,918, , ,0.97779261,0.97900369,0.1237%,0.001211,687
16520.545,919, , ,0.97779261,0.97900369,0.1237%,0.001211,688
16530.282,920, , ,0.97779261,0.97900369,0.1237%,0.001211,689
16537.095,921,Bound, ,0.97779261,0.97900369,0.1237%,0.001211,688
16545.024,922,Bound, ,0.97779261,0.97900369,0.1237%,0.001211,687
16552.345,923, , ,0.97779261,0.97900369,0.1237%,0.001211,688
16560.42,924,Bound, ,0.97779261,0.97900369,0.1237%,0.001211,687
16569.181,925, , ,0.97779261,0.97900369,0.1237%,0.001211,688
16577.709,926, , ,0.97779261,0.97900369,0.1237%,0.001211,689
16586.812,927, , ,0.97779261,0.97900369,0.1237%,0.001211,690
16595.809,928, , ,0.97779261,0.97900369,0.1237%,0.001211,691
16606.291,929, , ,0.97779261,0.97900369,0.1237%,0.001211,692
16616.774,930, , ,0.97779261,0.97900369,0.1237%,0.001211,693
16627.475,931, , ,0.97779261,0.97900369,0.1237%,0.001211,694
16639.317,932, , ,0.97779261,0.97900369,0.1237%,0.001211,695
16647.057,933, , ,0.97779261,0.97900369,0.1237%,0.001211,696
16655.571,934,Bound, ,0.97779261,0.97900369,0.1237%,0.001211,695
16663.266,935, , ,0.97779261,0.97900369,0.1237%,0.001211,696
16671.562,936,Bound, ,0.97779261,0.97900369,0.1237%,0.001211,695
16680.567,937, , ,0.97779261,0.97900369,0.1237%,0.001211,696
16688.971,938, , ,0.97779261,0.97900369,0.1237%,0.001211,697
16697.061,939, , ,0.97779261,0.97900369,0.1237%,0.001211,698
16706.167,940, , ,0.97779261,0.97900369,0.1237%,0.001211,699
16718.739,941, , ,0.97779261,0.97900369,0.1237%,0.001211,700
16726.267,942, , ,0.97779261,0.97900369,0.1237%,0.001211,701
16734.262,943,Bound, ,0.97779261,0.97900369,0.1237%,0.001211,700
16746.371,944, , ,0.97779261,0.97900369,0.1237%,0.001211,701
16753.325,945, , ,0.97779261,0.97900369,0.1237%,0.001211,702
16760.789,946,Bound, ,0.97779261,0.97900369,0.1237%,0.001211,701
16773.307,947, , ,0.97779261,0.97900369,0.1237%,0.001211,702
16783.947,948, , ,0.97779261,0.97900369,0.1237%,0.001211,703
16796.53,949, , ,0.97779261,0.97900369,0.1237%,0.001211,704
16807.033,950, , ,0.97779261,0.97900369,0.1237%,0.001211,705
16819.589,951, , ,0.97779261,0.97900369,0.1237%,0.001211,706
16833.597,952, , ,0.97779261,0.97900369,0.1237%,0.001211,707
16841.864,953, , ,0.97779261,0.97900369,0.1237%,0.001211,708
16850.112,954, , ,0.97779261,0.97900369,0.1237%,0.001211,709
16859.279,955, , ,0.97779261,0.97900369,0.1237%,0.001211,710
16874.354,956, , ,0.97779261,0.97900369,0.1237%,0.001211,711
16885.034,957, , ,0.97779261,0.97900369,0.1237%,0.001211,712
16894.025,958, , ,0.97779261,0.97900369,0.1237%,0.001211,713
16900.86,959,Bound, ,0.97779261,0.97900369,0.1237%,0.001211,712
16908.901,960,Bound, ,0.97779261,0.97900369,0.1237%,0.001211,711
16917.784,961, , ,0.97779261,0.97900369,0.1237%,0.001211,712
16925.152,962, , ,0.97779261,0.97900369,0.1237%,0.001211,713
16932.244,963,Bound, ,0.97779261,0.97900369,0.1237%,0.001211,712
16940.51,964,Bound, ,0.97779261,0.97900369,0.1237%,0.001211,711
16951.223,965, , ,0.97779261,0.97900369,0.1237%,0.001211,712
16959.136,966, , ,0.97779261,0.97900369,0.1237%,0.001211,713
16967.663,967,Bound, ,0.97779261,0.97900369,0.1237%,0.001211,712
16981.149,968, , ,0.97779261,0.97900369,0.1237%,0.001211,713
16989.517,969, , ,0.97779261,0.97900369,0.1237%,0.001211,714
16998.698,970, , ,0.97779261,0.97900369,0.1237%,0.001211,715
17013.316,971, , ,0.97779261,0.97900369,0.1237%,0.001211,716
17023.986,972, , ,0.97779261,0.97900369,0.1237%,0.001211,717
17036.396,973, , ,0.97779261,0.97900369,0.1237%,0.001211,718
17043.763,974, , ,0.97779261,0.97900369,0.1237%,0.001211,719
17051.729,975,Bound, ,0.97779261,0.97900369,0.1237%,0.001211,718
17068.449,976, , ,0.97779261,0.97900369,0.1237%,0.001211,719
17079.345,977, , ,0.97779261,0.97900369,0.1237%,0.001211,720
17087.54,978, , ,0.97779261,0.97900369,0.1237%,0.001211,721
17096.745,979, , ,0.97779261,0.97900369,0.1237%,0.001211,722
17105.304,980, , ,0.97779261,0.97900369,0.1237%,0.001211,723
17114.457,981, , ,0.97779261,0.97900369,0.1237%,0.001211,724
17121.29,982,Bound, ,0.97779261,0.97900369,0.1237%,0.001211,723
17129.234,983,Bound, ,0.97779261,0.97900369,0.1237%,0.001211,722
17135.973,984,Bound, ,0.97779261,0.97900369,0.1237%,0.001211,721
17143.978,985,Bound, ,0.97779261,0.97900369,0.1237%,0.001211,720
17157.611,986, , ,0.97779261,0.97900369,0.1237%,0.001211,721
17170.466,987, , ,0.97779261,0.97900369,0.1237%,0.001211,722
17182.001,988, , ,0.97779261,0.97900369,0.1237%,0.001211,723
17192.691,989, , ,0.97779261,0.97900369,0.1237%,0.001211,724
17204.142,990, , ,0.97779261,0.97900369,0.1237%,0.001211,725
17215.034,991, , ,0.97779261,0.97900369,0.1237%,0.001211,726
17223.783,992, , ,0.97779261,0.97900369,0.1237%,0.001211,727
17233.566,993, , ,0.97779261,0.97900369,0.1237%,0.001211,728
17242.263,994, , ,0.97779261,0.97900369,0.1237%,0.001211,729
17251.608,995, , ,0.97779261,0.97900369,0.1237%,0.001211,730
17258.814,996,Bound, ,0.97779261,0.97900369,0.1237%,0.001211,729
17266.869,997,Bound, ,0.97779261,0.97900369,0.1237%,0.001211,728
17274.057,998,Bound, ,0.97779261,0.97900369,0.1237%,0.001211,727
17282.003,999,Bound,* L  ,0.97779261,0.97900369,0.1237%,0.001211,726
17293.27,1000, , ,0.97779261,0.97900369,0.1237%,0.001211,727
17303.724,1001, , ,0.97779261,0.97900369,0.1237%,0.001211,728
17314.068,1002, , ,0.97779261,0.97900369,0.1237%,0.001211,729
17325.476,1003, , ,0.97779261,0.97900369,0.1237%,0.001211,730
17333.829,1004, , ,0.97779261,0.97900369,0.1237%,0.001211,731
17343.122,1005, , ,0.97779261,0.97900369,0.1237%,0.001211,732
17351.291,1006, , ,0.97779261,0.97900369,0.1237%,0.001211,733
17360.565,1007, , ,0.97779261,0.97900369,0.1237%,0.001211,734
17367.866,1008, , ,0.97779261,0.97900369,0.1237%,0.001211,735
17375.868,1009,Bound, ,0.97779261,0.97900369,0.1237%,0.001211,734
17382.832,1010, , ,0.97779261,0.97900369,0.1237%,0.001211,735
17390.498,1011,Bound,* L  ,0.97779261,0.97900369,0.1237%,0.001211,734
17403.45,1012, , ,0.97779261,0.97900369,0.1237%,0.001211,735
17413.882,1013, , ,0.97779261,0.97900369,0.1237%,0.001211,736
17425.983,1014, , ,0.97779261,0.97900369,0.1237%,0.001211,737
17436.545,1015, , ,0.97779261,0.97900369,0.1237%,0.001211,738
17440.87,1016, , ,0.97779261,0.97900369,0.1237%,0.001211,739
17445.614,1017, , ,0.97779261,0.97900369,0.1237%,0.001211,740
17454.02,1018, , ,0.97779261,0.97900369,0.1237%,0.001211,741
17463.227,1019, , ,0.97779261,0.97900369,0.1237%,0.001211,742
17469.816,1020,Bound, ,0.97779261,0.97900369,0.1237%,0.001211,741
17477.519,1021,Bound, ,0.97779261,0.97900369,0.1237%,0.001211,740
17483.988,1022,Bound, ,0.97779261,0.97900369,0.1237%,0.001211,739
17491.969,1023,Bound,* L  ,0.97779261,0.97900369,0.1237%,0.001211,738
17504.163,1024, , ,0.97779261,0.97900369,0.1237%,0.001211,739
17517.912,1025, , ,0.97779261,0.97900369,0.1237%,0.001211,740
17526.991,1026, , ,0.97779261,0.97900369,0.1237%,0.001211,741
17537.707,1027, , ,0.97779261,0.97900369,0.1237%,0.001211,742
17545.301,1028, , ,0.97779261,0.97900369,0.1237%,0.001211,743
17554.742,1029, , ,0.97779261,0.97900369,0.1237%,0.001211,744
17561.685,1030, , ,0.97779261,0.97900369,0.1237%,0.001211,745
17569.864,1031,Bound,* L  ,0.97779261,0.97900369,0.1237%,0.001211,744
17584.911,1032, , ,0.97779261,0.97900369,0.1237%,0.001211,745
17599.631,1033, , ,0.97779261,0.97900369,0.1237%,0.001211,746
17611.808,1034, , ,0.97779261,0.97900369,0.1237%,0.001211,747
17624.196,1035, , ,0.97779261,0.97900369,0.1237%,0.001211,748
17636.511,1036, , ,0.97779261,0.97900369,0.1237%,0.001211,749
17648.927,1037, ,* L  ,0.97779261,0.97900369,0.1237%,0.001211,750
17663.206,1038, , ,0.97779261,0.97900369,0.1237%,0.001211,751
17676.243,1039, , ,0.97779261,0.97900369,0.1237%,0.001211,752
17690.976,1040, , ,0.97779261,0.97900369,0.1237%,0.001211,753
17703.835,1041, , ,0.97779261,0.97900369,0.1237%,0.001211,754
17715.475,1042, , ,0.97779261,0.97900369,0.1237%,0.001211,755
17727.464,1043, , ,0.97779261,0.97900369,0.1237%,0.001211,756
17739.864,1044, , ,0.97779261,0.97900369,0.1237%,0.001211,757
17752.013,1045, , ,0.97779261,0.97900369,0.1237%,0.001211,758
17766.469,1046, , ,0.97779261,0.97900369,0.1237%,0.001211,759
17777.953,1047, , ,0.97779261,0.97900369,0.1237%,0.001211,760
17792.428,1048, , ,0.97779261,0.97900369,0.1237%,0.001211,761
17803.88,1049, , ,0.97779261,0.97900369,0.1237%,0.001211,762
17818.445,1050, , ,0.97779261,0.97900369,0.1237%,0.001211,763
17831.69,1051, , ,0.97779261,0.97900369,0.1237%,0.001211,764
17843.7,1052, , ,0.97779261,0.97900369,0.1237%,0.001211,765
17857.978,1053, , ,0.97779261,0.97900369,0.1237%,0.001211,766
17869.491,1054, , ,0.97779261,0.97900369,0.1237%,0.001211,767
17882.157,1055, , ,0.97779261,0.97900369,0.1237%,0.001211,768
17895.108,1056, , ,0.97779261,0.97900369,0.1237%,0.001211,769
17907.117,1057, , ,0.97779261,0.97900369,0.1237%,0.001211,770
17919.282,1058, , ,0.97779261,0.97900369,0.1237%,0.001211,771
17931.153,1059, , ,0.97779261,0.97900369,0.1237%,0.001211,772
17942.786,1060, , ,0.97779261,0.97900369,0.1237%,0.001211,773
17956.933,1061, , ,0.97779261,0.97900369,0.1237%,0.001211,774
17962.369,1062, , ,0.97779261,0.97900369,0.1237%,0.001211,775
17975.224,1063, , ,0.97779261,0.97900369,0.1237%,0.001211,776
17987.239,1064, , ,0.97779261,0.97900369,0.1237%,0.001211,777
17997.662,1065, , ,0.97779261,0.97900369,0.1237%,0.001211,778
18008.209,1066, , ,0.97779261,0.97900369,0.1237%,0.001211,779
18023.512,1067, , ,0.97779261,0.97900369,0.1237%,0.001211,780
18034.9,1068, , ,0.97779261,0.97900369,0.1237%,0.001211,781
18042.99,1069, , ,0.97779261,0.97900369,0.1237%,0.001211,782
18052.034,1070, , ,0.97779261,0.97900369,0.1237%,0.001211,783
18061.501,1071, , ,0.97779261,0.97900369,0.1237%,0.001211,784
18071.683,1072, , ,0.97779261,0.97900369,0.1237%,0.001211,785
18084.943,1073, , ,0.97779261,0.97900369,0.1237%,0.001211,786
18095.009,1074, , ,0.97779261,0.97900369,0.1237%,0.001211,787
18102.406,1075, , ,0.97779261,0.97900369,0.1237%,0.001211,788
18110.23,1076,Bound, ,0.97779261,0.97900369,0.1237%,0.001211,787
18118.438,1077, , ,0.97779261,0.97900369,0.1237%,0.001211,788
18127.683,1078, , ,0.97779261,0.97900369,0.1237%,0.001211,789
18135.983,1079, , ,0.97779261,0.97900369,0.1237%,0.001211,790
18144.767,1080, , ,0.97779261,0.97900369,0.1237%,0.001211,791
18151.393,1081, , ,0.97779261,0.97900369,0.1237%,0.001211,792
18159.087,1082,Bound, ,0.97779261,0.97900369,0.1237%,0.001211,791
18166.109,1083, , ,0.97779261,0.97900369,0.1237%,0.001211,792
18174.031,1084,Bound, ,0.97779261,0.97900369,0.1237%,0.001211,791
18186.133,1085, , ,0.97779261,0.97900369,0.1237%,0.001211,792
18200.557,1086, , ,0.97779261,0.97900369,0.1237%,0.001211,793
18213.083,1087, , ,0.97779261,0.97900369,0.1237%,0.001211,794
18224.692,1088, , ,0.97779261,0.97900369,0.1237%,0.001211,795
18236.801,1089, , ,0.97779261,0.97900369,0.1237%,0.001211,796
18250.35,1090, , ,0.97779261,0.97900369,0.1237%,0.001211,797
18266.311,1091, , ,0.97779261,0.97900369,0.1237%,0.001211,798
18278.131,1092, , ,0.97779261,0.97900369,0.1237%,0.001211,799
18291.237,1093, , ,0.97779261,0.97900369,0.1237%,0.001211,800
18304.045,1094, , ,0.97779261,0.97900369,0.1237%,0.001211,801
18316.079,1095, , ,0.97779261,0.97900369,0.1237%,0.001211,802
18332.76,1096, , ,0.97779261,0.97900369,0.1237%,0.001211,803
18343.256,1097, , ,0.97779261,0.97900369,0.1237%,0.001211,804
18353.428,1098, , ,0.97779261,0.97900369,0.1237%,0.001211,805
18367.257,1099, , ,0.97779261,0.97900369,0.1237%,0.001211,806
18379.991,1100, , ,0.97779261,0.97900369,0.1237%,0.001211,807
18392.445,1101, , ,0.97779261,0.97900369,0.1237%,0.001211,808
18404.426,1102, , ,0.97779261,0.97900369,0.1237%,0.001211,809
18415.751,1103, , ,0.97779261,0.97900369,0.1237%,0.001211,810
18423.827,1104, , ,0.97779261,0.97900369,0.1237%,0.001211,811
18432.686,1105, , ,0.97779261,0.97900369,0.1237%,0.001211,812
18445.346,1106, , ,0.97779261,0.97900369,0.1237%,0.001211,813
18455.687,1107, , ,0.97779261,0.97900369,0.1237%,0.001211,814
18466.116,1108, , ,0.97779261,0.97900369,0.1237%,0.001211,815
18480.848,1109, , ,0.97779261,0.97900369,0.1237%,0.001211,816
18491.562,1110, , ,0.97779261,0.97900369,0.1237%,0.001211,817
18504.466,1111, , ,0.97779261,0.97900369,0.1237%,0.001211,818
18515.068,1112, , ,0.97779261,0.97900369,0.1237%,0.001211,819
18520.147,1113,Bound, ,0.97779261,0.97900369,0.1237%,0.001211,818
18525.124,1114, , ,0.97779261,0.97900369,0.1237%,0.001211,819
18531.579,1115, , ,0.97779261,0.97900369,0.1237%,0.001211,820
18535.119,1116, , ,0.97779261,0.97900369,0.1237%,0.001211,821
18543.247,1117, , ,0.97779261,0.97900369,0.1237%,0.001211,822
18549.054,1118, , ,0.97779261,0.97900369,0.1237%,0.001211,823
18557.494,1119, , ,0.97779261,0.97900369,0.1237%,0.001211,824
18565.716,1120, , ,0.97779261,0.97900369,0.1237%,0.001211,825
18573.201,1121, , ,0.97779261,0.97900369,0.1237%,0.001211,826
18581.564,1122, , ,0.97779261,0.97900369,0.1237%,0.001211,827
18587.049,1123, , ,0.97779261,0.97900369,0.1237%,0.001211,828
18593.641,1124,Bound, ,0.97779261,0.97900369,0.1237%,0.001211,827
18601.518,1125, , ,0.97779261,0.97900369,0.1237%,0.001211,828
18609.609,1126,Bound, ,0.97779261,0.97900369,0.1237%,0.001211,827
18616.488,1127,Bound, ,0.97779261,0.97900369,0.1237%,0.001211,826
18624.106,1128,Bound, ,0.97779261,0.97900369,0.1237%,0.001211,825
18630.963,1129,Bound, ,0.97779261,0.97900369,0.1237%,0.001211,824
18638.586,1130,Bound, ,0.97779261,0.97900369,0.1237%,0.001211,823
18649.384,1131, , ,0.97779261,0.97900369,0.1237%,0.001211,824
18659.044,1132, , ,0.97779261,0.97900369,0.1237%,0.001211,825
18670.06,1133, , ,0.97779261,0.97900369,0.1237%,0.001211,826
18682.742,1134, , ,0.97779261,0.97900369,0.1237%,0.001211,827
18693.342,1135, , ,0.97779261,0.97900369,0.1237%,0.001211,828
18705.351,1136, , ,0.97779261,0.97900369,0.1237%,0.001211,829
18713.416,1137, , ,0.97779261,0.97900369,0.1237%,0.001211,830
18721.463,1138, , ,0.97779261,0.97900369,0.1237%,0.001211,831
18729.762,1139, , ,0.97779261,0.97900369,0.1237%,0.001211,832
18737.979,1140, , ,0.97779261,0.97900369,0.1237%,0.001211,833
18747.68,1141, , ,0.97779261,0.97900369,0.1237%,0.001211,834
18754.232,1142,Bound, ,0.97779261,0.97900369,0.1237%,0.001211,833
18762.039,1143,Bound, ,0.97779261,0.97900369,0.1237%,0.001211,832
18769.306,1144, , ,0.97779261,0.97900369,0.1237%,0.001211,833
18776.878,1145,Bound, ,0.97779261,0.97900369,0.1237%,0.001211,832
18788.096,1146, , ,0.97779261,0.97900369,0.1237%,0.001211,833
18800.179,1147, , ,0.97779261,0.97900369,0.1237%,0.001211,834
18815.548,1148, , ,0.97779261,0.97900369,0.1237%,0.001211,835
18826.988,1149, , ,0.97779261,0.97900369,0.1237%,0.001211,836
18836.088,1150, , ,0.97779261,0.97900369,0.1237%,0.001211,837
18846.363,1151, , ,0.97779261,0.97900369,0.1237%,0.001211,838
18853.323,1152, , ,0.97779261,0.97900369,0.1237%,0.001211,839
18862.496,1153, , ,0.97779261,0.97900369,0.1237%,0.001211,840
18869.878,1154, , ,0.97779261,0.97900369,0.1237%,0.001211,841
18877.943,1155,Bound,* L  ,0.97779261,0.97900369,0.1237%,0.001211,840
18890.401,1156, , ,0.97779261,0.97900369,0.1237%,0.001211,841
18897.908,1157, , ,0.97779261,0.97900369,0.1237%,0.001211,842
18905.252,1158, , ,0.97779261,0.97900369,0.1237%,0.001211,843
18912.835,1159, , ,0.97779261,0.97900369,0.1237%,0.001211,844
18919.588,1160, , ,0.97779261,0.97900369,0.1237%,0.001211,845
18927.727,1161,Bound,* L  ,0.97779261,0.97900369,0.1237%,0.001211,844
18939.337,1162, , ,0.97779261,0.97900369,0.1237%,0.001211,845
18949.591,1163, , ,0.97779261,0.97900369,0.1237%,0.001211,846
18956.515,1164, , ,0.97779261,0.97900369,0.1237%,0.001211,847
18963.557,1165, , ,0.97779261,0.97900369,0.1237%,0.001211,848
18970.64,1166,Bound, ,0.97779261,0.97900369,0.1237%,0.001211,847
18978.427,1167,Bound,* L  ,0.97779261,0.97900369,0.1237%,0.001211,846
18989.225,1168, , ,0.97779261,0.97900369,0.1237%,0.001211,847
19000.017,1169, , ,0.97779261,0.97900369,0.1237%,0.001211,848
19008.728,1170, , ,0.97779261,0.97900369,0.1237%,0.001211,849
19015.866,1171, , ,0.97779261,0.97900369,0.1237%,0.001211,850
19020.061,1172,Bound, ,0.97779261,0.97900369,0.1237%,0.001211,849
19028.464,1173,Bound,* L  ,0.97779261,0.97900369,0.1237%,0.001211,848
19040.218,1174, , ,0.97779261,0.97900369,0.1237%,0.001211,849
19053.641,1175, , ,0.97779261,0.97900369,0.1237%,0.001211,850
19066.441,1176, , ,0.97779261,0.97900369,0.1237%,0.001211,851
19076.206,1177, , ,0.97779261,0.97900369,0.1237%,0.001211,852
19086.673,1178, , ,0.97779261,0.97900369,0.1237%,0.001211,853
19094.568,1179, , ,0.97779261,0.97900369,0.1237%,0.001211,854
19101.304,1180, , ,0.97779261,0.97900369,0.1237%,0.001211,855
19110.894,1181, , ,0.97779261,0.97900369,0.1237%,0.001211,856
19119.753,1182, , ,0.97779261,0.97900369,0.1237%,0.001211,857
19129.448,1183, , ,0.97779261,0.97900369,0.1237%,0.001211,858
19134.337,1184, , ,0.97779261,0.97900369,0.1237%,0.001211,859
19139.824,1185,Bound, ,0.97779261,0.97900369,0.1237%,0.001211,858
19145.529,1186, , ,0.97779261,0.97900369,0.1237%,0.001211,859
19151.419,1187,Bound,* L  ,0.97779261,0.97900369,0.1237%,0.001211,858
19159.816,1188, , ,0.97779261,0.97900369,0.1237%,0.001211,859
19170.857,1189, , ,0.97779261,0.97900369,0.1237%,0.001211,860
19174.376,1190, , ,0.97779261,0.97900369,0.1237%,0.001211,861
19180.583,1191, , ,0.97779261,0.97900369,0.1237%,0.001211,862
19186.388,1192, , ,0.97779261,0.97900369,0.1237%,0.001211,863
19191.42,1193,Bound,* L  ,0.97779947,0.97900369,0.123%,0.001204,862
19198.075,1194, , ,0.97779947,0.97900369,0.123%,0.001204,863
19203.243,1195, ,* L  ,0.9777995,0.97900369,0.123%,0.001204,864
19208.923,1196, , ,0.9777995,0.97900369,0.123%,0.001204,865
19214.183,1197, ,* L  ,0.97779952,0.97900369,0.123%,0.001204,866
19220.241,1198, , ,0.97779952,0.97900369,0.123%,0.001204,867
19225.598,1199, ,* L  ,0.97780013,0.97900369,0.1229%,0.001204,868
19232.129,1200, , ,0.97780013,0.97900369,0.1229%,0.001204,869
19240.163,1201, , ,0.97780013,0.97900369,0.1229%,0.001204,870
19246.083,1202, , ,0.97780013,0.97900369,0.1229%,0.001204,871
19252.641,1203, ,* L  ,0.97780094,0.97900369,0.1229%,0.001203,872
19258.599,1204, , ,0.97780094,0.97900369,0.1229%,0.001203,873
19264.171,1205, ,* L  ,0.97780147,0.97900369,0.1228%,0.001202,874
19269.793,1206, , ,0.97780147,0.97900369,0.1228%,0.001202,875
19274.407,1207, , ,0.97780147,0.97900369,0.1228%,0.001202,876
19280.028,1208, , ,0.97780147,0.97900369,0.1228%,0.001202,877
19285.39,1209, ,* L  ,0.97780162,0.97900369,0.1228%,0.001202,878
19291.732,1210, , ,0.97780162,0.97900369,0.1228%,0.001202,879
19297.487,1211, ,* L  ,0.97780176,0.97900369,0.1228%,0.001202,880
19301.733,1212, , ,0.97780176,0.97900369,0.1228%,0.001202,881
19307.257,1213, ,* L  ,0.97780189,0.97900369,0.1228%,0.001202,882
19313.15,1214, , ,0.97780189,0.97900369,0.1228%,0.001202,883
19319.819,1215, ,* L  ,0.97780189,0.97900369,0.1228%,0.001202,884
19327.404,1216, , ,0.97780189,0.97900369,0.1228%,0.001202,885
19332.401,1217, ,* L  ,0.9778019,0.97900369,0.1228%,0.001202,886
19336.576,1218, , ,0.9778019,0.97900369,0.1228%,0.001202,887
19342.194,1219, ,* L  ,0.97780195,0.97900369,0.1228%,0.001202,888
19347.144,1220, , ,0.97780195,0.97900369,0.1228%,0.001202,889
19355.568,1221, , ,0.97780195,0.97900369,0.1228%,0.001202,890
19364.511,1222, , ,0.97780195,0.97900369,0.1228%,0.001202,891
19372.795,1223, ,* L  ,0.97780195,0.97900369,0.1228%,0.001202,892
19381.793,1224, , ,0.97780195,0.97900369,0.1228%,0.001202,893
19388.381,1225, , ,0.97780195,0.97900369,0.1228%,0.001202,894
19393.616,1226, , ,0.97780195,0.97900369,0.1228%,0.001202,895
19401.834,1227, ,* L  ,0.97780198,0.97900369,0.1227%,0.001202,896
19410.292,1228, , ,0.97780198,0.97900369,0.1227%,0.001202,897
19416.291,1229, ,* L  ,0.97780201,0.97900369,0.1227%,0.001202,898
19424.792,1230, , ,0.97780201,0.97900369,0.1227%,0.001202,899
19433.564,1231, ,* L  ,0.97780205,0.97900369,0.1227%,0.001202,900
19441.239,1232, , ,0.97780205,0.97900369,0.1227%,0.001202,901
19448.334,1233, ,* L  ,0.97780235,0.97900369,0.1227%,0.001201,902
19462.072,1234, , ,0.97780235,0.97900369,0.1227%,0.001201,903
19471.924,1235, , ,0.97780235,0.97900369,0.1227%,0.001201,904
19482.541,1236, , ,0.97780235,0.97900369,0.1227%,0.001201,905
19491.223,1237, , ,0.97780235,0.97900369,0.1227%,0.001201,906
19501.041,1238, , ,0.97780235,0.97900369,0.1227%,0.001201,907
19511.51,1239, , ,0.97780235,0.97900369,0.1227%,0.001201,908
19520.993,1240, , ,0.97780235,0.97900369,0.1227%,0.001201,909
19530.333,1241, , ,0.97780235,0.97900369,0.1227%,0.001201,910
19542.895,1242, , ,0.97780235,0.97900369,0.1227%,0.001201,911
19551.339,1243, , ,0.97780235,0.97900369,0.1227%,0.001201,912
19563.895,1244, , ,0.97780235,0.97900369,0.1227%,0.001201,913
19574.263,1245, , ,0.97780235,0.97900369,0.1227%,0.001201,914
19584.069,1246, , ,0.97780235,0.97900369,0.1227%,0.001201,915
19595.076,1247, , ,0.97780235,0.97900369,0.1227%,0.001201,916
19605.594,1248, , ,0.97780235,0.97900369,0.1227%,0.001201,917
19618.8,1249, , ,0.97780235,0.97900369,0.1227%,0.001201,918
19625.763,1250, , ,0.97780235,0.97900369,0.1227%,0.001201,919
19637.894,1251, , ,0.97780235,0.97900369,0.1227%,0.001201,920
19651.432,1252, , ,0.97780235,0.97900369,0.1227%,0.001201,921
19664.173,1253, , ,0.97780235,0.97900369,0.1227%,0.001201,922
19674.7,1254, , ,0.97780235,0.97900369,0.1227%,0.001201,923
19683.195,1255, , ,0.97780235,0.97900369,0.1227%,0.001201,924
19692.157,1256, , ,0.97780235,0.97900369,0.1227%,0.001201,925
19704.455,1257, , ,0.97780235,0.97900369,0.1227%,0.001201,926
19715.546,1258, , ,0.97780235,0.97900369,0.1227%,0.001201,927
19725.904,1259, , ,0.97780235,0.97900369,0.1227%,0.001201,928
19737.337,1260, , ,0.97780235,0.97900369,0.1227%,0.001201,929
19747.811,1261, , ,0.97780235,0.97900369,0.1227%,0.001201,930
19758.413,1262, , ,0.97780235,0.97900369,0.1227%,0.001201,931
19766.314,1263,Bound, ,0.97780235,0.97900369,0.1227%,0.001201,930
19774.946,1264, , ,0.97780235,0.97900369,0.1227%,0.001201,931
19782.138,1265, , ,0.97780235,0.97900369,0.1227%,0.001201,932
19790.489,1266, , ,0.97780235,0.97900369,0.1227%,0.001201,933
19796.097,1267, , ,0.97780235,0.97900369,0.1227%,0.001201,934
19801.793,1268, , ,0.97780235,0.97900369,0.1227%,0.001201,935
19811.019,1269, , ,0.97780235,0.97900369,0.1227%,0.001201,936
19817.497,1270,Bound, ,0.97780235,0.97900369,0.1227%,0.001201,935
19824.222,1271,Bound, ,0.97780235,0.97900369,0.1227%,0.001201,934
19831.369,1272, , ,0.97780235,0.97900369,0.1227%,0.001201,935
19839.165,1273,Bound, ,0.97780235,0.97900369,0.1227%,0.001201,934
19846.563,1274, , ,0.97780235,0.97900369,0.1227%,0.001201,935
19854.564,1275,Bound, ,0.97780235,0.97900369,0.1227%,0.001201,934
19862.152,1276,Bound, ,0.97780235,0.97900369,0.1227%,0.001201,933
19872.236,1277, , ,0.97780235,0.97900369,0.1227%,0.001201,934
19880.742,1278, , ,0.97780235,0.97900369,0.1227%,0.001201,935
19889.039,1279, , ,0.97780235,0.97900369,0.1227%,0.001201,936
19896.917,1280, , ,0.97780235,0.97900369,0.1227%,0.001201,937
19905.872,1281, , ,0.97780235,0.97900369,0.1227%,0.001201,938
19914.195,1282, , ,0.97780235,0.97900369,0.1227%,0.001201,939
19923.738,1283, , ,0.97780235,0.97900369,0.1227%,0.001201,940
19930.825,1284, , ,0.97780235,0.97900369,0.1227%,0.001201,941
19941.141,1285, , ,0.97780235,0.97900369,0.1227%,0.001201,942
19945.133,1286, , ,0.97780235,0.97900369,0.1227%,0.001201,943
19949.213,1287,Bound, ,0.97780235,0.97900369,0.1227%,0.001201,942
19953.04,1288, , ,0.97780235,0.97900369,0.1227%,0.001201,943
19957.211,1289,Bound, ,0.97780235,0.97900369,0.1227%,0.001201,942
19961.839,1290, , ,0.97780235,0.97900369,0.1227%,0.001201,943
19968.268,1291, , ,0.97780235,0.97900369,0.1227%,0.001201,944
19972.817,1292, , ,0.97780235,0.97900369,0.1227%,0.001201,945
19978.675,1293, , ,0.97780235,0.97900369,0.1227%,0.001201,946
19984.237,1294, , ,0.97780235,0.97900369,0.1227%,0.001201,947
19989.827,1295, , ,0.97780235,0.97900369,0.1227%,0.001201,948
19993.285,1296,Bound, ,0.97780235,0.97900369,0.1227%,0.001201,947
19997.959,1297, , ,0.97780235,0.97900369,0.1227%,0.001201,948
20006.016,1298, , ,0.97780235,0.97900369,0.1227%,0.001201,949
20013.126,1299, , ,0.97780235,0.97900369,0.1227%,0.001201,950
20016.216,1300, , ,0.97780235,0.97900369,0.1227%,0.001201,951
20019.583,1301, , ,0.97780235,0.97900369,0.1227%,0.001201,952
20022.961,1302, , ,0.97780235,0.97900369,0.1227%,0.001201,953
20028.584,1303,Bound, ,0.97780235,0.97900369,0.1227%,0.001201,952
20032.021,1304,Bound, ,0.97780235,0.97900369,0.1227%,0.001201,951
20039.155,1305,Bound, ,0.97780235,0.97900369,0.1227%,0.001201,950
20061.722,1306, , ,0.97780235,0.97900369,0.1227%,0.001201,951
20067.9,1307, , ,0.97780235,0.97900369,0.1227%,0.001201,952
20071.805,1308, , ,0.97780235,0.97900369,0.1227%,0.001201,953
20076.793,1309, , ,0.97780235,0.97900369,0.1227%,0.001201,954
20085.82,1310, , ,0.97780235,0.97900369,0.1227%,0.001201,955
20091.666,1311, , ,0.97780235,0.97900369,0.1227%,0.001201,956
20104.22,1312, , ,0.97780235,0.97900369,0.1227%,0.001201,957
20107.491,1313, , ,0.97780235,0.97900369,0.1227%,0.001201,958
20113.393,1314,Bound, ,0.97780235,0.97900369,0.1227%,0.001201,957
20117.733,1315, , ,0.97780235,0.97900369,0.1227%,0.001201,958
20123.945,1316, , ,0.97780235,0.97900369,0.1227%,0.001201,959
20133.766,1317, , ,0.97780235,0.97900369,0.1227%,0.001201,960
20140.791,1318, , ,0.97780235,0.97900369,0.1227%,0.001201,961
20146.194,1319, , ,0.97780235,0.97900369,0.1227%,0.001201,962
20149.983,1320, , ,0.97780235,0.97900369,0.1227%,0.001201,963
20152.877,1321,Bound, ,0.97780235,0.97900369,0.1227%,0.001201,962
20156.621,1322, , ,0.97780235,0.97900369,0.1227%,0.001201,963
20160.541,1323, , ,0.97780235,0.97900369,0.1227%,0.001201,964
20163.91,1324, , ,0.97780235,0.97900369,0.1227%,0.001201,965
20169.102,1325,Bound, ,0.97780235,0.97900369,0.1227%,0.001201,964
20176.271,1326,Bound, ,0.97780235,0.97900369,0.1227%,0.001201,963
20181.84,1327, , ,0.97780235,0.97900369,0.1227%,0.001201,964
20187.71,1328,Bound, ,0.97780235,0.97900369,0.1227%,0.001201,963
20194.327,1329, , ,0.97780235,0.97900369,0.1227%,0.001201,964
20200.678,1330, , ,0.97780235,0.97900369,0.1227%,0.001201,965
20209.82,1331, , ,0.97780235,0.97900369,0.1227%,0.001201,966
20217.999,1332, , ,0.97780235,0.97900369,0.1227%,0.001201,967
20224.531,1333, , ,0.97780235,0.97900369,0.1227%,0.001201,968
20229.04,1334,Bound, ,0.97780235,0.97900369,0.1227%,0.001201,967
20233.043,1335, , ,0.97780235,0.97900369,0.1227%,0.001201,968
20238.912,1336, , ,0.97780235,0.97900369,0.1227%,0.001201,969
20243.634,1337, , ,0.97780235,0.97900369,0.1227%,0.001201,970
20253.158,1338, , ,0.97780235,0.97900369,0.1227%,0.001201,971
20258.461,1339,Bound, ,0.97780235,0.97900369,0.1227%,0.001201,970
20264.984,1340,Bound, ,0.97780235,0.97900369,0.1227%,0.001201,969
20274.486,1341, , ,0.97780235,0.97900369,0.1227%,0.001201,970
20282.573,1342, , ,0.97780235,0.97900369,0.1227%,0.001201,971
20290.13,1343, , ,0.97780235,0.97900369,0.1227%,0.001201,972
20297.664,1344, , ,0.97780235,0.97900369,0.1227%,0.001201,973
20303.883,1345, , ,0.97780235,0.97900369,0.1227%,0.001201,974
20310.091,1346, , ,0.97780235,0.97900369,0.1227%,0.001201,975
20315.183,1347, , ,0.97780235,0.97900369,0.1227%,0.001201,976
20320.48,1348,Bound, ,0.97780235,0.97900369,0.1227%,0.001201,975
20327.202,1349, , ,0.97780235,0.97900369,0.1227%,0.001201,976
20330.842,1350, , ,0.97780235,0.97900369,0.1227%,0.001201,977
20335.675,1351,Bound, ,0.97780235,0.97900369,0.1227%,0.001201,976
20344.509,1352, , ,0.97780235,0.97900369,0.1227%,0.001201,977
20354.578,1353, , ,0.97780235,0.97900369,0.1227%,0.001201,978
20365.548,1354, , ,0.97780235,0.97900369,0.1227%,0.001201,979
20374.031,1355, , ,0.97780235,0.97900369,0.1227%,0.001201,980
20382.95,1356, , ,0.97780235,0.97900369,0.1227%,0.001201,981
20390.646,1357, , ,0.97780235,0.97900369,0.1227%,0.001201,982
20399.628,1358, , ,0.97780235,0.97900369,0.1227%,0.001201,983
20406.759,1359, , ,0.97780235,0.97900369,0.1227%,0.001201,984
20414.431,1360,Bound, ,0.97780235,0.97900369,0.1227%,0.001201,983
20421.97,1361, , ,0.97780235,0.97900369,0.1227%,0.001201,984
20429.046,1362,Bound, ,0.97780235,0.97900369,0.1227%,0.001201,983
20439.589,1363, , ,0.97780235,0.97900369,0.1227%,0.001201,984
20452.395,1364, , ,0.97780235,0.97900369,0.1227%,0.001201,985
20462.697,1365, , ,0.97780235,0.97900369,0.1227%,0.001201,986
20470.811,1366, , ,0.97780235,0.97900369,0.1227%,0.001201,987
20479.757,1367, , ,0.97780235,0.97900369,0.1227%,0.001201,988
20487.877,1368, , ,0.97780235,0.97900369,0.1227%,0.001201,989
20496.687,1369, , ,0.97780235,0.97900369,0.1227%,0.001201,990
20503.913,1370, , ,0.97780235,0.97900369,0.1227%,0.001201,991
20511.646,1371,Bound, ,0.97780235,0.97900369,0.1227%,0.001201,990
20518.823,1372,Bound, ,0.97780235,0.97900369,0.1227%,0.001201,989
20527.077,1373,Bound, ,0.97780235,0.97900369,0.1227%,0.001201,988
20538.43,1374, , ,0.97780235,0.97900369,0.1227%,0.001201,989
20549.04,1375, , ,0.97780235,0.97900369,0.1227%,0.001201,990
20559.547,1376, , ,0.97780235,0.97900369,0.1227%,0.001201,991
20567.55,1377, , ,0.97780235,0.97900369,0.1227%,0.001201,992
20576.657,1378, , ,0.97780235,0.97900369,0.1227%,0.001201,993
20586.806,1379, , ,0.97780235,0.97900369,0.1227%,0.001201,994
20599.609,1380, , ,0.97780235,0.97900369,0.1227%,0.001201,995
20607.232,1381, , ,0.97780235,0.97900369,0.1227%,0.001201,996
20615.271,1382,Bound, ,0.97780235,0.97900369,0.1227%,0.001201,995
20626.52,1383, , ,0.97780235,0.97900369,0.1227%,0.001201,996
20637.3,1384, , ,0.97780235,0.97900369,0.1227%,0.001201,997
20650.314,1385, , ,0.97780235,0.97900369,0.1227%,0.001201,998
20667.087,1386, , ,0.97780235,0.97900369,0.1227%,0.001201,999
20675.239,1387, , ,0.97780235,0.97900369,0.1227%,0.001201,1000
20684.631,1388, , ,0.97780235,0.97900369,0.1227%,0.001201,1001
20695.743,1389, , ,0.97780235,0.97900369,0.1227%,0.001201,1002
20706.978,1390, , ,0.97780235,0.97900369,0.1227%,0.001201,1003
20717.565,1391, , ,0.97780235,0.97900369,0.1227%,0.001201,1004
20727.576,1392, , ,0.97780235,0.97900369,0.1227%,0.001201,1005
20734.999,1393, , ,0.97780235,0.97900369,0.1227%,0.001201,1006
20742.838,1394,Bound, ,0.97780235,0.97900369,0.1227%,0.001201,1005
20751.357,1395, , ,0.97780235,0.97900369,0.1227%,0.001201,1006
20760.88,1396, , ,0.97780235,0.97900369,0.1227%,0.001201,1007
20769.803,1397, , ,0.97780235,0.97900369,0.1227%,0.001201,1008
20779.769,1398, , ,0.97780235,0.97900369,0.1227%,0.001201,1009
20787.733,1399, , ,0.97780235,0.97900369,0.1227%,0.001201,1010
20795.73,1400,Bound, ,0.97780235,0.97900369,0.1227%,0.001201,1009
20804.145,1401, , ,0.97780235,0.97900369,0.1227%,0.001201,1010
20813.098,1402, , ,0.97780235,0.97900369,0.1227%,0.001201,1011
20825.985,1403, , ,0.97780235,0.97900369,0.1227%,0.001201,1012
20835.011,1404, , ,0.97780235,0.97900369,0.1227%,0.001201,1013
20843.364,1405, , ,0.97780235,0.97900369,0.1227%,0.001201,1014
20851.876,1406, , ,0.97780235,0.97900369,0.1227%,0.001201,1015
20865.939,1407, , ,0.97780235,0.97900369,0.1227%,0.001201,1016
20879.191,1408, , ,0.97780235,0.97900369,0.1227%,0.001201,1017
20887.713,1409, , ,0.97780235,0.97900369,0.1227%,0.001201,1018
20931.214,1410, , ,0.97780235,0.97900369,0.1227%,0.001201,1019
20952.46,1411, , ,0.97780235,0.97900369,0.1227%,0.001201,1020
20961.693,1412, , ,0.97780235,0.97900369,0.1227%,0.001201,1021
20975.828,1413, , ,0.97780235,0.97900369,0.1227%,0.001201,1022
20986.056,1414, , ,0.97780235,0.97900369,0.1227%,0.001201,1023
20994.805,1415, , ,0.97780235,0.97900369,0.1227%,0.001201,1024
21003.122,1416, , ,0.97780235,0.97900369,0.1227%,0.001201,1025
21011.579,1417, , ,0.97780235,0.97900369,0.1227%,0.001201,1026
21020.562,1418, , ,0.97780235,0.97900369,0.1227%,0.001201,1027
21029.188,1419, , ,0.97780235,0.97900369,0.1227%,0.001201,1028
21037.578,1420, , ,0.97780235,0.97900369,0.1227%,0.001201,1029
21053.919,1421, , ,0.97780235,0.97900369,0.1227%,0.001201,1030
21066.184,1422, , ,0.97780235,0.97900369,0.1227%,0.001201,1031
21078.363,1423, , ,0.97780235,0.97900369,0.1227%,0.001201,1032
21090.306,1424, , ,0.97780235,0.97900369,0.1227%,0.001201,1033
21100.899,1425, , ,0.97780235,0.97900369,0.1227%,0.001201,1034
21111.83,1426, , ,0.97780235,0.97900369,0.1227%,0.001201,1035
21123.305,1427, , ,0.97780235,0.97900369,0.1227%,0.001201,1036
21131.569,1428,Bound, ,0.97780235,0.97900369,0.1227%,0.001201,1035
21141.839,1429, , ,0.97780235,0.97900369,0.1227%,0.001201,1036
21151.949,1430, , ,0.97780235,0.97900369,0.1227%,0.001201,1037
21165.709,1431, , ,0.97780235,0.97900369,0.1227%,0.001201,1038
21180.232,1432, , ,0.97780235,0.97900369,0.1227%,0.001201,1039
21192.21,1433, , ,0.97780235,0.97900369,0.1227%,0.001201,1040
21200.653,1434, , ,0.97780235,0.97900369,0.1227%,0.001201,1041
21215.499,1435, , ,0.97780235,0.97900369,0.1227%,0.001201,1042
21229.118,1436, , ,0.97780235,0.97900369,0.1227%,0.001201,1043
21241.4,1437, , ,0.97780235,0.97900369,0.1227%,0.001201,1044
21254.701,1438, , ,0.97780235,0.97900369,0.1227%,0.001201,1045
21264.05,1439, , ,0.97780235,0.97900369,0.1227%,0.001201,1046
21270.168,1440, , ,0.97780235,0.97900369,0.1227%,0.001201,1047
21275.998,1441, , ,0.97780235,0.97900369,0.1227%,0.001201,1048
21282.232,1442, , ,0.97780235,0.97900369,0.1227%,0.001201,1049
21292.649,1443, , ,0.97780235,0.97900369,0.1227%,0.001201,1050
21307.971,1444, , ,0.97780235,0.97900369,0.1227%,0.001201,1051
21317.2,1445, , ,0.97780235,0.97900369,0.1227%,0.001201,1052
21327.769,1446, , ,0.97780235,0.97900369,0.1227%,0.001201,1053
21338.208,1447, , ,0.97780235,0.97900369,0.1227%,0.001201,1054
21347.107,1448, , ,0.97780235,0.97900369,0.1227%,0.001201,1055
21362.079,1449, , ,0.97780235,0.97900369,0.1227%,0.001201,1056
21375.049,1450, , ,0.97780235,0.97900369,0.1227%,0.001201,1057
21385.581,1451, , ,0.97780235,0.97900369,0.1227%,0.001201,1058
21392.646,1452, , ,0.97780235,0.97900369,0.1227%,0.001201,1059
21397.321,1453, , ,0.97780235,0.97900369,0.1227%,0.001201,1060
21401.004,1454, , ,0.97780235,0.97900369,0.1227%,0.001201,1061
21407.214,1455,Bound, ,0.97780235,0.97900369,0.1227%,0.001201,1060
21417.586,1456, , ,0.97780235,0.97900369,0.1227%,0.001201,1061
21428.224,1457, , ,0.97780235,0.97900369,0.1227%,0.001201,1062
21442.388,1458, , ,0.97780235,0.97900369,0.1227%,0.001201,1063
21453.729,1459, , ,0.97780235,0.97900369,0.1227%,0.001201,1064
21466.056,1460, , ,0.97780235,0.97900369,0.1227%,0.001201,1065
21478.503,1461, , ,0.97780235,0.97900369,0.1227%,0.001201,1066
21490.607,1462, , ,0.97780235,0.97900369,0.1227%,0.001201,1067
21503.942,1463, , ,0.97780235,0.97900369,0.1227%,0.001201,1068
21518.221,1464, , ,0.97780235,0.97900369,0.1227%,0.001201,1069
21526.325,1465,Bound, ,0.97780235,0.97900369,0.1227%,0.001201,1068
21535.214,1466, , ,0.97780235,0.97900369,0.1227%,0.001201,1069
21545.722,1467, , ,0.97780235,0.97900369,0.1227%,0.001201,1070
21556.104,1468, , ,0.97780235,0.97900369,0.1227%,0.001201,1071
21577.177,1469, , ,0.97780235,0.97900369,0.1227%,0.001201,1072
21589.838,1470, , ,0.97780235,0.97900369,0.1227%,0.001201,1073
21602.885,1471, , ,0.97780235,0.97900369,0.1227%,0.001201,1074
21610.398,1472, , ,0.97780235,0.97900369,0.1227%,0.001201,1075
21615.726,1473, , ,0.97780235,0.97900369,0.1227%,0.001201,1076
21620.57,1474, , ,0.97780235,0.97900369,0.1227%,0.001201,1077
21624.848,1475, , ,0.97780235,0.97900369,0.1227%,0.001201,1078
21635.296,1476,Bound, ,0.97780235,0.97900369,0.1227%,0.001201,1077
21644.923,1477, , ,0.97780235,0.97900369,0.1227%,0.001201,1078
21653.8,1478, , ,0.97780235,0.97900369,0.1227%,0.001201,1079
21665.789,1479, , ,0.97780235,0.97900369,0.1227%,0.001201,1080
21678.429,1480, , ,0.97780235,0.97900369,0.1227%,0.001201,1081
21688.492,1481, , ,0.97780235,0.97900369,0.1227%,0.001201,1082
21700.781,1482, , ,0.97780235,0.97900369,0.1227%,0.001201,1083
21713.918,1483, , ,0.97780235,0.97900369,0.1227%,0.001201,1084
21724.922,1484, , ,0.97780235,0.97900369,0.1227%,0.001201,1085
21736.17,1485, , ,0.97780235,0.97900369,0.1227%,0.001201,1086
21744.391,1486, , ,0.97780235,0.97900369,0.1227%,0.001201,1087
21756.36,1487,Bound, ,0.97780235,0.97900369,0.1227%,0.001201,1086
21769.619,1488,Bound, ,0.97780235,0.97900369,0.1227%,0.001201,1085
21780.532,1489, , ,0.97780235,0.97900369,0.1227%,0.001201,1086
21792.117,1490, , ,0.97780235,0.97900369,0.1227%,0.001201,1087
21805.826,1491, , ,0.97780235,0.97900369,0.1227%,0.001201,1088
21817.164,1492, , ,0.97780235,0.97900369,0.1227%,0.001201,1089
21828.687,1493, , ,0.97780235,0.97900369,0.1227%,0.001201,1090
21841.673,1494, , ,0.97780235,0.97900369,0.1227%,0.001201,1091
21854.833,1495, , ,0.97780235,0.97900369,0.1227%,0.001201,1092
21863.644,1496, , ,0.97780235,0.97900369,0.1227%,0.001201,1093
21873.581,1497, , ,0.97780235,0.97900369,0.1227%,0.001201,1094
21884.64,1498, , ,0.97780235,0.97900369,0.1227%,0.001201,1095
21896.511,1499, , ,0.97780235,0.97900369,0.1227%,0.001201,1096
21907.123,1500, , ,0.97780235,0.97900369,0.1227%,0.001201,1097
21916.05,1501, , ,0.97780235,0.97900369,0.1227%,0.001201,1098
21926.67,1502, , ,0.97780235,0.97900369,0.1227%,0.001201,1099
21937.926,1503, , ,0.97780235,0.97900369,0.1227%,0.001201,1100
21943.242,1504, , ,0.97780235,0.97900369,0.1227%,0.001201,1101
21947.447,1505, , ,0.97780235,0.97900369,0.1227%,0.001201,1102
21957.296,1506,Bound, ,0.97780235,0.97900369,0.1227%,0.001201,1101
21967.216,1507, , ,0.97780235,0.97900369,0.1227%,0.001201,1102
21978.412,1508, , ,0.97780235,0.97900369,0.1227%,0.001201,1103
21989.869,1509, , ,0.97780235,0.97900369,0.1227%,0.001201,1104
21999.056,1510, , ,0.97780235,0.97900369,0.1227%,0.001201,1105
22008.365,1511,Bound, ,0.97780235,0.97900369,0.1227%,0.001201,1104
22018.457,1512, , ,0.97780235,0.97900369,0.1227%,0.001201,1105
22029.229,1513, , ,0.97780235,0.97900369,0.1227%,0.001201,1106
22039.57,1514, , ,0.97780235,0.97900369,0.1227%,0.001201,1107
22051.36,1515, , ,0.97780235,0.97900369,0.1227%,0.001201,1108
22061.066,1516, , ,0.97780235,0.97900369,0.1227%,0.001201,1109
22071.832,1517, , ,0.97780235,0.97900369,0.1227%,0.001201,1110
22079.614,1518, , ,0.97780235,0.97900369,0.1227%,0.001201,1111
22087.814,1519,Bound, ,0.97780235,0.97900369,0.1227%,0.001201,1110
22095.475,1520, , ,0.97780235,0.97900369,0.1227%,0.001201,1111
22103.428,1521,Bound, ,0.97780235,0.97900369,0.1227%,0.001201,1110
22112.95,1522, , ,0.97780235,0.97900369,0.1227%,0.001201,1111
22123.468,1523, , ,0.97780235,0.97900369,0.1227%,0.001201,1112
22132.32,1524, , ,0.97780235,0.97900369,0.1227%,0.001201,1113
22141.991,1525, , ,0.97780235,0.97900369,0.1227%,0.001201,1114
22152.463,1526, , ,0.97780235,0.97900369,0.1227%,0.001201,1115
22160.351,1527, , ,0.97780235,0.97900369,0.1227%,0.001201,1116
22168.695,1528, , ,0.97780235,0.97900369,0.1227%,0.001201,1117
22178.242,1529, , ,0.97780235,0.97900369,0.1227%,0.001201,1118
22186.185,1530, , ,0.97780235,0.97900369,0.1227%,0.001201,1119
22193.31,1531, , ,0.97780235,0.97900369,0.1227%,0.001201,1120
22202.214,1532, , ,0.97780235,0.97900369,0.1227%,0.001201,1121
22220.111,1533, , ,0.97780235,0.97900369,0.1227%,0.001201,1122
22227.26,1534, , ,0.97780235,0.97900369,0.1227%,0.001201,1123
22236.688,1535,Bound, ,0.97780235,0.97900369,0.1227%,0.001201,1122
22245.882,1536,Bound, ,0.97780235,0.97900369,0.1227%,0.001201,1121
22254.724,1537,Bound, ,0.97780235,0.97900369,0.1227%,0.001201,1120
22259.783,1538, , ,0.97780235,0.97900369,0.1227%,0.001201,1121
22265.792,1539,Bound, ,0.97780235,0.97900369,0.1227%,0.001201,1120
22278.636,1540, , ,0.97780235,0.97900369,0.1227%,0.001201,1121
22290.808,1541, , ,0.97780235,0.97900369,0.1227%,0.001201,1122
22306.805,1542, , ,0.97780235,0.97900369,0.1227%,0.001201,1123
22317.407,1543, , ,0.97780235,0.97900369,0.1227%,0.001201,1124
22332.077,1544, , ,0.97780235,0.97900369,0.1227%,0.001201,1125
22343.383,1545, , ,0.97780235,0.97900369,0.1227%,0.001201,1126
22354.425,1546,Bound, ,0.97780235,0.97900369,0.1227%,0.001201,1125
22365.976,1547, , ,0.97780235,0.97900369,0.1227%,0.001201,1126
22376.452,1548, , ,0.97780235,0.97900369,0.1227%,0.001201,1127
22388.9,1549,Bound, ,0.97780235,0.97900369,0.1227%,0.001201,1126
22401.271,1550, , ,0.97780235,0.97900369,0.1227%,0.001201,1127
22416.302,1551, , ,0.97780235,0.97900369,0.1227%,0.001201,1128
22429.114,1552, , ,0.97780235,0.97900369,0.1227%,0.001201,1129
22439.32,1553, , ,0.97780235,0.97900369,0.1227%,0.001201,1130
22448.703,1554, , ,0.97780235,0.97900369,0.1227%,0.001201,1131
22461.493,1555, , ,0.97780235,0.97900369,0.1227%,0.001201,1132
22472.444,1556, , ,0.97780235,0.97900369,0.1227%,0.001201,1133
22481.128,1557,Bound, ,0.97780235,0.97900369,0.1227%,0.001201,1132
22487.987,1558,Bound, ,0.97780235,0.97900369,0.1227%,0.001201,1131
22496.595,1559, , ,0.97780235,0.97900369,0.1227%,0.001201,1132
22507.267,1560,Bound, ,0.97780235,0.97900369,0.1227%,0.001201,1131
22518.745,1561, , ,0.97780235,0.97900369,0.1227%,0.001201,1132
22527.863,1562, , ,0.97780235,0.97900369,0.1227%,0.001201,1133
22538.194,1563, , ,0.97780235,0.97900369,0.1227%,0.001201,1134
22549.599,1564, , ,0.97780235,0.97900369,0.1227%,0.001201,1135
22558.787,1565, , ,0.97780235,0.97900369,0.1227%,0.001201,1136
22567.185,1566, , ,0.97780235,0.97900369,0.1227%,0.001201,1137
22577.026,1567, , ,0.97780235,0.97900369,0.1227%,0.001201,1138
22585.543,1568, , ,0.97780235,0.97900369,0.1227%,0.001201,1139
22594.898,1569, , ,0.97780235,0.97900369,0.1227%,0.001201,1140
22603.436,1570, , ,0.97780235,0.97900369,0.1227%,0.001201,1141
22612.481,1571, , ,0.97780235,0.97900369,0.1227%,0.001201,1142
22620.15,1572, , ,0.97780235,0.97900369,0.1227%,0.001201,1143
22627.625,1573,Bound, ,0.97780235,0.97900369,0.1227%,0.001201,1142
22635.343,1574, , ,0.97780235,0.97900369,0.1227%,0.001201,1143
22643.112,1575,Bound, ,0.97780235,0.97900369,0.1227%,0.001201,1142
22650.782,1576, , ,0.97780235,0.97900369,0.1227%,0.001201,1143
22658.535,1577,Bound, ,0.97780235,0.97900369,0.1227%,0.001201,1142
22667.761,1578, , ,0.97780235,0.97900369,0.1227%,0.001201,1143
22674.127,1579, , ,0.97780235,0.97900369,0.1227%,0.001201,1144
22680.052,1580, , ,0.97780235,0.97900369,0.1227%,0.001201,1145
22685.329,1581, , ,0.97780235,0.97900369,0.1227%,0.001201,1146
22694.81,1582, , ,0.97780235,0.97900369,0.1227%,0.001201,1147
22707.81,1583, , ,0.97780235,0.97900369,0.1227%,0.001201,1148
22716.167,1584, , ,0.97780235,0.97900369,0.1227%,0.001201,1149
22722.707,1585, , ,0.97780235,0.97900369,0.1227%,0.001201,1150
22725.828,1586, , ,0.97780235,0.97900369,0.1227%,0.001201,1151
22734.745,1587, , ,0.97780235,0.97900369,0.1227%,0.001201,1152
22743.542,1588, , ,0.97780235,0.97900369,0.1227%,0.001201,1153
22753.103,1589, , ,0.97780235,0.97900369,0.1227%,0.001201,1154
22760.755,1590, , ,0.97780235,0.97900369,0.1227%,0.001201,1155
22769.335,1591,Bound, ,0.97780235,0.97900369,0.1227%,0.001201,1154
22777.625,1592,Bound, ,0.97780235,0.97900369,0.1227%,0.001201,1153
22786.121,1593, , ,0.97780235,0.97900369,0.1227%,0.001201,1154
22794.356,1594,Bound, ,0.97780235,0.97900369,0.1227%,0.001201,1153
22802.522,1595,Bound, ,0.97780235,0.97900369,0.1227%,0.001201,1152
22811.11,1596,Bound, ,0.97780235,0.97900369,0.1227%,0.001201,1151
22818.73,1597, , ,0.97780235,0.97900369,0.1227%,0.001201,1152
22827.457,1598, , ,0.97780235,0.97900369,0.1227%,0.001201,1153
22836.928,1599, , ,0.97780235,0.97900369,0.1227%,0.001201,1154
22844.998,1600, , ,0.97780235,0.97900369,0.1227%,0.001201,1155
22851.905,1601,Bound, ,0.97780235,0.97900369,0.1227%,0.001201,1154
22862.901,1602, , ,0.97780235,0.97900369,0.1227%,0.001201,1155
22873.374,1603, , ,0.97780235,0.97900369,0.1227%,0.001201,1156
22884.548,1604, , ,0.97780235,0.97900369,0.1227%,0.001201,1157
22892.536,1605, , ,0.97780235,0.97900369,0.1227%,0.001201,1158
22897.131,1606, , ,0.97780235,0.97900369,0.1227%,0.001201,1159
22900.689,1607, , ,0.97780235,0.97900369,0.1227%,0.001201,1160
22905.083,1608, , ,0.97780235,0.97900369,0.1227%,0.001201,1161
22913.517,1609, , ,0.97780235,0.97900369,0.1227%,0.001201,1162
22917.978,1610, , ,0.97780235,0.97900369,0.1227%,0.001201,1163
22923.064,1611, , ,0.97780235,0.97900369,0.1227%,0.001201,1164
22928.435,1612, , ,0.97780235,0.97900369,0.1227%,0.001201,1165
22934.015,1613,Bound, ,0.97780235,0.97900369,0.1227%,0.001201,1164
22944.027,1614, , ,0.97780235,0.97900369,0.1227%,0.001201,1165
22950.297,1615, , ,0.97780235,0.97900369,0.1227%,0.001201,1166
22958.016,1616,Bound, ,0.97780235,0.97900369,0.1227%,0.001201,1165
22964.944,1617, , ,0.97780235,0.97900369,0.1227%,0.001201,1166
22972.389,1618, , ,0.97780235,0.97900369,0.1227%,0.001201,1167
22980.434,1619, , ,0.97780235,0.97900369,0.1227%,0.001201,1168
22987.88,1620, , ,0.97780235,0.97900369,0.1227%,0.001201,1169
22991.716,1621,Bound, ,0.97780235,0.97900369,0.1227%,0.001201,1168
22996.481,1622,Bound, ,0.97780235,0.97900369,0.1227%,0.001201,1167
23003.204,1623, , ,0.97780235,0.97900369,0.1227%,0.001201,1168
23010.232,1624, , ,0.97780235,0.97900369,0.1227%,0.001201,1169
23014.548,1625, , ,0.97780235,0.97900369,0.1227%,0.001201,1170
23020.959,1626, , ,0.97780235,0.97900369,0.1227%,0.001201,1171
23027.566,1627, , ,0.97780235,0.97900369,0.1227%,0.001201,1172
23033.317,1628, , ,0.97780235,0.97900369,0.1227%,0.001201,1173
23041.792,1629, , ,0.97780235,0.97900369,0.1227%,0.001201,1174
23053.868,1630, , ,0.97780235,0.97900369,0.1227%,0.001201,1175
23064.64,1631, , ,0.97780235,0.97900369,0.1227%,0.001201,1176
23074.75,1632, , ,0.97780235,0.97900369,0.1227%,0.001201,1177
23085.889,1633, , ,0.97780235,0.97900369,0.1227%,0.001201,1178
23093.522,1634,Bound, ,0.97780235,0.97900369,0.1227%,0.001201,1177
23102.311,1635,Bound, ,0.97780235,0.97900369,0.1227%,0.001201,1176
23110.728,1636, , ,0.97780235,0.97900369,0.1227%,0.001201,1177
23119.801,1637, , ,0.97780235,0.97900369,0.1227%,0.001201,1178
23128.077,1638, , ,0.97780235,0.97900369,0.1227%,0.001201,1179
23137.117,1639, , ,0.97780235,0.97900369,0.1227%,0.001201,1180
23146.772,1640, , ,0.97780235,0.97900369,0.1227%,0.001201,1181
23153.414,1641,Bound, ,0.97780235,0.97900369,0.1227%,0.001201,1180
23161.162,1642,Bound, ,0.97780235,0.97900369,0.1227%,0.001201,1179
23168.441,1643, , ,0.97780235,0.97900369,0.1227%,0.001201,1180
23175.789,1644,Bound, ,0.97780235,0.97900369,0.1227%,0.001201,1179
23184.096,1645,Bound, ,0.97780235,0.97900369,0.1227%,0.001201,1178
23192.865,1646, , ,0.97780235,0.97900369,0.1227%,0.001201,1179
23207.278,1647, , ,0.97780235,0.97900369,0.1227%,0.001201,1180
23212.17,1648, , ,0.97780235,0.97900369,0.1227%,0.001201,1181
23216.727,1649, , ,0.97780235,0.97900369,0.1227%,0.001201,1182
23220.921,1650,Bound, ,0.97780235,0.97900369,0.1227%,0.001201,1181
23226.504,1651,Bound, ,0.97780235,0.97900369,0.1227%,0.001201,1180
23234.181,1652, , ,0.97780235,0.97900369,0.1227%,0.001201,1181
23242.964,1653, , ,0.97780235,0.97900369,0.1227%,0.001201,1182
23253.839,1654, , ,0.97780235,0.97900369,0.1227%,0.001201,1183
23261.226,1655, , ,0.97780235,0.97900369,0.1227%,0.001201,1184
23271.164,1656, , ,0.97780235,0.97900369,0.1227%,0.001201,1185
23279.632,1657, , ,0.97780235,0.97900369,0.1227%,0.001201,1186
23287.944,1658, , ,0.97780235,0.97900369,0.1227%,0.001201,1187
23291.757,1659, , ,0.97780235,0.97900369,0.1227%,0.001201,1188
23295.781,1660, , ,0.97780235,0.97900369,0.1227%,0.001201,1189
23302.152,1661, , ,0.97780235,0.97900369,0.1227%,0.001201,1190
23307.86,1662, , ,0.97780235,0.97900369,0.1227%,0.001201,1191
23313.865,1663,Bound, ,0.97780235,0.97900369,0.1227%,0.001201,1190
23319.632,1664, , ,0.97780235,0.97900369,0.1227%,0.001201,1191
23325.84,1665,Bound, ,0.97780235,0.97900369,0.1227%,0.001201,1190
23334.244,1666, , ,0.97780235,0.97900369,0.1227%,0.001201,1191
23343.189,1667, , ,0.97780235,0.97900369,0.1227%,0.001201,1192
23351.79,1668,Bound, ,0.97780235,0.97900369,0.1227%,0.001201,1191
23360.346,1669, , ,0.97780235,0.97900369,0.1227%,0.001201,1192
23367.949,1670, , ,0.97780235,0.97900369,0.1227%,0.001201,1193
23374.474,1671,Bound, ,0.97780235,0.97900369,0.1227%,0.001201,1192
23381.724,1672, , ,0.97780235,0.97900369,0.1227%,0.001201,1193
23391.52,1673, , ,0.97780235,0.97900369,0.1227%,0.001201,1194
23399.324,1674, , ,0.97780235,0.97900369,0.1227%,0.001201,1195
23412.286,1675, , ,0.97780235,0.97900369,0.1227%,0.001201,1196
23423.408,1676, , ,0.97780235,0.97900369,0.1227%,0.001201,1197
23431.243,1677, , ,0.97780235,0.97900369,0.1227%,0.001201,1198
23439.739,1678,Bound, ,0.97780235,0.97900369,0.1227%,0.001201,1197
23451.355,1679, , ,0.97780235,0.97900369,0.1227%,0.001201,1198
23459.81,1680, , ,0.97780235,0.97900369,0.1227%,0.001201,1199
23469.477,1681, , ,0.97780235,0.97900369,0.1227%,0.001201,1200
23477.91,1682, , ,0.97780235,0.97900369,0.1227%,0.001201,1201
23490.768,1683, , ,0.97780235,0.97900369,0.1227%,0.001201,1202
23501.537,1684, , ,0.97780235,0.97900369,0.1227%,0.001201,1203
23508.932,1685, , ,0.97780235,0.97900369,0.1227%,0.001201,1204
23517.121,1686,Bound, ,0.97780235,0.97900369,0.1227%,0.001201,1203
23526.784,1687, , ,0.97780235,0.97900369,0.1227%,0.001201,1204
23536.724,1688, , ,0.97780235,0.97900369,0.1227%,0.001201,1205
23544.894,1689, , ,0.97780235,0.97900369,0.1227%,0.001201,1206
23553.208,1690, , ,0.97780235,0.97900369,0.1227%,0.001201,1207
23562.186,1691, , ,0.97780235,0.97900369,0.1227%,0.001201,1208
23570.113,1692, , ,0.97780235,0.97900369,0.1227%,0.001201,1209
23579.339,1693, , ,0.97780235,0.97900369,0.1227%,0.001201,1210
23585.438,1694, , ,0.97780235,0.97900369,0.1227%,0.001201,1211
23593.359,1695,Bound, ,0.97780235,0.97900369,0.1227%,0.001201,1210
23600.539,1696, , ,0.97780235,0.97900369,0.1227%,0.001201,1211
23608.439,1697, , ,0.97780235,0.97900369,0.1227%,0.001201,1212
23615.181,1698, , ,0.97780235,0.97900369,0.1227%,0.001201,1213
23622.414,1699,Bound, ,0.97780235,0.97900369,0.1227%,0.001201,1212
23628.932,1700, , ,0.97780235,0.97900369,0.1227%,0.001201,1213
23633.035,1701, , ,0.97780235,0.97900369,0.1227%,0.001201,1214
23638.002,1702,Bound, ,0.97780235,0.97900369,0.1227%,0.001201,1213
23643.088,1703, , ,0.97780235,0.97900369,0.1227%,0.001201,1214
23647.517,1704, , ,0.97780235,0.97900369,0.1227%,0.001201,1215
23656.584,1705, , ,0.97780235,0.97900369,0.1227%,0.001201,1216
23666.564,1706, , ,0.97780235,0.97900369,0.1227%,0.001201,1217
23673.349,1707, , ,0.97780235,0.97900369,0.1227%,0.001201,1218
23681.211,1708,Bound, ,0.97780235,0.97900369,0.1227%,0.001201,1217
23684.979,1709, , ,0.97780235,0.97900369,0.1227%,0.001201,1218
23688.58,1710, , ,0.97780235,0.97900369,0.1227%,0.001201,1219
23694.514,1711, , ,0.97780235,0.97900369,0.1227%,0.001201,1220
23704.03,1712, , ,0.97780235,0.97900369,0.1227%,0.001201,1221
23715.512,1713, , ,0.97780235,0.97900369,0.1227%,0.001201,1222
23719.872,1714, , ,0.97780235,0.97900369,0.1227%,0.001201,1223
23724.321,1715, , ,0.97780235,0.97900369,0.1227%,0.001201,1224
23730.667,1716,Bound, ,0.97780235,0.97900369,0.1227%,0.001201,1223
23740.352,1717, , ,0.97780235,0.97900369,0.1227%,0.001201,1224
23746.597,1718, , ,0.97780235,0.97900369,0.1227%,0.001201,1225
23753.105,1719, , ,0.97780235,0.97900369,0.1227%,0.001201,1226
23766.137,1720, , ,0.97780235,0.97900369,0.1227%,0.001201,1227
23780.023,1721, , ,0.97780235,0.97900369,0.1227%,0.001201,1228
23788.751,1722, , ,0.97780235,0.97900369,0.1227%,0.001201,1229
23799.827,1723, , ,0.97780235,0.97900369,0.1227%,0.001201,1230
23808.57,1724, , ,0.97780235,0.97900369,0.1227%,0.001201,1231
23820.015,1725, , ,0.97780235,0.97900369,0.1227%,0.001201,1232
23829.862,1726,Bound, ,0.97780235,0.97900369,0.1227%,0.001201,1231
23837.839,1727, , ,0.97780235,0.97900369,0.1227%,0.001201,1232
23848.042,1728,Bound, ,0.97780235,0.97900369,0.1227%,0.001201,1231
23856.228,1729, , ,0.97780235,0.97900369,0.1227%,0.001201,1232
23865.743,1730,Bound, ,0.97780235,0.97900369,0.1227%,0.001201,1231
23880.94,1731, , ,0.97780235,0.97900369,0.1227%,0.001201,1232
23893.251,1732, , ,0.97780235,0.97900369,0.1227%,0.001201,1233
23901.305,1733, , ,0.97780235,0.97900369,0.1227%,0.001201,1234
23910.517,1734, , ,0.97780235,0.97900369,0.1227%,0.001201,1235
23921.668,1735, , ,0.97780235,0.97900369,0.1227%,0.001201,1236
23930.376,1736, , ,0.97780235,0.97900369,0.1227%,0.001201,1237
23938.995,1737, , ,0.97780235,0.97900369,0.1227%,0.001201,1238
23942.604,1738, , ,0.97780235,0.97900369,0.1227%,0.001201,1239
23949.722,1739,Bound,* L  ,0.97780235,0.97900369,0.1227%,0.001201,1238
23960.349,1740, , ,0.97780235,0.97900369,0.1227%,0.001201,1239
23970.763,1741, , ,0.97780235,0.97900369,0.1227%,0.001201,1240
23977.734,1742, , ,0.97780235,0.97900369,0.1227%,0.001201,1241
23986.413,1743, , ,0.97780235,0.97900369,0.1227%,0.001201,1242
23993.622,1744, , ,0.97780235,0.97900369,0.1227%,0.001201,1243
24001.3,1745,Bound,* L  ,0.97780235,0.97900369,0.1227%,0.001201,1242
24011.874,1746, , ,0.97780235,0.97900369,0.1227%,0.001201,1243
24024.892,1747, , ,0.97780235,0.97900369,0.1227%,0.001201,1244
24031.35,1748, , ,0.97780235,0.97900369,0.1227%,0.001201,1245
24038.616,1749, , ,0.97780235,0.97900369,0.1227%,0.001201,1246
24042.7,1750, , ,0.97780235,0.97900369,0.1227%,0.001201,1247
24048.719,1751, , ,0.97780235,0.97900369,0.1227%,0.001201,1248
24052.513,1752, , ,0.97780235,0.97900369,0.1227%,0.001201,1249
24058.163,1753,Bound,* L  ,0.97780235,0.97900369,0.1227%,0.001201,1248
24066.302,1754, , ,0.97780235,0.97900369,0.1227%,0.001201,1249
24078.327,1755, , ,0.97780235,0.97900369,0.1227%,0.001201,1250
24083.021,1756, , ,0.97780235,0.97900369,0.1227%,0.001201,1251
24092.151,1757, , ,0.97780235,0.97900369,0.1227%,0.001201,1252
24099.27,1758,Bound, ,0.97780235,0.97900369,0.1227%,0.001201,1251
24107.875,1759,Bound,* L  ,0.97780235,0.97900369,0.1227%,0.001201,1250
24119.401,1760, , ,0.97780235,0.97900369,0.1227%,0.001201,1251
24136.762,1761, , ,0.97780235,0.97900369,0.1227%,0.001201,1252
24149.464,1762, , ,0.97780235,0.97900369,0.1227%,0.001201,1253
24160.509,1763, , ,0.97780235,0.97900369,0.1227%,0.001201,1254
24173.204,1764, , ,0.97780235,0.97900369,0.1227%,0.001201,1255
24183.629,1765, , ,0.97780235,0.97900369,0.1227%,0.001201,1256
24192.269,1766, , ,0.97780235,0.97900369,0.1227%,0.001201,1257
24201.525,1767, , ,0.97780235,0.97900369,0.1227%,0.001201,1258
24209.839,1768, , ,0.97780235,0.97900369,0.1227%,0.001201,1259
24219.141,1769, , ,0.97780235,0.97900369,0.1227%,0.001201,1260
24225.964,1770,Bound, ,0.97780235,0.97900369,0.1227%,0.001201,1259
24233.714,1771,Bound, ,0.97780235,0.97900369,0.1227%,0.001201,1258
24240.752,1772,Bound, ,0.97780235,0.97900369,0.1227%,0.001201,1257
24248.472,1773,Bound,* L  ,0.97780235,0.97900369,0.1227%,0.001201,1256
24260.374,1774, , ,0.97780235,0.97900369,0.1227%,0.001201,1257
24271.25,1775, , ,0.97780235,0.97900369,0.1227%,0.001201,1258
24279.983,1776, , ,0.97780235,0.97900369,0.1227%,0.001201,1259
24289.731,1777, , ,0.97780235,0.97900369,0.1227%,0.001201,1260
24297.105,1778,Bound, ,0.97780235,0.97900369,0.1227%,0.001201,1259
24305.298,1779,Bound,* L  ,0.97780235,0.97900369,0.1227%,0.001201,1258
24317.524,1780, , ,0.97780235,0.97900369,0.1227%,0.001201,1259
24328.254,1781, , ,0.97780235,0.97900369,0.1227%,0.001201,1260
24336.88,1782, , ,0.97780235,0.97900369,0.1227%,0.001201,1261
24346.15,1783, , ,0.97780235,0.97900369,0.1227%,0.001201,1262
24353.598,1784,Bound, ,0.97780235,0.97900369,0.1227%,0.001201,1261
24362.402,1785,Bound,* L  ,0.97780235,0.97900369,0.1227%,0.001201,1260
24372.303,1786, , ,0.97780235,0.97900369,0.1227%,0.001201,1261
24386.568,1787, , ,0.97780235,0.97900369,0.1227%,0.001201,1262
24397.317,1788, , ,0.97780235,0.97900369,0.1227%,0.001201,1263
24408.228,1789, , ,0.97780235,0.97900369,0.1227%,0.001201,1264
24418.531,1790, , ,0.97780235,0.97900369,0.1227%,0.001201,1265
24432.961,1791, , ,0.97780235,0.97900369,0.1227%,0.001201,1266
24446.989,1792, , ,0.97780235,0.97900369,0.1227%,0.001201,1267
24460.841,1793, , ,0.97780235,0.97900369,0.1227%,0.001201,1268
24473.489,1794, , ,0.97780235,0.97900369,0.1227%,0.001201,1269
24483.957,1795, , ,0.97780235,0.97900369,0.1227%,0.001201,1270
24493.084,1796, , ,0.97780235,0.97900369,0.1227%,0.001201,1271
24501.351,1797, , ,0.97780235,0.97900369,0.1227%,0.001201,1272
24514.146,1798, , ,0.97780235,0.97900369,0.1227%,0.001201,1273
24524.802,1799, , ,0.97780235,0.97900369,0.1227%,0.001201,1274
24537.534,1800, , ,0.97780235,0.97900369,0.1227%,0.001201,1275
24548.148,1801, , ,0.97780235,0.97900369,0.1227%,0.001201,1276
24558.721,1802, , ,0.97780235,0.97900369,0.1227%,0.001201,1277
24565.623,1803, , ,0.97780235,0.97900369,0.1227%,0.001201,1278
24570.631,1804, , ,0.97780235,0.97900369,0.1227%,0.001201,1279
24575.739,1805, , ,0.97780235,0.97900369,0.1227%,0.001201,1280
24583.292,1806, , ,0.97780235,0.97900369,0.1227%,0.001201,1281
24591.345,1807, , ,0.97780235,0.97900369,0.1227%,0.001201,1282
24599.794,1808,Bound, ,0.97780235,0.97900369,0.1227%,0.001201,1281
24608.99,1809, , ,0.97780235,0.97900369,0.1227%,0.001201,1282
24617.205,1810, , ,0.97780235,0.97900369,0.1227%,0.001201,1283
24626.279,1811, , ,0.97780235,0.97900369,0.1227%,0.001201,1284
24633.706,1812, , ,0.97780235,0.97900369,0.1227%,0.001201,1285
24642.117,1813,Bound, ,0.97780235,0.97900369,0.1227%,0.001201,1284
24649.127,1814,Bound, ,0.97780235,0.97900369,0.1227%,0.001201,1283
24657.57,1815,Bound, ,0.97780235,0.97900369,0.1227%,0.001201,1282
24665.814,1816, , ,0.97780235,0.97900369,0.1227%,0.001201,1283
24675.234,1817, , ,0.97780235,0.97900369,0.1227%,0.001201,1284
24682.917,1818, , ,0.97780235,0.97900369,0.1227%,0.001201,1285
24691.108,1819,Bound, ,0.97780235,0.97900369,0.1227%,0.001201,1284
24698.225,1820,Bound, ,0.97780235,0.97900369,0.1227%,0.001201,1283
24706.258,1821,Bound, ,0.97780235,0.97900369,0.1227%,0.001201,1282
24715.278,1822, , ,0.97780235,0.97900369,0.1227%,0.001201,1283
24723.413,1823, , ,0.97780235,0.97900369,0.1227%,0.001201,1284
24731.009,1824, , ,0.97780235,0.97900369,0.1227%,0.001201,1285
24739.341,1825,Bound,* L  ,0.97780235,0.97900369,0.1227%,0.001201,1284
24751.743,1826, , ,0.97780235,0.97900369,0.1227%,0.001201,1285
24764.656,1827, , ,0.97780235,0.97900369,0.1227%,0.001201,1286
24776.53,1828, , ,0.97780235,0.97900369,0.1227%,0.001201,1287
24788.534,1829, , ,0.97780235,0.97900369,0.1227%,0.001201,1288
24799.22,1830, , ,0.97780235,0.97900369,0.1227%,0.001201,1289
24810.392,1831, , ,0.97780235,0.97900369,0.1227%,0.001201,1290
24822.7,1832, , ,0.97780235,0.97900369,0.1227%,0.001201,1291
24835.624,1833, , ,0.97780235,0.97900369,0.1227%,0.001201,1292
24847.825,1834, , ,0.97780235,0.97900369,0.1227%,0.001201,1293
24860.359,1835, , ,0.97780235,0.97900369,0.1227%,0.001201,1294
24872.447,1836, , ,0.97780235,0.97900369,0.1227%,0.001201,1295
24882.797,1837, , ,0.97780235,0.97900369,0.1227%,0.001201,1296
24887.425,1838, , ,0.97780235,0.97900369,0.1227%,0.001201,1297
24892.573,1839, , ,0.97780235,0.97900369,0.1227%,0.001201,1298
24897.629,1840, , ,0.97780235,0.97900369,0.1227%,0.001201,1299
24909.457,1841, , ,0.97780235,0.97900369,0.1227%,0.001201,1300
24920.369,1842, , ,0.97780235,0.97900369,0.1227%,0.001201,1301
24932.712,1843, , ,0.97780235,0.97900369,0.1227%,0.001201,1302
24943.138,1844, , ,0.97780235,0.97900369,0.1227%,0.001201,1303
24953.55,1845, , ,0.97780235,0.97900369,0.1227%,0.001201,1304
24965.541,1846, , ,0.97780235,0.97900369,0.1227%,0.001201,1305
24977.259,1847, , ,0.97780235,0.97900369,0.1227%,0.001201,1306
24986.556,1848, , ,0.97780235,0.97900369,0.1227%,0.001201,1307
24995.334,1849, , ,0.97780235,0.97900369,0.1227%,0.001201,1308
25011.273,1850, , ,0.97780235,0.97900369,0.1227%,0.001201,1309
25022.026,1851, , ,0.97780235,0.97900369,0.1227%,0.001201,1310
25034.314,1852, , ,0.97780235,0.97900369,0.1227%,0.001201,1311
25045.055,1853, , ,0.97780235,0.97900369,0.1227%,0.001201,1312
25058.639,1854, , ,0.97780235,0.97900369,0.1227%,0.001201,1313
25066.909,1855, , ,0.97780235,0.97900369,0.1227%,0.001201,1314
25076.235,1856, , ,0.97780235,0.97900369,0.1227%,0.001201,1315
25087.467,1857, , ,0.97780235,0.97900369,0.1227%,0.001201,1316
25095.789,1858,Bound, ,0.97780235,0.97900369,0.1227%,0.001201,1315
25104.889,1859, , ,0.97780235,0.97900369,0.1227%,0.001201,1316
25115.755,1860, , ,0.97780235,0.97900369,0.1227%,0.001201,1317
25123.74,1861, , ,0.97780235,0.97900369,0.1227%,0.001201,1318
25130.663,1862,Bound, ,0.97780235,0.97900369,0.1227%,0.001201,1317
25139.082,1863,Bound, ,0.97780235,0.97900369,0.1227%,0.001201,1316
25148.135,1864, , ,0.97780235,0.97900369,0.1227%,0.001201,1317
25155.142,1865,Bound, ,0.97780235,0.97900369,0.1227%,0.001201,1316
25163.418,1866,Bound, ,0.97780235,0.97900369,0.1227%,0.001201,1315
25171.767,1867, , ,0.97780235,0.97900369,0.1227%,0.001201,1316
25180.987,1868, , ,0.97780235,0.97900369,0.1227%,0.001201,1317
25193.149,1869, , ,0.97780235,0.97900369,0.1227%,0.001201,1318
25200.162,1870,Bound, ,0.97780235,0.97900369,0.1227%,0.001201,1317
25208.075,1871,Bound, ,0.97780235,0.97900369,0.1227%,0.001201,1316
25218.547,1872, , ,0.97780235,0.97900369,0.1227%,0.001201,1317
25226.671,1873, , ,0.97780235,0.97900369,0.1227%,0.001201,1318
25234.856,1874, , ,0.97780235,0.97900369,0.1227%,0.001201,1319
25242.854,1875,Bound, ,0.97780235,0.97900369,0.1227%,0.001201,1318
25250.481,1876, , ,0.97780235,0.97900369,0.1227%,0.001201,1319
25257.647,1877,Bound, ,0.97780235,0.97900369,0.1227%,0.001201,1318
25265.556,1878, , ,0.97780235,0.97900369,0.1227%,0.001201,1319
25274.908,1879, , ,0.97780235,0.97900369,0.1227%,0.001201,1320
25282.846,1880,Bound, ,0.97780235,0.97900369,0.1227%,0.001201,1319
25293.838,1881, , ,0.97780235,0.97900369,0.1227%,0.001201,1320
25302.727,1882, , ,0.97780235,0.97900369,0.1227%,0.001201,1321
25306.898,1883, , ,0.97780235,0.97900369,0.1227%,0.001201,1322
25312.057,1884, , ,0.97780235,0.97900369,0.1227%,0.001201,1323
25316.119,1885,Bound, ,0.97780235,0.97900369,0.1227%,0.001201,1322
25324.222,1886,Bound, ,0.97780235,0.97900369,0.1227%,0.001201,1321
25332.395,1887, , ,0.97780235,0.97900369,0.1227%,0.001201,1322
25341.492,1888, , ,0.97780235,0.97900369,0.1227%,0.001201,1323
25349.118,1889, , ,0.97780235,0.97900369,0.1227%,0.001201,1324
25357.129,1890,Bound, ,0.97780235,0.97900369,0.1227%,0.001201,1323
25365.553,1891, , ,0.97780235,0.97900369,0.1227%,0.001201,1324
25374.707,1892, , ,0.97780235,0.97900369,0.1227%,0.001201,1325
25385.823,1893, , ,0.97780235,0.97900369,0.1227%,0.001201,1326
25392.985,1894,Bound, ,0.97780235,0.97900369,0.1227%,0.001201,1325
25401.13,1895,Bound, ,0.97780235,0.97900369,0.1227%,0.001201,1324
25409.294,1896, , ,0.97780235,0.97900369,0.1227%,0.001201,1325
25417.506,1897, , ,0.97780235,0.97900369,0.1227%,0.001201,1326
25425.095,1898, , ,0.97780235,0.97900369,0.1227%,0.001201,1327
25433.244,1899,Bound, ,0.97780235,0.97900369,0.1227%,0.001201,1326
25441.645,1900, , ,0.97780235,0.97900369,0.1227%,0.001201,1327
25450.966,1901, , ,0.97780235,0.97900369,0.1227%,0.001201,1328
25462.75,1902, , ,0.97780235,0.97900369,0.1227%,0.001201,1329
25471.248,1903, , ,0.97780235,0.97900369,0.1227%,0.001201,1330
25480.548,1904, , ,0.97780235,0.97900369,0.1227%,0.001201,1331
25493.543,1905, , ,0.97780235,0.97900369,0.1227%,0.001201,1332
25502.135,1906, , ,0.97780235,0.97900369,0.1227%,0.001201,1333
25509.462,1907,Bound, ,0.97780235,0.97900369,0.1227%,0.001201,1332
25517.457,1908,Bound, ,0.97780235,0.97900369,0.1227%,0.001201,1331
25530.143,1909, , ,0.97780235,0.97900369,0.1227%,0.001201,1332
25537.203,1910,Bound, ,0.97780235,0.97900369,0.1227%,0.001201,1331
25545.587,1911,Bound, ,0.97780235,0.97900369,0.1227%,0.001201,1330
25556.535,1912, , ,0.97780235,0.97900369,0.1227%,0.001201,1331
25567.605,1913, , ,0.97780235,0.97900369,0.1227%,0.001201,1332
25578.39,1914, , ,0.97780235,0.97900369,0.1227%,0.001201,1333
25588.218,1915, , ,0.97780235,0.97900369,0.1227%,0.001201,1334
25599.011,1916, , ,0.97780235,0.97900369,0.1227%,0.001201,1335
25614.015,1917, , ,0.97780235,0.97900369,0.1227%,0.001201,1336
25622.24,1918, , ,0.97780235,0.97900369,0.1227%,0.001201,1337
25631.556,1919, , ,0.97780235,0.97900369,0.1227%,0.001201,1338
25639.965,1920, , ,0.97780235,0.97900369,0.1227%,0.001201,1339
25649.327,1921, , ,0.97780235,0.97900369,0.1227%,0.001201,1340
25657.617,1922, , ,0.97780235,0.97900369,0.1227%,0.001201,1341
25667.138,1923, , ,0.97780235,0.97900369,0.1227%,0.001201,1342
25675.438,1924, , ,0.97780235,0.97900369,0.1227%,0.001201,1343
25684.971,1925, , ,0.97780235,0.97900369,0.1227%,0.001201,1344
25692.157,1926,Bound, ,0.97780235,0.97900369,0.1227%,0.001201,1343
25700.059,1927,Bound, ,0.97780235,0.97900369,0.1227%,0.001201,1342
25707.574,1928, , ,0.97780235,0.97900369,0.1227%,0.001201,1343
25715.714,1929,Bound, ,0.97780235,0.97900369,0.1227%,0.001201,1342
25723.85,1930,Bound, ,0.97780235,0.97900369,0.1227%,0.001201,1341
25731.737,1931, , ,0.97780235,0.97900369,0.1227%,0.001201,1342
25740.109,1932,Bound, ,0.97780235,0.97900369,0.1227%,0.001201,1341
25747.817,1933, , ,0.97780235,0.97900369,0.1227%,0.001201,1342
25759.801,1934, , ,0.97780235,0.97900369,0.1227%,0.001201,1343
25770.389,1935, , ,0.97780235,0.97900369,0.1227%,0.001201,1344
25778.784,1936, , ,0.97780235,0.97900369,0.1227%,0.001201,1345
25791.012,1937, , ,0.97780235,0.97900369,0.1227%,0.001201,1346
25802.383,1938, , ,0.97780235,0.97900369,0.1227%,0.001201,1347
25811.357,1939, , ,0.97780235,0.97900369,0.1227%,0.001201,1348
25819.656,1940, , ,0.97780235,0.97900369,0.1227%,0.001201,1349
25825.148,1941, , ,0.97780235,0.97900369,0.1227%,0.001201,1350
25830.542,1942, , ,0.97780235,0.97900369,0.1227%,0.001201,1351
25838.731,1943, , ,0.97780235,0.97900369,0.1227%,0.001201,1352
25845.868,1944,Bound, ,0.97780235,0.97900369,0.1227%,0.001201,1351
25854.293,1945,Bound, ,0.97780235,0.97900369,0.1227%,0.001201,1350
25866.461,1946, , ,0.97780235,0.97900369,0.1227%,0.001201,1351
25877.19,1947, , ,0.97780235,0.97900369,0.1227%,0.001201,1352
25888.291,1948, , ,0.97780235,0.97900369,0.1227%,0.001201,1353
25899.35,1949, , ,0.97780235,0.97900369,0.1227%,0.001201,1354
25911.678,1950, , ,0.97780235,0.97900369,0.1227%,0.001201,1355
25928.169,1951, , ,0.97780235,0.97900369,0.1227%,0.001201,1356
25936.52,1952, , ,0.97780235,0.97900369,0.1227%,0.001201,1357
25945.725,1953, , ,0.97780235,0.97900369,0.1227%,0.001201,1358
25953.988,1954, , ,0.97780235,0.97900369,0.1227%,0.001201,1359
25963.162,1955, , ,0.97780235,0.97900369,0.1227%,0.001201,1360
25971.521,1956, , ,0.97780235,0.97900369,0.1227%,0.001201,1361
25980.795,1957, , ,0.97780235,0.97900369,0.1227%,0.001201,1362
25988.252,1958,Bound, ,0.97780235,0.97900369,0.1227%,0.001201,1361
25996.618,1959,Bound, ,0.97780235,0.97900369,0.1227%,0.001201,1360
26003.795,1960,Bound, ,0.97780235,0.97900369,0.1227%,0.001201,1359
26011.909,1961,Bound, ,0.97780235,0.97900369,0.1227%,0.001201,1358
26018.816,1962,Bound, ,0.97780235,0.97900369,0.1227%,0.001201,1357
26026.919,1963,Bound, ,0.97780235,0.97900369,0.1227%,0.001201,1356
26041.158,1964, , ,0.97780235,0.97900369,0.1227%,0.001201,1357
26054.56,1965, , ,0.97780235,0.97900369,0.1227%,0.001201,1358
26067.003,1966, , ,0.97780235,0.97900369,0.1227%,0.001201,1359
26083.309,1967, , ,0.97780235,0.97900369,0.1227%,0.001201,1360
26098.064,1968, , ,0.97780235,0.97900369,0.1227%,0.001201,1361
26108.464,1969, , ,0.97780235,0.97900369,0.1227%,0.001201,1362
26122.204,1970, , ,0.97780235,0.97900369,0.1227%,0.001201,1363
26133.062,1971, , ,0.97780235,0.97900369,0.1227%,0.001201,1364
26142.987,1972, , ,0.97780235,0.97900369,0.1227%,0.001201,1365
26153.755,1973, , ,0.97780235,0.97900369,0.1227%,0.001201,1366
26164.675,1974, , ,0.97780235,0.97900369,0.1227%,0.001201,1367
26175.118,1975, , ,0.97780235,0.97900369,0.1227%,0.001201,1368
26183.544,1976, , ,0.97780235,0.97900369,0.1227%,0.001201,1369
26193.105,1977, , ,0.97780235,0.97900369,0.1227%,0.001201,1370
26201.313,1978, , ,0.97780235,0.97900369,0.1227%,0.001201,1371
26210.9,1979, , ,0.97780235,0.97900369,0.1227%,0.001201,1372
26219.573,1980, , ,0.97780235,0.97900369,0.1227%,0.001201,1373
26229.048,1981, , ,0.97780235,0.97900369,0.1227%,0.001201,1374
26237.629,1982, , ,0.97780235,0.97900369,0.1227%,0.001201,1375
26247.005,1983, , ,0.97780235,0.97900369,0.1227%,0.001201,1376
26254.238,1984,Bound, ,0.97780235,0.97900369,0.1227%,0.001201,1375
26262.712,1985,Bound, ,0.97780235,0.97900369,0.1227%,0.001201,1374
26270.15,1986,Bound, ,0.97780235,0.97900369,0.1227%,0.001201,1373
26278.431,1987,Bound, ,0.97780235,0.97900369,0.1227%,0.001201,1372
26286.373,1988, , ,0.97780235,0.97900369,0.1227%,0.001201,1373
26294.717,1989,Bound, ,0.97780235,0.97900369,0.1227%,0.001201,1372
26302.496,1990,Bound, ,0.97780235,0.97900369,0.1227%,0.001201,1371
26310.542,1991, ,* L  ,0.97780235,0.97900369,0.1227%,0.001201,1372
26323.052,1992, , ,0.97780235,0.97900369,0.1227%,0.001201,1373
26335.313,1993, , ,0.97780235,0.97900369,0.1227%,0.001201,1374
26340.323,1994, , ,0.97780235,0.97900369,0.1227%,0.001201,1375
26346.294,1995, , ,0.97780235,0.97900369,0.1227%,0.001201,1376
26356.441,1996, , ,0.97780235,0.97900369,0.1227%,0.001201,1377
26371.122,1997, , ,0.97780235,0.97900369,0.1227%,0.001201,1378
26383.914,1998, , ,0.97780235,0.97900369,0.1227%,0.001201,1379
26397.606,1999, , ,0.97780235,0.97900369,0.1227%,0.001201,1380
26409.78,2000, , ,0.97780235,0.97900369,0.1227%,0.001201,1381
26422.346,2001, , ,0.97780235,0.97900369,0.1227%,0.001201,1382
26435.092,2002, , ,0.97780235,0.97900369,0.1227%,0.001201,1383
26448.437,2003, , ,0.97780235,0.97900369,0.1227%,0.001201,1384
26460.137,2004, , ,0.97780235,0.97900369,0.1227%,0.001201,1385
26472.502,2005, , ,0.97780235,0.97900369,0.1227%,0.001201,1386
26485.956,2006, , ,0.97780235,0.97900369,0.1227%,0.001201,1387
26498.417,2007, , ,0.97780235,0.97900369,0.1227%,0.001201,1388
26511.368,2008, , ,0.97780235,0.97900369,0.1227%,0.001201,1389
26523.531,2009, , ,0.97780235,0.97900369,0.1227%,0.001201,1390
26536.363,2010, , ,0.97780235,0.97900369,0.1227%,0.001201,1391
26549.187,2011, , ,0.97780235,0.97900369,0.1227%,0.001201,1392
26562.628,2012, , ,0.97780235,0.97900369,0.1227%,0.001201,1393
26574.128,2013, , ,0.97780235,0.97900369,0.1227%,0.001201,1394
26587.622,2014, , ,0.97780235,0.97900369,0.1227%,0.001201,1395
26600.005,2015, , ,0.97780235,0.97900369,0.1227%,0.001201,1396
26613.618,2016, , ,0.97780235,0.97900369,0.1227%,0.001201,1397
26626.482,2017, , ,0.97780235,0.97900369,0.1227%,0.001201,1398
26641.444,2018, , ,0.97780235,0.97900369,0.1227%,0.001201,1399
26654.363,2019, , ,0.97780235,0.97900369,0.1227%,0.001201,1400
26667.181,2020, , ,0.97780235,0.97900369,0.1227%,0.001201,1401
26680.402,2021, , ,0.97780235,0.97900369,0.1227%,0.001201,1402
26693.309,2022, , ,0.97780235,0.97900369,0.1227%,0.001201,1403
26707.201,2023, , ,0.97780235,0.97900369,0.1227%,0.001201,1404
26719.282,2024, , ,0.97780235,0.97900369,0.1227%,0.001201,1405
26732.577,2025, , ,0.97780235,0.97900369,0.1227%,0.001201,1406
26745.947,2026, , ,0.97780235,0.97900369,0.1227%,0.001201,1407
26761.189,2027, , ,0.97780235,0.97900369,0.1227%,0.001201,1408
26774.412,2028, , ,0.97780235,0.97900369,0.1227%,0.001201,1409
26787.714,2029, , ,0.97780235,0.97900369,0.1227%,0.001201,1410
26800.78,2030, , ,0.97780235,0.97900369,0.1227%,0.001201,1411
26816.798,2031, , ,0.97780235,0.97900369,0.1227%,0.001201,1412
26826.564,2032, , ,0.97780235,0.97900369,0.1227%,0.001201,1413
26837.34,2033, , ,0.97780235,0.97900369,0.1227%,0.001201,1414
26850.225,2034, , ,0.97780235,0.97900369,0.1227%,0.001201,1415
26863.954,2035, , ,0.97780235,0.97900369,0.1227%,0.001201,1416
26874.071,2036, , ,0.97780235,0.97900369,0.1227%,0.001201,1417
26885.102,2037, , ,0.97780235,0.97900369,0.1227%,0.001201,1418
26893.706,2038, , ,0.97780235,0.97900369,0.1227%,0.001201,1419
26903.315,2039, , ,0.97780235,0.97900369,0.1227%,0.001201,1420
26913.225,2040, , ,0.97780235,0.97900369,0.1227%,0.001201,1421
26924.435,2041, , ,0.97780235,0.97900369,0.1227%,0.001201,1422
26935.94,2042, , ,0.97780235,0.97900369,0.1227%,0.001201,1423
26946.893,2043, , ,0.97780235,0.97900369,0.1227%,0.001201,1424
26951.209,2044, , ,0.97780235,0.97900369,0.1227%,0.001201,1425
26956.04,2045, , ,0.97780235,0.97900369,0.1227%,0.001201,1426
26959.136,2046, , ,0.97780235,0.97900369,0.1227%,0.001201,1427
26963.141,2047,Bound, ,0.97780235,0.97900369,0.1227%,0.001201,1426
26968.546,2048, , ,0.97780235,0.97900369,0.1227%,0.001201,1427
26977.778,2049, , ,0.97780235,0.97900369,0.1227%,0.001201,1428
26986.359,2050, , ,0.97780235,0.97900369,0.1227%,0.001201,1429
26994.554,2051, , ,0.97780235,0.97900369,0.1227%,0.001201,1430
27002.58,2052, , ,0.97780235,0.97900369,0.1227%,0.001201,1431
27011.18,2053,Bound, ,0.97780235,0.97900369,0.1227%,0.001201,1430
27019.162,2054, , ,0.97780235,0.97900369,0.1227%,0.001201,1431
27027.595,2055,Bound, ,0.97780235,0.97900369,0.1227%,0.001201,1430
27034.841,2056,Bound, ,0.97780235,0.97900369,0.1227%,0.001201,1429
27043.121,2057,Bound, ,0.97780235,0.97900369,0.1227%,0.001201,1428
27053.356,2058, , ,0.97780235,0.97900369,0.1227%,0.001201,1429
27065.183,2059, , ,0.97780235,0.97900369,0.1227%,0.001201,1430
27078.819,2060, , ,0.97780235,0.97900369,0.1227%,0.001201,1431
27091.675,2061, , ,0.97780235,0.97900369,0.1227%,0.001201,1432
27100.18,2062, , ,0.97780235,0.97900369,0.1227%,0.001201,1433
27109.23,2063, , ,0.97780235,0.97900369,0.1227%,0.001201,1434
27120.297,2064, , ,0.97780235,0.97900369,0.1227%,0.001201,1435
27131.616,2065, , ,0.97780235,0.97900369,0.1227%,0.001201,1436
27142.42,2066, , ,0.97780235,0.97900369,0.1227%,0.001201,1437
27153.246,2067, , ,0.97780235,0.97900369,0.1227%,0.001201,1438
27164.772,2068, , ,0.97780235,0.97900369,0.1227%,0.001201,1439
27175.359,2069, , ,0.97780235,0.97900369,0.1227%,0.001201,1440
27182.613,2070,Bound, ,0.97780235,0.97900369,0.1227%,0.001201,1439
27190.962,2071,Bound, ,0.97780235,0.97900369,0.1227%,0.001201,1438
27199.354,2072, , ,0.97780235,0.97900369,0.1227%,0.001201,1439
27209.393,2073, , ,0.97780235,0.97900369,0.1227%,0.001201,1440
27217.816,2074, , ,0.97780235,0.97900369,0.1227%,0.001201,1441
27227.525,2075, , ,0.97780235,0.97900369,0.1227%,0.001201,1442
27236.495,2076, , ,0.97780235,0.97900369,0.1227%,0.001201,1443
27245.124,2077, , ,0.97780235,0.97900369,0.1227%,0.001201,1444
27253.536,2078, , ,0.97780235,0.97900369,0.1227%,0.001201,1445
27262.303,2079,Bound, ,0.97780235,0.97900369,0.1227%,0.001201,1444
27269.643,2080, , ,0.97780235,0.97900369,0.1227%,0.001201,1445
27273.593,2081,Bound, ,0.97780235,0.97900369,0.1227%,0.001201,1444
27276.619,2082,Bound, ,0.97780235,0.97900369,0.1227%,0.001201,1443
27281.302,2083,Bound, ,0.97780235,0.97900369,0.1227%,0.001201,1442
27289.042,2084, , ,0.97780235,0.97900369,0.1227%,0.001201,1443
27300.101,2085, , ,0.97780235,0.97900369,0.1227%,0.001201,1444
27311.103,2086, , ,0.97780235,0.97900369,0.1227%,0.001201,1445
27323.137,2087, , ,0.97780235,0.97900369,0.1227%,0.001201,1446
27335.861,2088, , ,0.97780235,0.97900369,0.1227%,0.001201,1447
27349.192,2089, , ,0.97780235,0.97900369,0.1227%,0.001201,1448
27357.735,2090, , ,0.97780235,0.97900369,0.1227%,0.001201,1449
27367.103,2091, , ,0.97780235,0.97900369,0.1227%,0.001201,1450
27377.407,2092, , ,0.97780235,0.97900369,0.1227%,0.001201,1451
27388.668,2093, , ,0.97780235,0.97900369,0.1227%,0.001201,1452
27396.129,2094, , ,0.97780235,0.97900369,0.1227%,0.001201,1453
27406.723,2095, , ,0.97780235,0.97900369,0.1227%,0.001201,1454
27417.931,2096, , ,0.97780235,0.97900369,0.1227%,0.001201,1455
27426.456,2097, , ,0.97780235,0.97900369,0.1227%,0.001201,1456
27433.17,2098, , ,0.97780235,0.97900369,0.1227%,0.001201,1457
27440.963,2099,Bound, ,0.97780235,0.97900369,0.1227%,0.001201,1456
27449.075,2100, , ,0.97780235,0.97900369,0.1227%,0.001201,1457
27458.56,2101, , ,0.97780235,0.97900369,0.1227%,0.001201,1458
27467.078,2102, , ,0.97780235,0.97900369,0.1227%,0.001201,1459
27476.786,2103, , ,0.97780235,0.97900369,0.1227%,0.001201,1460
27485.844,2104, , ,0.97780235,0.97900369,0.1227%,0.001201,1461
27494.622,2105, , ,0.97780235,0.97900369,0.1227%,0.001201,1462
27502.593,2106, , ,0.97780235,0.97900369,0.1227%,0.001201,1463
27511.059,2107,Bound, ,0.97780235,0.97900369,0.1227%,0.001201,1462
27518.801,2108, , ,0.97780235,0.97900369,0.1227%,0.001201,1463
27527.318,2109,Bound, ,0.97780235,0.97900369,0.1227%,0.001201,1462
27534.397,2110,Bound, ,0.97780235,0.97900369,0.1227%,0.001201,1461
27542.67,2111,Bound, ,0.97780235,0.97900369,0.1227%,0.001201,1460
27556.582,2112, , ,0.97780235,0.97900369,0.1227%,0.001201,1461
27569.951,2113, , ,0.97780235,0.97900369,0.1227%,0.001201,1462
27582.449,2114, , ,0.97780235,0.97900369,0.1227%,0.001201,1463
27597.322,2115, , ,0.97780235,0.97900369,0.1227%,0.001201,1464
27607.442,2116, , ,0.97780235,0.97900369,0.1227%,0.001201,1465
27618.573,2117, , ,0.97780235,0.97900369,0.1227%,0.001201,1466
27631.77,2118, , ,0.97780235,0.97900369,0.1227%,0.001201,1467
27644.828,2119, , ,0.97780235,0.97900369,0.1227%,0.001201,1468
27658.344,2120, , ,0.97780235,0.97900369,0.1227%,0.001201,1469
27671.701,2121, , ,0.97780235,0.97900369,0.1227%,0.001201,1470
27687.643,2122, , ,0.97780235,0.97900369,0.1227%,0.001201,1471
27692.402,2123, , ,0.97780235,0.97900369,0.1227%,0.001201,1472
27695.968,2124, , ,0.97780235,0.97900369,0.1227%,0.001201,1473
27700.927,2125, , ,0.97780235,0.97900369,0.1227%,0.001201,1474
27711.992,2126, , ,0.97780235,0.97900369,0.1227%,0.001201,1475
27723.11,2127, , ,0.97780235,0.97900369,0.1227%,0.001201,1476
27733.772,2128, , ,0.97780235,0.97900369,0.1227%,0.001201,1477
27744.901,2129, , ,0.97780235,0.97900369,0.1227%,0.001201,1478
27752.942,2130, , ,0.97780235,0.97900369,0.1227%,0.001201,1479
27761.57,2131,Bound, ,0.97780235,0.97900369,0.1227%,0.001201,1478
27769.845,2132, , ,0.97780235,0.97900369,0.1227%,0.001201,1479
27779.181,2133, , ,0.97780235,0.97900369,0.1227%,0.001201,1480
27787.263,2134, , ,0.97780235,0.97900369,0.1227%,0.001201,1481
27796.63,2135, , ,0.97780235,0.97900369,0.1227%,0.001201,1482
27804.842,2136, , ,0.97780235,0.97900369,0.1227%,0.001201,1483
27814.013,2137, , ,0.97780235,0.97900369,0.1227%,0.001201,1484
27821.552,2138, , ,0.97780235,0.97900369,0.1227%,0.001201,1485
27829.502,2139,Bound, ,0.97780235,0.97900369,0.1227%,0.001201,1484
27836.648,2140, , ,0.97780235,0.97900369,0.1227%,0.001201,1485
27845.026,2141,Bound, ,0.97780235,0.97900369,0.1227%,0.001201,1484
27852.321,2142,Bound, ,0.97780235,0.97900369,0.1227%,0.001201,1483
27860.569,2143,Bound, ,0.97780235,0.97900369,0.1227%,0.001201,1482
27872.701,2144, , ,0.97780235,0.97900369,0.1227%,0.001201,1483
27883.45,2145, , ,0.97780235,0.97900369,0.1227%,0.001201,1484
27894.101,2146, , ,0.97780235,0.97900369,0.1227%,0.001201,1485
27903.99,2147, , ,0.97780235,0.97900369,0.1227%,0.001201,1486
27914.278,2148, , ,0.97780235,0.97900369,0.1227%,0.001201,1487
27924.264,2149, , ,0.97780235,0.97900369,0.1227%,0.001201,1488
27932.446,2150, , ,0.97780235,0.97900369,0.1227%,0.001201,1489
27941.103,2151, , ,0.97780235,0.97900369,0.1227%,0.001201,1490
27949.394,2152, , ,0.97780235,0.97900369,0.1227%,0.001201,1491
27959.156,2153, , ,0.97780235,0.97900369,0.1227%,0.001201,1492
27967.479,2154, , ,0.97780235,0.97900369,0.1227%,0.001201,1493
27976.717,2155, , ,0.97780235,0.97900369,0.1227%,0.001201,1494
27983.999,2156,Bound, ,0.97780235,0.97900369,0.1227%,0.001201,1493
27992.521,2157,Bound, ,0.97780235,0.97900369,0.1227%,0.001201,1492
28000.314,2158, , ,0.97780235,0.97900369,0.1227%,0.001201,1493
28008.589,2159,Bound, ,0.97780235,0.97900369,0.1227%,0.001201,1492
28016.149,2160, , ,0.97780235,0.97900369,0.1227%,0.001201,1493
28024.476,2161,Bound, ,0.97780235,0.97900369,0.1227%,0.001201,1492
28035.933,2162, , ,0.97780235,0.97900369,0.1227%,0.001201,1493
28050.518,2163, , ,0.97780235,0.97900369,0.1227%,0.001201,1494
28062.848,2164, , ,0.97780235,0.97900369,0.1227%,0.001201,1495
28077.233,2165, , ,0.97780235,0.97900369,0.1227%,0.001201,1496
28090.509,2166, , ,0.97780235,0.97900369,0.1227%,0.001201,1497
28103.01,2167, , ,0.97780235,0.97900369,0.1227%,0.001201,1498
28113.832,2168, , ,0.97780235,0.97900369,0.1227%,0.001201,1499
28124.733,2169, , ,0.97780235,0.97900369,0.1227%,0.001201,1500
28134.788,2170, , ,0.97780235,0.97900369,0.1227%,0.001201,1501
28146.016,2171, , ,0.97780235,0.97900369,0.1227%,0.001201,1502
28159.535,2172, , ,0.97780235,0.97900369,0.1227%,0.001201,1503
28170.49,2173, , ,0.97780235,0.97900369,0.1227%,0.001201,1504
28182.781,2174, , ,0.97780235,0.97900369,0.1227%,0.001201,1505
28193.847,2175, , ,0.97780235,0.97900369,0.1227%,0.001201,1506
28202.375,2176, , ,0.97780235,0.97900369,0.1227%,0.001201,1507
28207.541,2177, , ,0.97780235,0.97900369,0.1227%,0.001201,1508
28210.931,2178, , ,0.97780235,0.97900369,0.1227%,0.001201,1509
28214.824,2179, , ,0.97780235,0.97900369,0.1227%,0.001201,1510
28222.105,2180, , ,0.97780235,0.97900369,0.1227%,0.001201,1511
28230.627,2181, , ,0.97780235,0.97900369,0.1227%,0.001201,1512
28240.07,2182, , ,0.97780235,0.97900369,0.1227%,0.001201,1513
28246.966,2183,Bound, ,0.97780235,0.97900369,0.1227%,0.001201,1512
28254.876,2184,Bound, ,0.97780235,0.97900369,0.1227%,0.001201,1511
28261.846,2185,Bound, ,0.97780235,0.97900369,0.1227%,0.001201,1510
28270.043,2186,Bound, ,0.97780235,0.97900369,0.1227%,0.001201,1509
28277.609,2187, , ,0.97780235,0.97900369,0.1227%,0.001201,1510
28285.561,2188,Bound, ,0.97780235,0.97900369,0.1227%,0.001201,1509
28292.888,2189, , ,0.97780235,0.97900369,0.1227%,0.001201,1510
28301.192,2190,Bound, ,0.97780235,0.97900369,0.1227%,0.001201,1509
28309.366,2191, , ,0.97780235,0.97900369,0.1227%,0.001201,1510
28321.72,2192, , ,0.97780235,0.97900369,0.1227%,0.001201,1511
28334.358,2193, , ,0.97780235,0.97900369,0.1227%,0.001201,1512
28345.06,2194, , ,0.97780235,0.97900369,0.1227%,0.001201,1513
28356.887,2195, , ,0.97780235,0.97900369,0.1227%,0.001201,1514
28367.872,2196, , ,0.97780235,0.97900369,0.1227%,0.001201,1515
28379.153,2197, , ,0.97780235,0.97900369,0.1227%,0.001201,1516
28391.704,2198, , ,0.97780235,0.97900369,0.1227%,0.001201,1517
28405.211,2199, , ,0.97780235,0.97900369,0.1227%,0.001201,1518
28415.33,2200, , ,0.97780235,0.97900369,0.1227%,0.001201,1519
28425.523,2201, , ,0.97780235,0.97900369,0.1227%,0.001201,1520
28431.794,2202, , ,0.97780235,0.97900369,0.1227%,0.001201,1521
28440.661,2203, , ,0.97780235,0.97900369,0.1227%,0.001201,1522
28447.38,2204, , ,0.97780235,0.97900369,0.1227%,0.001201,1523
28454.824,2205, , ,0.97780235,0.97900369,0.1227%,0.001201,1524
28463.583,2206, , ,0.97780235,0.97900369,0.1227%,0.001201,1525
28471.346,2207, , ,0.97780235,0.97900369,0.1227%,0.001201,1526
28482.238,2208, , ,0.97780235,0.97900369,0.1227%,0.001201,1527
28493.148,2209, , ,0.97780235,0.97900369,0.1227%,0.001201,1528
28504.247,2210, , ,0.97780235,0.97900369,0.1227%,0.001201,1529
28513.117,2211, , ,0.97780235,0.97900369,0.1227%,0.001201,1530
28522.795,2212, , ,0.97780235,0.97900369,0.1227%,0.001201,1531
28531.784,2213, , ,0.97780235,0.97900369,0.1227%,0.001201,1532
28541.372,2214, , ,0.97780235,0.97900369,0.1227%,0.001201,1533
28550.23,2215, , ,0.97780235,0.97900369,0.1227%,0.001201,1534
28560.106,2216, , ,0.97780235,0.97900369,0.1227%,0.001201,1535
28569.145,2217, , ,0.97780235,0.97900369,0.1227%,0.001201,1536
28578.743,2218, , ,0.97780235,0.97900369,0.1227%,0.001201,1537
28586.629,2219, , ,0.97780235,0.97900369,0.1227%,0.001201,1538
28594.483,2220, , ,0.97780235,0.97900369,0.1227%,0.001201,1539
28602.991,2221,Bound, ,0.97780235,0.97900369,0.1227%,0.001201,1538
28611.083,2222,Bound, ,0.97780235,0.97900369,0.1227%,0.001201,1537
28618.922,2223, , ,0.97780235,0.97900369,0.1227%,0.001201,1538
28627.457,2224,Bound, ,0.97780235,0.97900369,0.1227%,0.001201,1537
28635.265,2225, , ,0.97780235,0.97900369,0.1227%,0.001201,1538
28643.528,2226,Bound, ,0.97780235,0.97900369,0.1227%,0.001201,1537
28654.153,2227, , ,0.97780235,0.97900369,0.1227%,0.001201,1538
28662.945,2228, , ,0.97780235,0.97900369,0.1227%,0.001201,1539
28671.497,2229, , ,0.97780235,0.97900369,0.1227%,0.001201,1540
28681.105,2230, , ,0.97780235,0.97900369,0.1227%,0.001201,1541
28689.567,2231, , ,0.97780235,0.97900369,0.1227%,0.001201,1542
28697.088,2232, , ,0.97780235,0.97900369,0.1227%,0.001201,1543
28705.203,2233,Bound, ,0.97780235,0.97900369,0.1227%,0.001201,1542
28712.926,2234, , ,0.97780235,0.97900369,0.1227%,0.001201,1543
28719.787,2235,Bound, ,0.97780235,0.97900369,0.1227%,0.001201,1542
28725.65,2236, , ,0.97780235,0.97900369,0.1227%,0.001201,1543
28734.794,2237, , ,0.97780235,0.97900369,0.1227%,0.001201,1544
28747.252,2238, , ,0.97780235,0.97900369,0.1227%,0.001201,1545
28759.57,2239, , ,0.97780235,0.97900369,0.1227%,0.001201,1546
28768.342,2240, , ,0.97780235,0.97900369,0.1227%,0.001201,1547
28780.288,2241, , ,0.97780235,0.97900369,0.1227%,0.001201,1548
28788.228,2242, , ,0.97780235,0.97900369,0.1227%,0.001201,1549
28793.278,2243, , ,0.97780235,0.97900369,0.1227%,0.001201,1550
28799.456,2244, , ,0.97780235,0.97900369,0.1227%,0.001201,1551
28803.019,2245, , ,0.97780235,0.97900369,0.1227%,0.001201,1552
28807.336,2246, , ,0.97780235,0.97900369,0.1227%,0.001201,1553
28810.836,2247, , ,0.97780235,0.97900369,0.1227%,0.001201,1554
28814.67,2248,Bound, ,0.97780235,0.97900369,0.1227%,0.001201,1553
28818.33,2249, , ,0.97780235,0.97900369,0.1227%,0.001201,1554
28821.978,2250,Bound, ,0.97780235,0.97900369,0.1227%,0.001201,1553
28828.567,2251, , ,0.97780235,0.97900369,0.1227%,0.001201,1554
28837.543,2252, , ,0.97780235,0.97900369,0.1227%,0.001201,1555
28845.783,2253, , ,0.97780235,0.97900369,0.1227%,0.001201,1556
28853.44,2254, , ,0.97780235,0.97900369,0.1227%,0.001201,1557
28866.301,2255, , ,0.97780235,0.97900369,0.1227%,0.001201,1558
28878.605,2256, , ,0.97780235,0.97900369,0.1227%,0.001201,1559
28887.457,2257, , ,0.97780235,0.97900369,0.1227%,0.001201,1560
28895.326,2258, , ,0.97780235,0.97900369,0.1227%,0.001201,1561
28903.261,2259, , ,0.97780235,0.97900369,0.1227%,0.001201,1562
28915.014,2260, , ,0.97780235,0.97900369,0.1227%,0.001201,1563
28925.391,2261, , ,0.97780235,0.97900369,0.1227%,0.001201,1564
28934.181,2262, , ,0.97780235,0.97900369,0.1227%,0.001201,1565
28944.342,2263, , ,0.97780235,0.97900369,0.1227%,0.001201,1566
28959.657,2264, , ,0.97780235,0.97900369,0.1227%,0.001201,1567
28969.169,2265, , ,0.97780235,0.97900369,0.1227%,0.001201,1568
28977.502,2266, , ,0.97780235,0.97900369,0.1227%,0.001201,1569
28986.889,2267, , ,0.97780235,0.97900369,0.1227%,0.001201,1570
28995.324,2268, , ,0.97780235,0.97900369,0.1227%,0.001201,1571
29006.23,2269, , ,0.97780235,0.97900369,0.1227%,0.001201,1572
29016.511,2270, , ,0.97780235,0.97900369,0.1227%,0.001201,1573
29027.037,2271, , ,0.97780235,0.97900369,0.1227%,0.001201,1574
29038.789,2272, , ,0.97780235,0.97900369,0.1227%,0.001201,1575
29046.905,2273, , ,0.97780235,0.97900369,0.1227%,0.001201,1576
29055.355,2274,Bound, ,0.97780235,0.97900369,0.1227%,0.001201,1575
29063.879,2275, , ,0.97780235,0.97900369,0.1227%,0.001201,1576
29073.489,2276, , ,0.97780235,0.97900369,0.1227%,0.001201,1577
29082.264,2277, , ,0.97780235,0.97900369,0.1227%,0.001201,1578
29091.969,2278, , ,0.97780235,0.97900369,0.1227%,0.001201,1579
29100.81,2279, , ,0.97780235,0.97900369,0.1227%,0.001201,1580
29110.679,2280, , ,0.97780235,0.97900369,0.1227%,0.001201,1581
29119.379,2281, , ,0.97780235,0.97900369,0.1227%,0.001201,1582
29127.564,2282, , ,0.97780235,0.97900369,0.1227%,0.001201,1583
29136.342,2283,Bound, ,0.97780235,0.97900369,0.1227%,0.001201,1582
29144.103,2284, , ,0.97780235,0.97900369,0.1227%,0.001201,1583
29152.702,2285,Bound, ,0.97780235,0.97900369,0.1227%,0.001201,1582
29160.553,2286, , ,0.97780235,0.97900369,0.1227%,0.001201,1583
29169.048,2287,Bound, ,0.97780235,0.97900369,0.1227%,0.001201,1582
29178.479,2288, , ,0.97780235,0.97900369,0.1227%,0.001201,1583
29190.144,2289, , ,0.97780235,0.97900369,0.1227%,0.001201,1584
29201.118,2290, , ,0.97780235,0.97900369,0.1227%,0.001201,1585
29212.409,2291, , ,0.97780235,0.97900369,0.1227%,0.001201,1586
29220.179,2292, , ,0.97780235,0.97900369,0.1227%,0.001201,1587
29228.482,2293,Bound, ,0.97780235,0.97900369,0.1227%,0.001201,1586
29236.745,2294, , ,0.97780235,0.97900369,0.1227%,0.001201,1587
29245.989,2295, , ,0.97780235,0.97900369,0.1227%,0.001201,1588
29253.484,2296, , ,0.97780235,0.97900369,0.1227%,0.001201,1589
29261.84,2297,Bound,* L  ,0.97780235,0.97900369,0.1227%,0.001201,1588
29273.42,2298, , ,0.97780235,0.97900369,0.1227%,0.001201,1589
29282.546,2299, , ,0.97780235,0.97900369,0.1227%,0.001201,1590
29288.925,2300, , ,0.97780235,0.97900369,0.1227%,0.001201,1591
29298.517,2301, , ,0.97780235,0.97900369,0.1227%,0.001201,1592
29306.316,2302, , ,0.97780235,0.97900369,0.1227%,0.001201,1593
29313.167,2303,Bound,* L  ,0.97780235,0.97900369,0.1227%,0.001201,1592
29321.615,2304, , ,0.97780235,0.97900369,0.1227%,0.001201,1593
29331.015,2305, , ,0.97780235,0.97900369,0.1227%,0.001201,1594
29339.512,2306, , ,0.97780235,0.97900369,0.1227%,0.001201,1595
29347.854,2307, , ,0.97780235,0.97900369,0.1227%,0.001201,1596
29355.309,2308, , ,0.97780235,0.97900369,0.1227%,0.001201,1597
29360.972,2309, , ,0.97780235,0.97900369,0.1227%,0.001201,1598
29366.687,2310, , ,0.97780235,0.97900369,0.1227%,0.001201,1599
29372.696,2311, , ,0.97780235,0.97900369,0.1227%,0.001201,1600
29379.028,2312, , ,0.97780235,0.97900369,0.1227%,0.001201,1601
29385.091,2313, , ,0.97780235,0.97900369,0.1227%,0.001201,1602
29391.041,2314, , ,0.97780235,0.97900369,0.1227%,0.001201,1603
29396.875,2315, , ,0.97780235,0.97900369,0.1227%,0.001201,1604
29404.523,2316, , ,0.97780235,0.97900369,0.1227%,0.001201,1605
29413.356,2317, , ,0.97780235,0.97900369,0.1227%,0.001201,1606
29424.469,2318, , ,0.97780235,0.97900369,0.1227%,0.001201,1607
29436.062,2319, , ,0.97780235,0.97900369,0.1227%,0.001201,1608
29448.656,2320, , ,0.97780235,0.97900369,0.1227%,0.001201,1609
29461.495,2321, , ,0.97780235,0.97900369,0.1227%,0.001201,1610
29471.24,2322, , ,0.97780235,0.97900369,0.1227%,0.001201,1611
29483.266,2323, , ,0.97780235,0.97900369,0.1227%,0.001201,1612
29494.074,2324, , ,0.97780235,0.97900369,0.1227%,0.001201,1613
29504.06,2325, , ,0.97780235,0.97900369,0.1227%,0.001201,1614
29516.585,2326, , ,0.97780235,0.97900369,0.1227%,0.001201,1615
29526.002,2327, , ,0.97780235,0.97900369,0.1227%,0.001201,1616
29539.705,2328, , ,0.97780235,0.97900369,0.1227%,0.001201,1617
29549.962,2329, , ,0.97780235,0.97900369,0.1227%,0.001201,1618
29558.169,2330, , ,0.97780235,0.97900369,0.1227%,0.001201,1619
29567.784,2331, , ,0.97780235,0.97900369,0.1227%,0.001201,1620
29578.055,2332, , ,0.97780235,0.97900369,0.1227%,0.001201,1621
29589.064,2333, , ,0.97780235,0.97900369,0.1227%,0.001201,1622
29598.341,2334, , ,0.97780235,0.97900369,0.1227%,0.001201,1623
29609.017,2335, , ,0.97780235,0.97900369,0.1227%,0.001201,1624
29617.783,2336, , ,0.97780235,0.97900369,0.1227%,0.001201,1625
29627.616,2337, , ,0.97780235,0.97900369,0.1227%,0.001201,1626
29636.639,2338, , ,0.97780235,0.97900369,0.1227%,0.001201,1627
29646.326,2339, , ,0.97780235,0.97900369,0.1227%,0.001201,1628
29655.153,2340, , ,0.97780235,0.97900369,0.1227%,0.001201,1629
29664.653,2341, , ,0.97780235,0.97900369,0.1227%,0.001201,1630
29672.275,2342,Bound, ,0.97780235,0.97900369,0.1227%,0.001201,1629
29682.064,2343, , ,0.97780235,0.97900369,0.1227%,0.001201,1630
29690.564,2344,Bound, ,0.97780235,0.97900369,0.1227%,0.001201,1629
29698.579,2345, , ,0.97780235,0.97900369,0.1227%,0.001201,1630
29707.151,2346,Bound, ,0.97780235,0.97900369,0.1227%,0.001201,1629
29713.854,2347, , ,0.97780235,0.97900369,0.1227%,0.001201,1630
29722.037,2348,Bound, ,0.97780235,0.97900369,0.1227%,0.001201,1629
29729.892,2349, , ,0.97780235,0.97900369,0.1227%,0.001201,1630
29738.276,2350,Bound, ,0.97780235,0.97900369,0.1227%,0.001201,1629
29745.808,2351, , ,0.97780235,0.97900369,0.1227%,0.001201,1630
29750.237,2352,Bound, ,0.97780235,0.97900369,0.1227%,0.001201,1629
29753.861,2353, , ,0.97780235,0.97900369,0.1227%,0.001201,1630
29759.542,2354, , ,0.97780235,0.97900369,0.1227%,0.001201,1631
29771.307,2355, , ,0.97780235,0.97900369,0.1227%,0.001201,1632
29781.966,2356, , ,0.97780235,0.97900369,0.1227%,0.001201,1633
29790.301,2357, , ,0.97780235,0.97900369,0.1227%,0.001201,1634
29801.741,2358, , ,0.97780235,0.97900369,0.1227%,0.001201,1635
29812.467,2359, , ,0.97780235,0.97900369,0.1227%,0.001201,1636
29827.478,2360, , ,0.97780235,0.97900369,0.1227%,0.001201,1637
29835.735,2361, , ,0.97780235,0.97900369,0.1227%,0.001201,1638
29842.362,2362, , ,0.97780235,0.97900369,0.1227%,0.001201,1639
29851.196,2363, , ,0.97780235,0.97900369,0.1227%,0.001201,1640
29858.927,2364, , ,0.97780235,0.97900369,0.1227%,0.001201,1641
29866.409,2365, , ,0.97780235,0.97900369,0.1227%,0.001201,1642
29872.279,2366, , ,0.97780235,0.97900369,0.1227%,0.001201,1643
29878.084,2367, , ,0.97780235,0.97900369,0.1227%,0.001201,1644
29885.914,2368, , ,0.97780235,0.97900369,0.1227%,0.001201,1645
29893.441,2369, , ,0.97780235,0.97900369,0.1227%,0.001201,1646
29901.595,2370,Bound, ,0.97780235,0.97900369,0.1227%,0.001201,1645
29908.723,2371,Bound, ,0.97780235,0.97900369,0.1227%,0.001201,1644
29916.904,2372,Bound, ,0.97780235,0.97900369,0.1227%,0.001201,1643
29924.113,2373, , ,0.97780235,0.97900369,0.1227%,0.001201,1644
29932.252,2374,Bound, ,0.97780235,0.97900369,0.1227%,0.001201,1643
29941.604,2375, , ,0.97780235,0.97900369,0.1227%,0.001201,1644
29951.672,2376, , ,0.97780235,0.97900369,0.1227%,0.001201,1645
29964.07,2377, , ,0.97780235,0.97900369,0.1227%,0.001201,1646
29977.138,2378, , ,0.97780235,0.97900369,0.1227%,0.001201,1647
29989.125,2379, , ,0.97780235,0.97900369,0.1227%,0.001201,1648
29996.859,2380, , ,0.97780235,0.97900369,0.1227%,0.001201,1649
30004.824,2381,Bound, ,0.97780235,0.97900369,0.1227%,0.001201,1648
30014.814,2382, , ,0.97780235,0.97900369,0.1227%,0.001201,1649
30024.7,2383, , ,0.97780235,0.97900369,0.1227%,0.001201,1650
30035.629,2384, , ,0.97780235,0.97900369,0.1227%,0.001201,1651
30046.027,2385, , ,0.97780235,0.97900369,0.1227%,0.001201,1652
30057.008,2386, , ,0.97780235,0.97900369,0.1227%,0.001201,1653
30070.283,2387, , ,0.97780235,0.97900369,0.1227%,0.001201,1654
30079.157,2388, , ,0.97780235,0.97900369,0.1227%,0.001201,1655
30089.057,2389, , ,0.97780235,0.97900369,0.1227%,0.001201,1656
30097.594,2390, , ,0.97780235,0.97900369,0.1227%,0.001201,1657
30106.975,2391, , ,0.97780235,0.97900369,0.1227%,0.001201,1658
30115.239,2392, , ,0.97780235,0.97900369,0.1227%,0.001201,1659
30124.82,2393, , ,0.97780235,0.97900369,0.1227%,0.001201,1660
30135.945,2394, , ,0.97780235,0.97900369,0.1227%,0.001201,1661
30145.757,2395, , ,0.97780235,0.97900369,0.1227%,0.001201,1662
30153.744,2396, , ,0.97780235,0.97900369,0.1227%,0.001201,1663
30162.728,2397,Bound, ,0.97780235,0.97900369,0.1227%,0.001201,1662
30170.46,2398, , ,0.97780235,0.97900369,0.1227%,0.001201,1663
30179.095,2399,Bound, ,0.97780235,0.97900369,0.1227%,0.001201,1662
30186.523,2400, , ,0.97780235,0.97900369,0.1227%,0.001201,1663
30193.878,2401,Bound, ,0.97780235,0.97900369,0.1227%,0.001201,1662
30202.142,2402, , ,0.97780235,0.97900369,0.1227%,0.001201,1663
30211.389,2403, , ,0.97780235,0.97900369,0.1227%,0.001201,1664
30218.518,2404,Bound, ,0.97780235,0.97900369,0.1227%,0.001201,1663
30226.031,2405,Bound,* L  ,0.97780235,0.97900369,0.1227%,0.001201,1662
30237.633,2406, , ,0.97780235,0.97900369,0.1227%,0.001201,1663
30248.648,2407, , ,0.97780235,0.97900369,0.1227%,0.001201,1664
30257.222,2408, , ,0.97780235,0.97900369,0.1227%,0.001201,1665
30262.838,2409, , ,0.97780235,0.97900369,0.1227%,0.001201,1666
30266.51,2410, , ,0.97780235,0.97900369,0.1227%,0.001201,1667
30270.451,2411,Bound,* L  ,0.97780235,0.97900369,0.1227%,0.001201,1666
30275.254,2412, , ,0.97780235,0.97900369,0.1227%,0.001201,1667
30288.328,2413, , ,0.97780235,0.97900369,0.1227%,0.001201,1668
30300.644,2414, , ,0.97780235,0.97900369,0.1227%,0.001201,1669
30313.491,2415, , ,0.97780235,0.97900369,0.1227%,0.001201,1670
30325.697,2416, , ,0.97780235,0.97900369,0.1227%,0.001201,1671
30340.953,2417, , ,0.97780235,0.97900369,0.1227%,0.001201,1672
30355.376,2418, , ,0.97780235,0.97900369,0.1227%,0.001201,1673
30369.253,2419, , ,0.97780235,0.97900369,0.1227%,0.001201,1674
30382.995,2420, , ,0.97780235,0.97900369,0.1227%,0.001201,1675
30396.537,2421, , ,0.97780235,0.97900369,0.1227%,0.001201,1676
30408.557,2422, , ,0.97780235,0.97900369,0.1227%,0.001201,1677
30420.401,2423, , ,0.97780235,0.97900369,0.1227%,0.001201,1678
30435.458,2424, , ,0.97780235,0.97900369,0.1227%,0.001201,1679
30450.278,2425, , ,0.97780235,0.97900369,0.1227%,0.001201,1680
30462.604,2426, , ,0.97780235,0.97900369,0.1227%,0.001201,1681
30475.282,2427, , ,0.97780235,0.97900369,0.1227%,0.001201,1682
30488.198,2428, , ,0.97780235,0.97900369,0.1227%,0.001201,1683
30502.858,2429, , ,0.97780235,0.97900369,0.1227%,0.001201,1684
30516.411,2430, , ,0.97780235,0.97900369,0.1227%,0.001201,1685
30528.177,2431, , ,0.97780235,0.97900369,0.1227%,0.001201,1686
30541.667,2432, , ,0.97780235,0.97900369,0.1227%,0.001201,1687
30553.778,2433, , ,0.97780235,0.97900369,0.1227%,0.001201,1688
30562.949,2434, , ,0.97780235,0.97900369,0.1227%,0.001201,1689
30568.708,2435, , ,0.97780235,0.97900369,0.1227%,0.001201,1690
30579.456,2436, , ,0.97780235,0.97900369,0.1227%,0.001201,1691
30591.271,2437, , ,0.97780235,0.97900369,0.1227%,0.001201,1692
30604.688,2438, , ,0.97780235,0.97900369,0.1227%,0.001201,1693
30614.102,2439, , ,0.97780235,0.97900369,0.1227%,0.001201,1694
30624.895,2440, , ,0.97780235,0.97900369,0.1227%,0.001201,1695
30633.324,2441, , ,0.97780235,0.97900369,0.1227%,0.001201,1696
30640.005,2442, , ,0.97780235,0.97900369,0.1227%,0.001201,1697
30648.052,2443, , ,0.97780235,0.97900369,0.1227%,0.001201,1698
30653.727,2444, , ,0.97780235,0.97900369,0.1227%,0.001201,1699
30661.115,2445, , ,0.97780235,0.97900369,0.1227%,0.001201,1700
30669.961,2446, , ,0.97780235,0.97900369,0.1227%,0.001201,1701
30682.156,2447, , ,0.97780235,0.97900369,0.1227%,0.001201,1702
30688.477,2448, , ,0.97780235,0.97900369,0.1227%,0.001201,1703
30693.42,2449, , ,0.97780235,0.97900369,0.1227%,0.001201,1704
30700.817,2450,Bound, ,0.97780235,0.97900369,0.1227%,0.001201,1703
30707.906,2451, , ,0.97780235,0.97900369,0.1227%,0.001201,1704
30714.736,2452,Bound, ,0.97780235,0.97900369,0.1227%,0.001201,1703
30722.717,2453, , ,0.97780235,0.97900369,0.1227%,0.001201,1704
30732.181,2454, , ,0.97780235,0.97900369,0.1227%,0.001201,1705
30740.375,2455, , ,0.97780235,0.97900369,0.1227%,0.001201,1706
30750.261,2456, , ,0.97780235,0.97900369,0.1227%,0.001201,1707
30758.896,2457, , ,0.97780235,0.97900369,0.1227%,0.001201,1708
30771.194,2458, , ,0.97780235,0.97900369,0.1227%,0.001201,1709
30782.422,2459, , ,0.97780235,0.97900369,0.1227%,0.001201,1710
30789.152,2460, , ,0.97780235,0.97900369,0.1227%,0.001201,1711
30796.811,2461,Bound, ,0.97780235,0.97900369,0.1227%,0.001201,1710
30804.771,2462, , ,0.97780235,0.97900369,0.1227%,0.001201,1711
30812.984,2463,Bound, ,0.97780235,0.97900369,0.1227%,0.001201,1710
30821.205,2464, , ,0.97780235,0.97900369,0.1227%,0.001201,1711
30830.167,2465, , ,0.97780235,0.97900369,0.1227%,0.001201,1712
30837.686,2466, , ,0.97780235,0.97900369,0.1227%,0.001201,1713
30845.128,2467, , ,0.97780235,0.97900369,0.1227%,0.001201,1714
30856.27,2468, , ,0.97780235,0.97900369,0.1227%,0.001201,1715
30867.119,2469, , ,0.97780235,0.97900369,0.1227%,0.001201,1716
30876.638,2470, , ,0.97780235,0.97900369,0.1227%,0.001201,1717
30880.919,2471, , ,0.97780235,0.97900369,0.1227%,0.001201,1718
30884.195,2472,Bound, ,0.97780235,0.97900369,0.1227%,0.001201,1717
30888.382,2473, , ,0.97780235,0.97900369,0.1227%,0.001201,1718
30897.055,2474,Bound, ,0.97780235,0.97900369,0.1227%,0.001201,1717
30907.874,2475, , ,0.97780235,0.97900369,0.1227%,0.001201,1718
30916.89,2476, , ,0.97780235,0.97900369,0.1227%,0.001201,1719
30926.407,2477, , ,0.97780235,0.97900369,0.1227%,0.001201,1720
30936.847,2478, , ,0.97780235,0.97900369,0.1227%,0.001201,1721
30948.89,2479, , ,0.97780235,0.97900369,0.1227%,0.001201,1722
30961.496,2480, , ,0.97780235,0.97900369,0.1227%,0.001201,1723
30969.711,2481, , ,0.97780235,0.97900369,0.1227%,0.001201,1724
30978.959,2482, , ,0.97780235,0.97900369,0.1227%,0.001201,1725
30986.861,2483, , ,0.97780235,0.97900369,0.1227%,0.001201,1726
30995.192,2484,Bound, ,0.97780235,0.97900369,0.1227%,0.001201,1725
31003.327,2485, , ,0.97780235,0.97900369,0.1227%,0.001201,1726
31012.567,2486, , ,0.97780235,0.97900369,0.1227%,0.001201,1727
31025.969,2487, , ,0.97780235,0.97900369,0.1227%,0.001201,1728
31036.676,2488, , ,0.97780235,0.97900369,0.1227%,0.001201,1729
31049.302,2489, , ,0.97780235,0.97900369,0.1227%,0.001201,1730
31059.889,2490, , ,0.97780235,0.97900369,0.1227%,0.001201,1731
31067.284,2491, , ,0.97780235,0.97900369,0.1227%,0.001201,1732
31075.408,2492,Bound, ,0.97780235,0.97900369,0.1227%,0.001201,1731
31084.2,2493, , ,0.97780235,0.97900369,0.1227%,0.001201,1732
31093.531,2494, , ,0.97780235,0.97900369,0.1227%,0.001201,1733
31101.976,2495, , ,0.97780235,0.97900369,0.1227%,0.001201,1734
31111.968,2496, , ,0.97780235,0.97900369,0.1227%,0.001201,1735
31119.29,2497, , ,0.97780235,0.97900369,0.1227%,0.001201,1736
31127.495,2498,Bound, ,0.97780235,0.97900369,0.1227%,0.001201,1735
31134.905,2499, , ,0.97780235,0.97900369,0.1227%,0.001201,1736
31143.02,2500,Bound, ,0.97780235,0.97900369,0.1227%,0.001201,1735
31150.459,2501, , ,0.97780235,0.97900369,0.1227%,0.001201,1736
31158.266,2502,Bound, ,0.97780235,0.97900369,0.1227%,0.001201,1735
31170.559,2503, , ,0.97780235,0.97900369,0.1227%,0.001201,1736
31182.386,2504, , ,0.97780235,0.97900369,0.1227%,0.001201,1737
31197.8,2505, , ,0.97780235,0.97900369,0.1227%,0.001201,1738
31213.225,2506, , ,0.97780235,0.97900369,0.1227%,0.001201,1739
31226.315,2507, , ,0.97780235,0.97900369,0.1227%,0.001201,1740
31240.238,2508, , ,0.97780235,0.97900369,0.1227%,0.001201,1741
31255.334,2509, , ,0.97780235,0.97900369,0.1227%,0.001201,1742
31268.18,2510, , ,0.97780235,0.97900369,0.1227%,0.001201,1743
31279.442,2511, , ,0.97780235,0.97900369,0.1227%,0.001201,1744
31292.168,2512, , ,0.97780235,0.97900369,0.1227%,0.001201,1745
31302.725,2513, , ,0.97780235,0.97900369,0.1227%,0.001201,1746
31315.578,2514, , ,0.97780235,0.97900369,0.1227%,0.001201,1747
31327.862,2515, , ,0.97780235,0.97900369,0.1227%,0.001201,1748
31339.533,2516, , ,0.97780235,0.97900369,0.1227%,0.001201,1749
31350.627,2517, , ,0.97780235,0.97900369,0.1227%,0.001201,1750
31360.31,2518, , ,0.97780235,0.97900369,0.1227%,0.001201,1751
31371.681,2519, , ,0.97780235,0.97900369,0.1227%,0.001201,1752
31380.606,2520, , ,0.97780235,0.97900369,0.1227%,0.001201,1753
31390.46,2521, , ,0.97780235,0.97900369,0.1227%,0.001201,1754
31399.02,2522, , ,0.97780235,0.97900369,0.1227%,0.001201,1755
31408.46,2523, , ,0.97780235,0.97900369,0.1227%,0.001201,1756
31416.612,2524, , ,0.97780235,0.97900369,0.1227%,0.001201,1757
31425.57,2525, , ,0.97780235,0.97900369,0.1227%,0.001201,1758
31433.248,2526, , ,0.97780235,0.97900369,0.1227%,0.001201,1759
31441.928,2527,Bound, ,0.97780235,0.97900369,0.1227%,0.001201,1758
31449.802,2528, , ,0.97780235,0.97900369,0.1227%,0.001201,1759
31458.44,2529,Bound, ,0.97780235,0.97900369,0.1227%,0.001201,1758
31466.26,2530, , ,0.97780235,0.97900369,0.1227%,0.001201,1759
31474.946,2531,Bound, ,0.97780235,0.97900369,0.1227%,0.001201,1758
31482.377,2532, , ,0.97780235,0.97900369,0.1227%,0.001201,1759
31490.537,2533,Bound, ,0.97780235,0.97900369,0.1227%,0.001201,1758
31495.844,2534, , ,0.97780235,0.97900369,0.1227%,0.001201,1759
31499.771,2535, , ,0.97780235,0.97900369,0.1227%,0.001201,1760
31504.364,2536, , ,0.97780235,0.97900369,0.1227%,0.001201,1761
31513.573,2537, , ,0.97780235,0.97900369,0.1227%,0.001201,1762
31520.896,2538, , ,0.97780235,0.97900369,0.1227%,0.001201,1763
31529.068,2539,Bound,* L  ,0.97780235,0.97900369,0.1227%,0.001201,1762
31544.415,2540, , ,0.97780235,0.97900369,0.1227%,0.001201,1763
31557.341,2541, , ,0.97780235,0.97900369,0.1227%,0.001201,1764
31570.189,2542, , ,0.97780235,0.97900369,0.1227%,0.001201,1765
31582.595,2543, , ,0.97780235,0.97900369,0.1227%,0.001201,1766
31596.882,2544, , ,0.97780235,0.97900369,0.1227%,0.001201,1767
31609.768,2545, , ,0.97780235,0.97900369,0.1227%,0.001201,1768
31624.509,2546, , ,0.97780235,0.97900369,0.1227%,0.001201,1769
31639.594,2547, , ,0.97780235,0.97900369,0.1227%,0.001201,1770
31653.103,2548, , ,0.97780235,0.97900369,0.1227%,0.001201,1771
31666.994,2549, , ,0.97780235,0.97900369,0.1227%,0.001201,1772
31679.546,2550, , ,0.97780235,0.97900369,0.1227%,0.001201,1773
31692.347,2551, , ,0.97780235,0.97900369,0.1227%,0.001201,1774
31705.942,2552, , ,0.97780235,0.97900369,0.1227%,0.001201,1775
31718.881,2553, , ,0.97780235,0.97900369,0.1227%,0.001201,1776
31732.706,2554, , ,0.97780235,0.97900369,0.1227%,0.001201,1777
31743.384,2555, , ,0.97780235,0.97900369,0.1227%,0.001201,1778
31756.935,2556, , ,0.97780235,0.97900369,0.1227%,0.001201,1779
31767.681,2557, , ,0.97780235,0.97900369,0.1227%,0.001201,1780
31781.219,2558, , ,0.97780235,0.97900369,0.1227%,0.001201,1781
31793.046,2559, , ,0.97780235,0.97900369,0.1227%,0.001201,1782
31805.707,2560, , ,0.97780235,0.97900369,0.1227%,0.001201,1783
31817.642,2561, , ,0.97780235,0.97900369,0.1227%,0.001201,1784
31826.217,2562, , ,0.97780235,0.97900369,0.1227%,0.001201,1785
31835.472,2563, , ,0.97780235,0.97900369,0.1227%,0.001201,1786
31843.595,2564, , ,0.97780235,0.97900369,0.1227%,0.001201,1787
31852.799,2565, , ,0.97780235,0.97900369,0.1227%,0.001201,1788
31866.696,2566, , ,0.97780235,0.97900369,0.1227%,0.001201,1789
31877.218,2567, , ,0.97780235,0.97900369,0.1227%,0.001201,1790
31890.498,2568, , ,0.97780235,0.97900369,0.1227%,0.001201,1791
31900.988,2569, , ,0.97780235,0.97900369,0.1227%,0.001201,1792
31911.488,2570, , ,0.97780235,0.97900369,0.1227%,0.001201,1793
31919.011,2571, , ,0.97780235,0.97900369,0.1227%,0.001201,1794
31927.964,2572, , ,0.97780235,0.97900369,0.1227%,0.001201,1795
31936.327,2573, , ,0.97780235,0.97900369,0.1227%,0.001201,1796
31945.603,2574, , ,0.97780235,0.97900369,0.1227%,0.001201,1797
31952.969,2575, , ,0.97780235,0.97900369,0.1227%,0.001201,1798
31961.316,2576,Bound, ,0.97780235,0.97900369,0.1227%,0.001201,1797
31968.609,2577, , ,0.97780235,0.97900369,0.1227%,0.001201,1798
31976.861,2578,Bound, ,0.97780235,0.97900369,0.1227%,0.001201,1797
31984.88,2579,Bound, ,0.97780235,0.97900369,0.1227%,0.001201,1796
31992.305,2580, , ,0.97780235,0.97900369,0.1227%,0.001201,1797
32000.021,2581,Bound, ,0.97780235,0.97900369,0.1227%,0.001201,1796
32008.424,2582, , ,0.97780235,0.97900369,0.1227%,0.001201,1797
32018.139,2583, , ,0.97780235,0.97900369,0.1227%,0.001201,1798
32026.231,2584, , ,0.97780235,0.97900369,0.1227%,0.001201,1799
32039.138,2585, , ,0.97780235,0.97900369,0.1227%,0.001201,1800
32047.311,2586, , ,0.97780235,0.97900369,0.1227%,0.001201,1801
32055.435,2587,Bound, ,0.97780235,0.97900369,0.1227%,0.001201,1800
32066.164,2588, , ,0.97780235,0.97900369,0.1227%,0.001201,1801
32078.899,2589, , ,0.97780235,0.97900369,0.1227%,0.001201,1802
32093.723,2590, , ,0.97780235,0.97900369,0.1227%,0.001201,1803
32102.452,2591, , ,0.97780235,0.97900369,0.1227%,0.001201,1804
32112.198,2592, , ,0.97780235,0.97900369,0.1227%,0.001201,1805
32125.25,2593, , ,0.97780235,0.97900369,0.1227%,0.001201,1806
32135.713,2594, , ,0.97780235,0.97900369,0.1227%,0.001201,1807
32143.569,2595, , ,0.97780235,0.97900369,0.1227%,0.001201,1808
32151.915,2596,Bound, ,0.97780235,0.97900369,0.1227%,0.001201,1807
32160.389,2597, , ,0.97780235,0.97900369,0.1227%,0.001201,1808
32170.006,2598, , ,0.97780235,0.97900369,0.1227%,0.001201,1809
32182.057,2599, , ,0.97780235,0.97900369,0.1227%,0.001201,1810
32194.077,2600, , ,0.97780235,0.97900369,0.1227%,0.001201,1811
32202.034,2601, , ,0.97780235,0.97900369,0.1227%,0.001201,1812
32206.161,2602,Bound, ,0.97780235,0.97900369,0.1227%,0.001201,1811
32211.792,2603, , ,0.97780235,0.97900369,0.1227%,0.001201,1812
32217.582,2604, , ,0.97780235,0.97900369,0.1227%,0.001201,1813
32231.124,2605, , ,0.97780235,0.97900369,0.1227%,0.001201,1814
32241.72,2606, , ,0.97780235,0.97900369,0.1227%,0.001201,1815
32250.378,2607, , ,0.97780235,0.97900369,0.1227%,0.001201,1816
32260.055,2608, , ,0.97780235,0.97900369,0.1227%,0.001201,1817
32268.586,2609, , ,0.97780235,0.97900369,0.1227%,0.001201,1818
32278.415,2610, , ,0.97780235,0.97900369,0.1227%,0.001201,1819
32286.018,2611, , ,0.97780235,0.97900369,0.1227%,0.001201,1820
32293.928,2612,Bound, ,0.97780235,0.97900369,0.1227%,0.001201,1819
32301.465,2613, , ,0.97780235,0.97900369,0.1227%,0.001201,1820
32309.764,2614,Bound, ,0.97780235,0.97900369,0.1227%,0.001201,1819
32322.273,2615, , ,0.97780235,0.97900369,0.1227%,0.001201,1820
32335.154,2616, , ,0.97780235,0.97900369,0.1227%,0.001201,1821
32348.441,2617, , ,0.97780235,0.97900369,0.1227%,0.001201,1822
32358.74,2618, , ,0.97780235,0.97900369,0.1227%,0.001201,1823
32363.34,2619, , ,0.97780235,0.97900369,0.1227%,0.001201,1824
32368.305,2620, , ,0.97780235,0.97900369,0.1227%,0.001201,1825
32375.199,2621, , ,0.97780235,0.97900369,0.1227%,0.001201,1826
32390.055,2622, , ,0.97780235,0.97900369,0.1227%,0.001201,1827
32400.767,2623, , ,0.97780235,0.97900369,0.1227%,0.001201,1828
32415.004,2624, , ,0.97780235,0.97900369,0.1227%,0.001201,1829
32430.11,2625, , ,0.97780235,0.97900369,0.1227%,0.001201,1830
32443.116,2626, , ,0.97780235,0.97900369,0.1227%,0.001201,1831
32453.792,2627, , ,0.97780235,0.97900369,0.1227%,0.001201,1832
32466.099,2628, , ,0.97780235,0.97900369,0.1227%,0.001201,1833
32476.717,2629, , ,0.97780235,0.97900369,0.1227%,0.001201,1834
32485.115,2630, , ,0.97780235,0.97900369,0.1227%,0.001201,1835
32494.481,2631, , ,0.97780235,0.97900369,0.1227%,0.001201,1836
32509.654,2632, , ,0.97780235,0.97900369,0.1227%,0.001201,1837
32520.46,2633, , ,0.97780235,0.97900369,0.1227%,0.001201,1838
32531.355,2634, , ,0.97780235,0.97900369,0.1227%,0.001201,1839
32540.27,2635, , ,0.97780235,0.97900369,0.1227%,0.001201,1840
32551.013,2636, , ,0.97780235,0.97900369,0.1227%,0.001201,1841
32559.617,2637, , ,0.97780235,0.97900369,0.1227%,0.001201,1842
32568.586,2638, , ,0.97780235,0.97900369,0.1227%,0.001201,1843
32576.208,2639, , ,0.97780235,0.97900369,0.1227%,0.001201,1844
32584.342,2640,Bound, ,0.97780235,0.97900369,0.1227%,0.001201,1843
32592.58,2641, , ,0.97780235,0.97900369,0.1227%,0.001201,1844
32600.608,2642,Bound, ,0.97780235,0.97900369,0.1227%,0.001201,1843
32609.144,2643, , ,0.97780235,0.97900369,0.1227%,0.001201,1844
32613.533,2644, , ,0.97780235,0.97900369,0.1227%,0.001201,1845
32617.141,2645, , ,0.97780235,0.97900369,0.1227%,0.001201,1846
32621.813,2646,Bound, ,0.97780235,0.97900369,0.1227%,0.001201,1845
32626.842,2647, , ,0.97780235,0.97900369,0.1227%,0.001201,1846
32634.042,2648, , ,0.97780235,0.97900369,0.1227%,0.001201,1847
32642.432,2649, , ,0.97780235,0.97900369,0.1227%,0.001201,1848
32649.993,2650,Bound, ,0.97780235,0.97900369,0.1227%,0.001201,1847
32658.427,2651,Bound, ,0.97780235,0.97900369,0.1227%,0.001201,1846
32673.004,2652, , ,0.97780235,0.97900369,0.1227%,0.001201,1847
32680.362,2653, , ,0.97780235,0.97900369,0.1227%,0.001201,1848
32688.053,2654,Bound, ,0.97780235,0.97900369,0.1227%,0.001201,1847
32701.217,2655, , ,0.97780235,0.97900369,0.1227%,0.001201,1848
32714.937,2656, , ,0.97780235,0.97900369,0.1227%,0.001201,1849
32725.519,2657, , ,0.97780235,0.97900369,0.1227%,0.001201,1850
32738.899,2658, , ,0.97780235,0.97900369,0.1227%,0.001201,1851
32752.044,2659, , ,0.97780235,0.97900369,0.1227%,0.001201,1852
32760.26,2660, , ,0.97780235,0.97900369,0.1227%,0.001201,1853
32769.505,2661, , ,0.97780235,0.97900369,0.1227%,0.001201,1854
32783.873,2662, , ,0.97780235,0.97900369,0.1227%,0.001201,1855
32794.571,2663, , ,0.97780235,0.97900369,0.1227%,0.001201,1856
32808.507,2664, , ,0.97780235,0.97900369,0.1227%,0.001201,1857
32819.006,2665, , ,0.97780235,0.97900369,0.1227%,0.001201,1858
32826.742,2666, , ,0.97780235,0.97900369,0.1227%,0.001201,1859
32834.539,2667,Bound, ,0.97780235,0.97900369,0.1227%,0.001201,1858
32843.592,2668, , ,0.97780235,0.97900369,0.1227%,0.001201,1859
32851.78,2669, , ,0.97780235,0.97900369,0.1227%,0.001201,1860
32859.934,2670, , ,0.97780235,0.97900369,0.1227%,0.001201,1861
32869.177,2671, , ,0.97780235,0.97900369,0.1227%,0.001201,1862
32876.433,2672, , ,0.97780235,0.97900369,0.1227%,0.001201,1863
32884.14,2673,Bound, ,0.97780235,0.97900369,0.1227%,0.001201,1862
32891.337,2674, , ,0.97780235,0.97900369,0.1227%,0.001201,1863
32898.901,2675,Bound, ,0.97780235,0.97900369,0.1227%,0.001201,1862
32912.502,2676, , ,0.97780235,0.97900369,0.1227%,0.001201,1863
32926.302,2677, , ,0.97780235,0.97900369,0.1227%,0.001201,1864
32940.74,2678, , ,0.97780235,0.97900369,0.1227%,0.001201,1865
32951.176,2679, , ,0.97780235,0.97900369,0.1227%,0.001201,1866
32962.367,2680, , ,0.97780235,0.97900369,0.1227%,0.001201,1867
32967.659,2681, , ,0.97780235,0.97900369,0.1227%,0.001201,1868
32971.512,2682, , ,0.97780235,0.97900369,0.1227%,0.001201,1869
32975.058,2683, , ,0.97780235,0.97900369,0.1227%,0.001201,1870
32986.586,2684, , ,0.97780235,0.97900369,0.1227%,0.001201,1871
32997.28,2685, , ,0.97780235,0.97900369,0.1227%,0.001201,1872
33009.19,2686, , ,0.97780235,0.97900369,0.1227%,0.001201,1873
33019.378,2687, , ,0.97780235,0.97900369,0.1227%,0.001201,1874
33026.623,2688, , ,0.97780235,0.97900369,0.1227%,0.001201,1875
33034.689,2689,Bound, ,0.97780235,0.97900369,0.1227%,0.001201,1874
33042.88,2690, , ,0.97780235,0.97900369,0.1227%,0.001201,1875
33052.009,2691, , ,0.97780235,0.97900369,0.1227%,0.001201,1876
33060.411,2692, , ,0.97780235,0.97900369,0.1227%,0.001201,1877
33069.689,2693, , ,0.97780235,0.97900369,0.1227%,0.001201,1878
33077.045,2694, , ,0.97780235,0.97900369,0.1227%,0.001201,1879
33084.872,2695,Bound, ,0.97780235,0.97900369,0.1227%,0.001201,1878
33092.281,2696, , ,0.97780235,0.97900369,0.1227%,0.001201,1879
33100.297,2697,Bound,* L  ,0.97780235,0.97900369,0.1227%,0.001201,1878
33112.465,2698, , ,0.97780235,0.97900369,0.1227%,0.001201,1879
33124.957,2699, , ,0.97780235,0.97900369,0.1227%,0.001201,1880
33137.727,2700, , ,0.97780235,0.97900369,0.1227%,0.001201,1881
33150.129,2701, , ,0.97780235,0.97900369,0.1227%,0.001201,1882
33162.633,2702, , ,0.97780235,0.97900369,0.1227%,0.001201,1883
33176.241,2703, , ,0.97780235,0.97900369,0.1227%,0.001201,1884
33188.564,2704, , ,0.97780235,0.97900369,0.1227%,0.001201,1885
33201.431,2705, , ,0.97780235,0.97900369,0.1227%,0.001201,1886
33213.119,2706, , ,0.97780235,0.97900369,0.1227%,0.001201,1887
33226.669,2707, , ,0.97780235,0.97900369,0.1227%,0.001201,1888
33238.124,2708, , ,0.97780235,0.97900369,0.1227%,0.001201,1889
33248.758,2709, , ,0.97780235,0.97900369,0.1227%,0.001201,1890
33261.531,2710, , ,0.97780235,0.97900369,0.1227%,0.001201,1891
33274.592,2711, , ,0.97780235,0.97900369,0.1227%,0.001201,1892
33284.337,2712, , ,0.97780235,0.97900369,0.1227%,0.001201,1893
33298.705,2713, , ,0.97780235,0.97900369,0.1227%,0.001201,1894
33309.111,2714, , ,0.97780235,0.97900369,0.1227%,0.001201,1895
33315.044,2715, , ,0.97780235,0.97900369,0.1227%,0.001201,1896
33319.41,2716, , ,0.97780235,0.97900369,0.1227%,0.001201,1897
33324.415,2717, , ,0.97780235,0.97900369,0.1227%,0.001201,1898
33329.919,2718, , ,0.97780235,0.97900369,0.1227%,0.001201,1899
33340.611,2719, , ,0.97780235,0.97900369,0.1227%,0.001201,1900
33351.075,2720, , ,0.97780235,0.97900369,0.1227%,0.001201,1901
33359.031,2721, , ,0.97780235,0.97900369,0.1227%,0.001201,1902
33368.121,2722, , ,0.97780235,0.97900369,0.1227%,0.001201,1903
33375.225,2723, , ,0.97780235,0.97900369,0.1227%,0.001201,1904
33383.471,2724,Bound, ,0.97780235,0.97900369,0.1227%,0.001201,1903
33391.54,2725, , ,0.97780235,0.97900369,0.1227%,0.001201,1904
33400.598,2726, , ,0.97780235,0.97900369,0.1227%,0.001201,1905
33408.493,2727, , ,0.97780235,0.97900369,0.1227%,0.001201,1906
33417.519,2728, , ,0.97780235,0.97900369,0.1227%,0.001201,1907
33424.666,2729, , ,0.97780235,0.97900369,0.1227%,0.001201,1908
33432.569,2730,Bound, ,0.97780235,0.97900369,0.1227%,0.001201,1907
33444.819,2731, , ,0.97780235,0.97900369,0.1227%,0.001201,1908
33452.263,2732, , ,0.97780235,0.97900369,0.1227%,0.001201,1909
33460.459,2733,Bound, ,0.97780235,0.97900369,0.1227%,0.001201,1908
33467.445,2734,Bound, ,0.97780235,0.97900369,0.1227%,0.001201,1907
33475.443,2735,Bound, ,0.97780235,0.97900369,0.1227%,0.001201,1906
33487.8,2736, , ,0.97780235,0.97900369,0.1227%,0.001201,1907
33499.846,2737, , ,0.97780235,0.97900369,0.1227%,0.001201,1908
33511.996,2738, , ,0.97780235,0.97900369,0.1227%,0.001201,1909
33523.738,2739, , ,0.97780235,0.97900369,0.1227%,0.001201,1910
33541.113,2740, , ,0.97780235,0.97900369,0.1227%,0.001201,1911
33553.343,2741, , ,0.97780235,0.97900369,0.1227%,0.001201,1912
33566.839,2742, , ,0.97780235,0.97900369,0.1227%,0.001201,1913
33580.344,2743, , ,0.97780235,0.97900369,0.1227%,0.001201,1914
33590.202,2744, , ,0.97780235,0.97900369,0.1227%,0.001201,1915
33600.543,2745, , ,0.97780235,0.97900369,0.1227%,0.001201,1916
33610.154,2746, , ,0.97780235,0.97900369,0.1227%,0.001201,1917
33620.294,2747, , ,0.97780235,0.97900369,0.1227%,0.001201,1918
33632.36,2748, , ,0.97780235,0.97900369,0.1227%,0.001201,1919
33644.716,2749, , ,0.97780235,0.97900369,0.1227%,0.001201,1920
33658.886,2750, , ,0.97780235,0.97900369,0.1227%,0.001201,1921
33674.593,2751, , ,0.97780235,0.97900369,0.1227%,0.001201,1922
33686.429,2752, , ,0.97780235,0.97900369,0.1227%,0.001201,1923
33696.853,2753, , ,0.97780235,0.97900369,0.1227%,0.001201,1924
33706.197,2754, , ,0.97780235,0.97900369,0.1227%,0.001201,1925
33716.267,2755, , ,0.97780235,0.97900369,0.1227%,0.001201,1926
33725.868,2756, , ,0.97780235,0.97900369,0.1227%,0.001201,1927
33736.157,2757, , ,0.97780235,0.97900369,0.1227%,0.001201,1928
33747.1,2758, , ,0.97780235,0.97900369,0.1227%,0.001201,1929
33757.241,2759, , ,0.97780235,0.97900369,0.1227%,0.001201,1930
33764.255,2760, , ,0.97780235,0.97900369,0.1227%,0.001201,1931
33767.963,2761, , ,0.97780235,0.97900369,0.1227%,0.001201,1932
33770.926,2762, , ,0.97780235,0.97900369,0.1227%,0.001201,1933
33775.637,2763, , ,0.97780235,0.97900369,0.1227%,0.001201,1934
33780.164,2764, , ,0.97780235,0.97900369,0.1227%,0.001201,1935
33788.912,2765, , ,0.97780235,0.97900369,0.1227%,0.001201,1936
33797.052,2766, , ,0.97780235,0.97900369,0.1227%,0.001201,1937
33805.68,2767, , ,0.97780235,0.97900369,0.1227%,0.001201,1938
33813.103,2768, , ,0.97780235,0.97900369,0.1227%,0.001201,1939
33821.153,2769,Bound, ,0.97780235,0.97900369,0.1227%,0.001201,1938
33827.908,2770, , ,0.97780235,0.97900369,0.1227%,0.001201,1939
33835.576,2771,Bound, ,0.97780235,0.97900369,0.1227%,0.001201,1938
33843.235,2772,Bound, ,0.97780235,0.97900369,0.1227%,0.001201,1937
33855.071,2773, , ,0.97780235,0.97900369,0.1227%,0.001201,1938
33862.176,2774, , ,0.97780235,0.97900369,0.1227%,0.001201,1939
33870.25,2775,Bound, ,0.97780235,0.97900369,0.1227%,0.001201,1938
33884.074,2776, , ,0.97780235,0.97900369,0.1227%,0.001201,1939
33892.633,2777, , ,0.97780235,0.97900369,0.1227%,0.001201,1940
33900.433,2778, , ,0.97780235,0.97900369,0.1227%,0.001201,1941
33908.051,2779, , ,0.97780235,0.97900369,0.1227%,0.001201,1942
33916.668,2780, , ,0.97780235,0.97900369,0.1227%,0.001201,1943
33923.499,2781, , ,0.97780235,0.97900369,0.1227%,0.001201,1944
33931.447,2782,Bound, ,0.97780235,0.97900369,0.1227%,0.001201,1943
33942.347,2783, , ,0.97780235,0.97900369,0.1227%,0.001201,1944
33949.134,2784, , ,0.97780235,0.97900369,0.1227%,0.001201,1945
33956.748,2785,Bound, ,0.97780235,0.97900369,0.1227%,0.001201,1944
33966.633,2786, , ,0.97780235,0.97900369,0.1227%,0.001201,1945
33975.96,2787, , ,0.97780235,0.97900369,0.1227%,0.001201,1946
33988.467,2788, , ,0.97780235,0.97900369,0.1227%,0.001201,1947
34000.867,2789, , ,0.97780235,0.97900369,0.1227%,0.001201,1948
34008.519,2790, , ,0.97780235,0.97900369,0.1227%,0.001201,1949
34017.431,2791, , ,0.97780235,0.97900369,0.1227%,0.001201,1950
34023.977,2792, , ,0.97780235,0.97900369,0.1227%,0.001201,1951
34028.964,2793, , ,0.97780235,0.97900369,0.1227%,0.001201,1952
34034.459,2794, , ,0.97780235,0.97900369,0.1227%,0.001201,1953
34044.596,2795, , ,0.97780235,0.97900369,0.1227%,0.001201,1954
34051.388,2796, , ,0.97780235,0.97900369,0.1227%,0.001201,1955
34059.202,2797,Bound, ,0.97780235,0.97900369,0.1227%,0.001201,1954
34066.904,2798, , ,0.97780235,0.97900369,0.1227%,0.001201,1955
34076.15,2799, , ,0.97780235,0.97900369,0.1227%,0.001201,1956
34084.191,2800, , ,0.97780235,0.97900369,0.1227%,0.001201,1957
34093.262,2801, , ,0.97780235,0.97900369,0.1227%,0.001201,1958
34104.681,2802, , ,0.97780235,0.97900369,0.1227%,0.001201,1959
34111.671,2803, , ,0.97780235,0.97900369,0.1227%,0.001201,1960
34119.276,2804,Bound, ,0.97780235,0.97900369,0.1227%,0.001201,1959
34126.425,2805, , ,0.97780235,0.97900369,0.1227%,0.001201,1960
34134.244,2806,Bound, ,0.97780235,0.97900369,0.1227%,0.001201,1959
34144.633,2807, , ,0.97780235,0.97900369,0.1227%,0.001201,1960
34155.163,2808, , ,0.97780235,0.97900369,0.1227%,0.001201,1961
34166.651,2809, , ,0.97780235,0.97900369,0.1227%,0.001201,1962
34174.609,2810, , ,0.97780235,0.97900369,0.1227%,0.001201,1963
34183.56,2811, , ,0.97780235,0.97900369,0.1227%,0.001201,1964
34195.845,2812, , ,0.97780235,0.97900369,0.1227%,0.001201,1965
34206.618,2813, , ,0.97780235,0.97900369,0.1227%,0.001201,1966
34214.28,2814, , ,0.97780235,0.97900369,0.1227%,0.001201,1967
34222.117,2815,Bound, ,0.97780235,0.97900369,0.1227%,0.001201,1966
34230.214,2816, , ,0.97780235,0.97900369,0.1227%,0.001201,1967
34238.957,2817, , ,0.97780235,0.97900369,0.1227%,0.001201,1968
34250.421,2818, , ,0.97780235,0.97900369,0.1227%,0.001201,1969
34257.798,2819, , ,0.97780235,0.97900369,0.1227%,0.001201,1970
34266.055,2820,Bound, ,0.97780235,0.97900369,0.1227%,0.001201,1969
34276.013,2821, , ,0.97780235,0.97900369,0.1227%,0.001201,1970
34286.513,2822, , ,0.97780235,0.97900369,0.1227%,0.001201,1971
34299.197,2823, , ,0.97780235,0.97900369,0.1227%,0.001201,1972
34307.206,2824, , ,0.97780235,0.97900369,0.1227%,0.001201,1973
34316.183,2825, , ,0.97780235,0.97900369,0.1227%,0.001201,1974
34326.902,2826, , ,0.97780235,0.97900369,0.1227%,0.001201,1975
34337.04,2827, , ,0.97780235,0.97900369,0.1227%,0.001201,1976
34344.635,2828, , ,0.97780235,0.97900369,0.1227%,0.001201,1977
34352.495,2829,Bound, ,0.97780235,0.97900369,0.1227%,0.001201,1976
34360.42,2830, , ,0.97780235,0.97900369,0.1227%,0.001201,1977
34369.543,2831, , ,0.97780235,0.97900369,0.1227%,0.001201,1978
34373.291,2832, , ,0.97780235,0.97900369,0.1227%,0.001201,1979
34377.198,2833,Bound,* L  ,0.97780235,0.97900369,0.1227%,0.001201,1978
34382.011,2834, , ,0.97780235,0.97900369,0.1227%,0.001201,1979
34389.865,2835, , ,0.97780235,0.97900369,0.1227%,0.001201,1980
34402.334,2836, , ,0.97780235,0.97900369,0.1227%,0.001201,1981
34414.563,2837, , ,0.97780235,0.97900369,0.1227%,0.001201,1982
34429.143,2838, , ,0.97780235,0.97900369,0.1227%,0.001201,1983
34441.352,2839, , ,0.97780235,0.97900369,0.1227%,0.001201,1984
34450.506,2840, , ,0.97780235,0.97900369,0.1227%,0.001201,1985
34461.213,2841, , ,0.97780235,0.97900369,0.1227%,0.001201,1986
34474.048,2842, , ,0.97780235,0.97900369,0.1227%,0.001201,1987
34486.526,2843, , ,0.97780235,0.97900369,0.1227%,0.001201,1988
34499.671,2844, , ,0.97780235,0.97900369,0.1227%,0.001201,1989
34511.865,2845, , ,0.97780235,0.97900369,0.1227%,0.001201,1990
34520.125,2846, , ,0.97780235,0.97900369,0.1227%,0.001201,1991
34529.427,2847, , ,0.97780235,0.97900369,0.1227%,0.001201,1992
34540.934,2848, , ,0.97780235,0.97900369,0.1227%,0.001201,1993
34551.368,2849, , ,0.97780235,0.97900369,0.1227%,0.001201,1994
34562.581,2850, , ,0.97780235,0.97900369,0.1227%,0.001201,1995
34573.517,2851, , ,0.97780235,0.97900369,0.1227%,0.001201,1996
34582.572,2852, , ,0.97780235,0.97900369,0.1227%,0.001201,1997
34592.888,2853, , ,0.97780235,0.97900369,0.1227%,0.001201,1998
34603.395,2854, , ,0.97780235,0.97900369,0.1227%,0.001201,1999
34611.462,2855,Bound, ,0.97780235,0.97900369,0.1227%,0.001201,1998
34621.977,2856, , ,0.97780235,0.97900369,0.1227%,0.001201,1999
34630.281,2857, , ,0.97780235,0.97900369,0.1227%,0.001201,2000
34639.283,2858, , ,0.97780235,0.97900369,0.1227%,0.001201,2001
34647.612,2859, , ,0.97780235,0.97900369,0.1227%,0.001201,2002
34657.02,2860, , ,0.97780235,0.97900369,0.1227%,0.001201,2003
34665.08,2861, , ,0.97780235,0.97900369,0.1227%,0.001201,2004
34674.413,2862, , ,0.97780235,0.97900369,0.1227%,0.001201,2005
34681.743,2863, , ,0.97780235,0.97900369,0.1227%,0.001201,2006
34689.31,2864, , ,0.97780235,0.97900369,0.1227%,0.001201,2007
34696.252,2865,Bound, ,0.97780235,0.97900369,0.1227%,0.001201,2006
34704.386,2866,Bound, ,0.97780235,0.97900369,0.1227%,0.001201,2005
34711.683,2867, , ,0.97780235,0.97900369,0.1227%,0.001201,2006
34720.02,2868,Bound, ,0.97780235,0.97900369,0.1227%,0.001201,2005
34727.226,2869, , ,0.97780235,0.97900369,0.1227%,0.001201,2006
34735.376,2870,Bound, ,0.97780235,0.97900369,0.1227%,0.001201,2005
34744.177,2871, , ,0.97780235,0.97900369,0.1227%,0.001201,2006
34759.108,2872, , ,0.97780235,0.97900369,0.1227%,0.001201,2007
34771.326,2873, , ,0.97780235,0.97900369,0.1227%,0.001201,2008
34777.915,2874,Bound, ,0.97780235,0.97900369,0.1227%,0.001201,2007
34785.531,2875,Bound, ,0.97780235,0.97900369,0.1227%,0.001201,2006
34795.753,2876, , ,0.97780235,0.97900369,0.1227%,0.001201,2007
34805.863,2877, , ,0.97780235,0.97900369,0.1227%,0.001201,2008
34815.835,2878, , ,0.97780235,0.97900369,0.1227%,0.001201,2009
34823.712,2879, , ,0.97780235,0.97900369,0.1227%,0.001201,2010
34826.377,2880, , ,0.97780235,0.97900369,0.1227%,0.001201,2011
34830.254,2881, , ,0.97780235,0.97900369,0.1227%,0.001201,2012
34833.844,2882, , ,0.97780235,0.97900369,0.1227%,0.001201,2013
34842.827,2883, , ,0.97780235,0.97900369,0.1227%,0.001201,2014
34849.285,2884,Bound, ,0.97780235,0.97900369,0.1227%,0.001201,2013
34856.949,2885,Bound, ,0.97780235,0.97900369,0.1227%,0.001201,2012
34864.061,2886, , ,0.97780235,0.97900369,0.1227%,0.001201,2013
34872.017,2887,Bound,* L  ,0.97780239,0.97900369,0.1227%,0.001201,2012
34880.654,2888, , ,0.97780239,0.97900369,0.1227%,0.001201,2013
34889.054,2889, ,* L  ,0.97780286,0.97900369,0.1227%,0.001201,2014
34898.107,2890, , ,0.97780286,0.97900369,0.1227%,0.001201,2015
34906.513,2891, , ,0.97780286,0.97900369,0.1227%,0.001201,2016
34915.049,2892, , ,0.97780286,0.97900369,0.1227%,0.001201,2017
34924.685,2893, ,* L  ,0.97780297,0.97900369,0.1226%,0.001201,2018
34933.761,2894, , ,0.97780297,0.97900369,0.1226%,0.001201,2019
34943.456,2895, ,* L  ,0.97780299,0.97900369,0.1226%,0.001201,2020
34952.191,2896, , ,0.97780299,0.97900369,0.1226%,0.001201,2021
34961.676,2897, ,* L  ,0.977803,0.97900369,0.1226%,0.001201,2022
34970.777,2898, , ,0.977803,0.97900369,0.1226%,0.001201,2023
34978.944,2899, ,* L  ,0.97780312,0.97900369,0.1226%,0.001201,2024
34987.476,2900, , ,0.97780312,0.97900369,0.1226%,0.001201,2025
34996.607,2901, ,* L  ,0.97780323,0.97900369,0.1226%,0.0012,2026
35005.07,2902, , ,0.97780323,0.97900369,0.1226%,0.0012,2027
35014.14,2903, ,* L  ,0.97780331,0.97900369,0.1226%,0.0012,2028
35022.609,2904, , ,0.97780331,0.97900369,0.1226%,0.0012,2029
35031.667,2905, ,* L  ,0.97780388,0.97900369,0.1226%,0.0012,2030
35039.985,2906, , ,0.97780388,0.97900369,0.1226%,0.0012,2031
35049.163,2907, ,* L  ,0.97780393,0.97900369,0.1225%,0.0012,2032
35057.475,2908, , ,0.97780393,0.97900369,0.1225%,0.0012,2033
35066.536,2909, ,* L  ,0.977804,0.97900369,0.1225%,0.0012,2034
35074.838,2910, , ,0.977804,0.97900369,0.1225%,0.0012,2035
35083.198,2911, ,* L  ,0.97780417,0.97900369,0.1225%,0.0012,2036
35091.293,2912, , ,0.97780417,0.97900369,0.1225%,0.0012,2037
35100.214,2913, ,* L  ,0.9778042,0.97900369,0.1225%,0.001199,2038
35108.481,2914, , ,0.9778042,0.97900369,0.1225%,0.001199,2039
35117.018,2915, ,* L  ,0.97780454,0.97900369,0.1225%,0.001199,2040
35126.271,2916, , ,0.97780454,0.97900369,0.1225%,0.001199,2041
35134.655,2917, ,* L  ,0.97780458,0.97900369,0.1225%,0.001199,2042
35142.702,2918, , ,0.97780458,0.97900369,0.1225%,0.001199,2043
35150.331,2919, , ,0.97780458,0.97900369,0.1225%,0.001199,2044
35159.746,2920, , ,0.97780458,0.97900369,0.1225%,0.001199,2045
35168.119,2921, ,* L  ,0.97780515,0.97900369,0.1224%,0.001199,2046
35177.221,2922, , ,0.97780515,0.97900369,0.1224%,0.001199,2047
35185.373,2923, ,* L  ,0.97780525,0.97900369,0.1224%,0.001198,2048
35195.393,2924, , ,0.97780525,0.97900369,0.1224%,0.001198,2049
35203.576,2925, ,* L  ,0.97780553,0.97900369,0.1224%,0.001198,2050
35211.575,2926, , ,0.97780553,0.97900369,0.1224%,0.001198,2051
35219.537,2927, ,* L  ,0.97780553,0.97900369,0.1224%,0.001198,2052
35228.29,2928, , ,0.97780553,0.97900369,0.1224%,0.001198,2053
35236.274,2929, , ,0.97780553,0.97900369,0.1224%,0.001198,2054
35244.831,2930, , ,0.97780553,0.97900369,0.1224%,0.001198,2055
35252.935,2931, ,* L  ,0.97780553,0.97900369,0.1224%,0.001198,2056
35261.016,2932, , ,0.97780553,0.97900369,0.1224%,0.001198,2057
35268.956,2933, ,* L  ,0.97780553,0.97900369,0.1224%,0.001198,2058
35272.672,2934, , ,0.97780553,0.97900369,0.1224%,0.001198,2059
35276.259,2935, , ,0.97780553,0.97900369,0.1224%,0.001198,2060
35279.126,2936, , ,0.97780553,0.97900369,0.1224%,0.001198,2061
35281.906,2937, ,* L  ,0.97780554,0.97900369,0.1224%,0.001198,2062
35288.889,2938, , ,0.97780554,0.97900369,0.1224%,0.001198,2063
35297.191,2939, ,* L  ,0.97780554,0.97900369,0.1224%,0.001198,2064
35306.131,2940, , ,0.97780554,0.97900369,0.1224%,0.001198,2065
35314.441,2941, ,* L  ,0.97780555,0.97900369,0.1224%,0.001198,2066
35323.383,2942, , ,0.97780555,0.97900369,0.1224%,0.001198,2067
35331.881,2943, ,* L  ,0.97780571,0.97900369,0.1224%,0.001198,2068
35340.178,2944, , ,0.97780571,0.97900369,0.1224%,0.001198,2069
35347.554,2945, ,* L  ,0.9778061,0.97900369,0.1223%,0.001198,2070
35355.436,2946, , ,0.9778061,0.97900369,0.1223%,0.001198,2071
35363.397,2947, ,* L  ,0.9778061,0.97900369,0.1223%,0.001198,2072
35371.174,2948, , ,0.9778061,0.97900369,0.1223%,0.001198,2073
35379.044,2949, ,* L  ,0.97780618,0.97900369,0.1223%,0.001198,2074
35386.683,2950, , ,0.97780618,0.97900369,0.1223%,0.001198,2075
35394.684,2951, ,* L  ,0.97780626,0.97900369,0.1223%,0.001197,2076
35402.8,2952, , ,0.97780626,0.97900369,0.1223%,0.001197,2077
35410.634,2953, ,* L  ,0.9778063,0.97900369,0.1223%,0.001197,2078
35419.007,2954, , ,0.9778063,0.97900369,0.1223%,0.001197,2079
35427.686,2955, ,* L  ,0.97780667,0.97900369,0.1223%,0.001197,2080
35435.999,2956, , ,0.97780667,0.97900369,0.1223%,0.001197,2081
35444.175,2957, ,* L  ,0.97780686,0.97900369,0.1222%,0.001197,2082
35452.283,2958, , ,0.97780686,0.97900369,0.1222%,0.001197,2083
35460.618,2959, , ,0.97780686,0.97900369,0.1222%,0.001197,2084
35469.021,2960, , ,0.97780686,0.97900369,0.1222%,0.001197,2085
35477.219,2961, ,* L  ,0.97780738,0.97900369,0.1222%,0.001196,2086
35485.612,2962, , ,0.97780738,0.97900369,0.1222%,0.001196,2087
35493.872,2963, ,* L  ,0.97780749,0.97900369,0.1222%,0.001196,2088
35501.693,2964, , ,0.97780749,0.97900369,0.1222%,0.001196,2089
35509.589,2965, ,* L  ,0.97780749,0.97900369,0.1222%,0.001196,2090
35517.613,2966, , ,0.97780749,0.97900369,0.1222%,0.001196,2091
35525.502,2967, , ,0.97780749,0.97900369,0.1222%,0.001196,2092
35533.561,2968, , ,0.97780749,0.97900369,0.1222%,0.001196,2093
35541.614,2969, ,* L  ,0.9778075,0.97900369,0.1222%,0.001196,2094
35550.215,2970, , ,0.9778075,0.97900369,0.1222%,0.001196,2095
35558.212,2971, ,* L  ,0.97780755,0.97900369,0.1222%,0.001196,2096
35566.297,2972, , ,0.97780755,0.97900369,0.1222%,0.001196,2097
35574.93,2973, ,* L  ,0.9778076,0.97900369,0.1222%,0.001196,2098
35583.665,2974, , ,0.9778076,0.97900369,0.1222%,0.001196,2099
35592.883,2975, ,* L  ,0.9778076,0.97900369,0.1222%,0.001196,2100
35601.092,2976, , ,0.9778076,0.97900369,0.1222%,0.001196,2101
35608.96,2977, , ,0.9778076,0.97900369,0.1222%,0.001196,2102
35616.985,2978, , ,0.9778076,0.97900369,0.1222%,0.001196,2103
35624.812,2979, ,* L  ,0.97780761,0.97900369,0.1222%,0.001196,2104
35632.742,2980, , ,0.97780761,0.97900369,0.1222%,0.001196,2105
35640.999,2981, , ,0.97780761,0.97900369,0.1222%,0.001196,2106
35649.088,2982, , ,0.97780761,0.97900369,0.1222%,0.001196,2107
35656.731,2983, ,* L  ,0.97780767,0.97900369,0.1222%,0.001196,2108
35664.916,2984, , ,0.97780767,0.97900369,0.1222%,0.001196,2109
35672.824,2985, ,* L  ,0.97780904,0.97900369,0.122%,0.001195,2110
35680.747,2986, , ,0.97780904,0.97900369,0.122%,0.001195,2111
35688.913,2987, ,* L  ,0.97780928,0.97900369,0.122%,0.001194,2112
35697.198,2988, , ,0.97780928,0.97900369,0.122%,0.001194,2113
35705.18,2989, , ,0.97780928,0.97900369,0.122%,0.001194,2114
35713.619,2990, , ,0.97780928,0.97900369,0.122%,0.001194,2115
35721.487,2991, ,* L  ,0.97780942,0.97900369,0.122%,0.001194,2116
35729.837,2992, , ,0.97780942,0.97900369,0.122%,0.001194,2117
35738.468,2993, ,* L  ,0.97780949,0.97900369,0.122%,0.001194,2118
35746.447,2994, , ,0.97780949,0.97900369,0.122%,0.001194,2119
35754.569,2995, ,* L  ,0.9778095,0.97900369,0.122%,0.001194,2120
35762.845,2996, , ,0.9778095,0.97900369,0.122%,0.001194,2121
35771.149,2997, ,* L  ,0.9778095,0.97900369,0.122%,0.001194,2122
35778.95,2998, , ,0.9778095,0.97900369,0.122%,0.001194,2123
35787.081,2999, ,* L  ,0.97780963,0.97900369,0.122%,0.001194,2124
35795.475,3000, , ,0.97780963,0.97900369,0.122%,0.001194,2125
35803.522,3001, ,* L  ,0.97780974,0.97900369,0.122%,0.001194,2126
35811.349,3002, , ,0.97780974,0.97900369,0.122%,0.001194,2127
35819.389,3003, ,* L  ,0.97780983,0.97900369,0.1219%,0.001194,2128
35823.159,3004, , ,0.97780983,0.97900369,0.1219%,0.001194,2129
35826.068,3005, ,* L  ,0.97780989,0.97900369,0.1219%,0.001194,2130
35830.72,3006, , ,0.97780989,0.97900369,0.1219%,0.001194,2131
35835.031,3007, , ,0.97780989,0.97900369,0.1219%,0.001194,2132
35843.121,3008, , ,0.97780989,0.97900369,0.1219%,0.001194,2133
35852.681,3009, ,* L  ,0.97781009,0.97900369,0.1219%,0.001194,2134
35860.308,3010, , ,0.97781009,0.97900369,0.1219%,0.001194,2135
35867.572,3011, , ,0.97781009,0.97900369,0.1219%,0.001194,2136
35874.847,3012, , ,0.97781009,0.97900369,0.1219%,0.001194,2137
35882.574,3013, ,* L  ,0.97781023,0.97900369,0.1219%,0.001193,2138
35891.601,3014, , ,0.97781023,0.97900369,0.1219%,0.001193,2139
35899.506,3015, ,* L  ,0.97781043,0.97900369,0.1219%,0.001193,2140
35908.104,3016, , ,0.97781043,0.97900369,0.1219%,0.001193,2141
35916.002,3017, ,* L  ,0.97781045,0.97900369,0.1219%,0.001193,2142
35924.671,3018, , ,0.97781045,0.97900369,0.1219%,0.001193,2143
35932.605,3019, ,* L  ,0.97781047,0.97900369,0.1219%,0.001193,2144
35940.549,3020, , ,0.97781047,0.97900369,0.1219%,0.001193,2145
35949.102,3021, ,* L  ,0.97781049,0.97900369,0.1219%,0.001193,2146
35957.49,3022, , ,0.97781049,0.97900369,0.1219%,0.001193,2147
35966.559,3023, ,* L  ,0.9778105,0.97900369,0.1219%,0.001193,2148
35975.632,3024, , ,0.9778105,0.97900369,0.1219%,0.001193,2149
35983.834,3025, ,* L  ,0.97781053,0.97900369,0.1219%,0.001193,2150
35992.562,3026, , ,0.97781053,0.97900369,0.1219%,0.001193,2151
36000.579,3027, ,* L  ,0.97781053,0.97900369,0.1219%,0.001193,2152
36008.533,3028, , ,0.97781053,0.97900369,0.1219%,0.001193,2153
36017.075,3029, ,* L  ,0.97781061,0.97900369,0.1219%,0.001193,2154
36025.489,3030, , ,0.97781061,0.97900369,0.1219%,0.001193,2155
36034.703,3031, ,* L  ,0.97781065,0.97900369,0.1219%,0.001193,2156
36042.819,3032, , ,0.97781065,0.97900369,0.1219%,0.001193,2157
36051.625,3033, , ,0.97781065,0.97900369,0.1219%,0.001193,2158
36060.565,3034, , ,0.97781065,0.97900369,0.1219%,0.001193,2159
36068.627,3035, ,* L  ,0.97781066,0.97900369,0.1219%,0.001193,2160
36077.605,3036, , ,0.97781066,0.97900369,0.1219%,0.001193,2161
36086.031,3037, ,* L  ,0.97781066,0.97900369,0.1219%,0.001193,2162
36094.461,3038, , ,0.97781066,0.97900369,0.1219%,0.001193,2163
36102.62,3039, ,* L  ,0.97781079,0.97900369,0.1218%,0.001193,2164
36110.741,3040, , ,0.97781079,0.97900369,0.1218%,0.001193,2165
36119.686,3041, , ,0.97781079,0.97900369,0.1218%,0.001193,2166
36128.707,3042, , ,0.97781079,0.97900369,0.1218%,0.001193,2167
36137.223,3043, ,* L  ,0.97781081,0.97900369,0.1218%,0.001193,2168
36144.844,3044, , ,0.97781081,0.97900369,0.1218%,0.001193,2169
36153.65,3045, ,* L  ,0.97781082,0.97900369,0.1218%,0.001193,2170
36162.603,3046, , ,0.97781082,0.97900369,0.1218%,0.001193,2171
36170.718,3047, , ,0.97781082,0.97900369,0.1218%,0.001193,2172
36174.869,3048, , ,0.97781082,0.97900369,0.1218%,0.001193,2173
36179.451,3049, ,* L  ,0.97781082,0.97900369,0.1218%,0.001193,2174
36183.77,3050, , ,0.97781082,0.97900369,0.1218%,0.001193,2175
36191.902,3051, ,* L  ,0.97781088,0.97900369,0.1218%,0.001193,2176
36200.92,3052, , ,0.97781088,0.97900369,0.1218%,0.001193,2177
36209.233,3053, , ,0.97781088,0.97900369,0.1218%,0.001193,2178
36218.515,3054, , ,0.97781088,0.97900369,0.1218%,0.001193,2179
36226.794,3055, ,* L  ,0.97781089,0.97900369,0.1218%,0.001193,2180
36235.675,3056, , ,0.97781089,0.97900369,0.1218%,0.001193,2181
36243.907,3057, ,* L  ,0.9778109,0.97900369,0.1218%,0.001193,2182
36253.149,3058, , ,0.9778109,0.97900369,0.1218%,0.001193,2183
36261.586,3059, , ,0.9778109,0.97900369,0.1218%,0.001193,2184
36270.589,3060, , ,0.9778109,0.97900369,0.1218%,0.001193,2185
36279.009,3061, ,* L  ,0.9778109,0.97900369,0.1218%,0.001193,2186
36286.885,3062, , ,0.9778109,0.97900369,0.1218%,0.001193,2187
36295.275,3063, ,* L  ,0.97781098,0.97900369,0.1218%,0.001193,2188
36304.098,3064, , ,0.97781098,0.97900369,0.1218%,0.001193,2189
36312.452,3065, , ,0.97781098,0.97900369,0.1218%,0.001193,2190
36321.111,3066, , ,0.97781098,0.97900369,0.1218%,0.001193,2191
36329.257,3067, ,* L  ,0.97781105,0.97900369,0.1218%,0.001193,2192
36337.473,3068, , ,0.97781105,0.97900369,0.1218%,0.001193,2193
36345.318,3069, , ,0.97781105,0.97900369,0.1218%,0.001193,2194
36353.725,3070, , ,0.97781105,0.97900369,0.1218%,0.001193,2195
36361.969,3071, ,* L  ,0.97781106,0.97900369,0.1218%,0.001193,2196
36370.84,3072, , ,0.97781106,0.97900369,0.1218%,0.001193,2197
36378.976,3073, ,* L  ,0.97781107,0.97900369,0.1218%,0.001193,2198
36387.671,3074, , ,0.97781107,0.97900369,0.1218%,0.001193,2199
36395.771,3075, ,* L  ,0.97781108,0.97900369,0.1218%,0.001193,2200
36404.548,3076, , ,0.97781108,0.97900369,0.1218%,0.001193,2201
36412.624,3077, ,* L  ,0.97781108,0.97900369,0.1218%,0.001193,2202
36421.516,3078, , ,0.97781108,0.97900369,0.1218%,0.001193,2203
36429.647,3079, ,* L  ,0.97781116,0.97900369,0.1218%,0.001193,2204
36437.799,3080, , ,0.97781116,0.97900369,0.1218%,0.001193,2205
36445.971,3081, ,* L  ,0.9778112,0.97900369,0.1218%,0.001192,2206
36454.851,3082, , ,0.9778112,0.97900369,0.1218%,0.001192,2207
36462.892,3083, , ,0.9778112,0.97900369,0.1218%,0.001192,2208
36471.809,3084, , ,0.9778112,0.97900369,0.1218%,0.001192,2209
36479.914,3085, ,* L  ,0.97781126,0.97900369,0.1218%,0.001192,2210
36487.822,3086, , ,0.97781126,0.97900369,0.1218%,0.001192,2211
36496.06,3087, ,* L  ,0.97781131,0.97900369,0.1218%,0.001192,2212
36504.742,3088, , ,0.97781131,0.97900369,0.1218%,0.001192,2213
36513.201,3089, , ,0.97781131,0.97900369,0.1218%,0.001192,2214
36521.815,3090, , ,0.97781131,0.97900369,0.1218%,0.001192,2215
36530.001,3091, ,* L  ,0.97781142,0.97900369,0.1218%,0.001192,2216
36537.904,3092, , ,0.97781142,0.97900369,0.1218%,0.001192,2217
36546.872,3093, ,* L  ,0.97781143,0.97900369,0.1218%,0.001192,2218
36554.604,3094, , ,0.97781143,0.97900369,0.1218%,0.001192,2219
36562.685,3095, , ,0.97781143,0.97900369,0.1218%,0.001192,2220
36570.842,3096, , ,0.97781143,0.97900369,0.1218%,0.001192,2221
36578.377,3097, ,* L  ,0.97781144,0.97900369,0.1218%,0.001192,2222
36586.619,3098, , ,0.97781144,0.97900369,0.1218%,0.001192,2223
36594.161,3099, , ,0.97781144,0.97900369,0.1218%,0.001192,2224
36602.679,3100, , ,0.97781144,0.97900369,0.1218%,0.001192,2225
36610.322,3101, ,* L  ,0.97781145,0.97900369,0.1218%,0.001192,2226
36618.584,3102, , ,0.97781145,0.97900369,0.1218%,0.001192,2227
36623.249,3103, ,* L  ,0.97781153,0.97900369,0.1218%,0.001192,2228
36627.885,3104, , ,0.97781153,0.97900369,0.1218%,0.001192,2229
36632.636,3105, , ,0.97781153,0.97900369,0.1218%,0.001192,2230
36637.485,3106, , ,0.97781153,0.97900369,0.1218%,0.001192,2231
36645.525,3107, ,* L  ,0.97781154,0.97900369,0.1218%,0.001192,2232
36654.133,3108, , ,0.97781154,0.97900369,0.1218%,0.001192,2233
36662.202,3109, ,* L  ,0.9778116,0.97900369,0.1218%,0.001192,2234
36670.135,3110, , ,0.9778116,0.97900369,0.1218%,0.001192,2235
36678.671,3111, , ,0.9778116,0.97900369,0.1218%,0.001192,2236
36686.633,3112, , ,0.9778116,0.97900369,0.1218%,0.001192,2237
36695.077,3113, ,* L  ,0.97781164,0.97900369,0.1218%,0.001192,2238
36703.658,3114, , ,0.97781164,0.97900369,0.1218%,0.001192,2239
36711.926,3115, , ,0.97781164,0.97900369,0.1218%,0.001192,2240
36720.624,3116, , ,0.97781164,0.97900369,0.1218%,0.001192,2241
36728.992,3117, ,* L  ,0.97781164,0.97900369,0.1218%,0.001192,2242
36737.422,3118, , ,0.97781164,0.97900369,0.1218%,0.001192,2243
36744.971,3119, ,* L  ,0.97781164,0.97900369,0.1218%,0.001192,2244
36753.46,3120, , ,0.97781164,0.97900369,0.1218%,0.001192,2245
36761.397,3121, ,* L  ,0.97781166,0.97900369,0.1218%,0.001192,2246
36771.004,3122, , ,0.97781166,0.97900369,0.1218%,0.001192,2247
36779.498,3123, ,* L  ,0.97781175,0.97900369,0.1217%,0.001192,2248
36788.338,3124, , ,0.97781175,0.97900369,0.1217%,0.001192,2249
36796.465,3125, ,* L  ,0.97781177,0.97900369,0.1217%,0.001192,2250
36805.365,3126, , ,0.97781177,0.97900369,0.1217%,0.001192,2251
36813.375,3127, ,* L  ,0.97781184,0.97900369,0.1217%,0.001192,2252
36821.501,3128, , ,0.97781184,0.97900369,0.1217%,0.001192,2253
36830.438,3129, ,* L  ,0.97781195,0.97900369,0.1217%,0.001192,2254
36838.995,3130, , ,0.97781195,0.97900369,0.1217%,0.001192,2255
36847.334,3131, , ,0.97781195,0.97900369,0.1217%,0.001192,2256
36855.577,3132, , ,0.97781195,0.97900369,0.1217%,0.001192,2257
36863.932,3133, ,* L  ,0.977812,0.97900369,0.1217%,0.001192,2258
36872.963,3134, , ,0.977812,0.97900369,0.1217%,0.001192,2259
36881.222,3135, ,* L  ,0.97781207,0.97900369,0.1217%,0.001192,2260
36890.013,3136, , ,0.97781207,0.97900369,0.1217%,0.001192,2261
36898.221,3137, ,* L  ,0.97781208,0.97900369,0.1217%,0.001192,2262
36906.455,3138, , ,0.97781208,0.97900369,0.1217%,0.001192,2263
36914.28,3139, ,* L  ,0.97781211,0.97900369,0.1217%,0.001192,2264
36922.894,3140, , ,0.97781211,0.97900369,0.1217%,0.001192,2265
36931.037,3141, , ,0.97781211,0.97900369,0.1217%,0.001192,2266
36939.118,3142, , ,0.97781211,0.97900369,0.1217%,0.001192,2267
36947.86,3143, ,* L  ,0.97781211,0.97900369,0.1217%,0.001192,2268
36956.825,3144, , ,0.97781211,0.97900369,0.1217%,0.001192,2269
36965.141,3145, ,* L  ,0.97781222,0.97900369,0.1217%,0.001191,2270
36973.37,3146, , ,0.97781222,0.97900369,0.1217%,0.001191,2271
36981.252,3147, ,* L  ,0.97781224,0.97900369,0.1217%,0.001191,2272
36989.242,3148, , ,0.97781224,0.97900369,0.1217%,0.001191,2273
36997.166,3149, , ,0.97781224,0.97900369,0.1217%,0.001191,2274
37004.823,3150, , ,0.97781224,0.97900369,0.1217%,0.001191,2275
37012.681,3151, ,* L  ,0.97781227,0.97900369,0.1217%,0.001191,2276
37020.331,3152, , ,0.97781227,0.97900369,0.1217%,0.001191,2277
37028.274,3153, ,* L  ,0.97781239,0.97900369,0.1217%,0.001191,2278
37035.988,3154, , ,0.97781239,0.97900369,0.1217%,0.001191,2279
37043.618,3155, , ,0.97781239,0.97900369,0.1217%,0.001191,2280
37051.394,3156, , ,0.97781239,0.97900369,0.1217%,0.001191,2281
37059.159,3157, ,* L  ,0.97781252,0.97900369,0.1217%,0.001191,2282
37067.546,3158, , ,0.97781252,0.97900369,0.1217%,0.001191,2283
37075.703,3159, ,* L  ,0.9778126,0.97900369,0.1217%,0.001191,2284
37083.918,3160, , ,0.9778126,0.97900369,0.1217%,0.001191,2285
37092.144,3161, ,* L  ,0.97781278,0.97900369,0.1216%,0.001191,2286
37101.105,3162, , ,0.97781278,0.97900369,0.1216%,0.001191,2287
37109.364,3163, , ,0.97781278,0.97900369,0.1216%,0.001191,2288
37117.471,3164, , ,0.97781278,0.97900369,0.1216%,0.001191,2289
37126.423,3165, ,* L  ,0.97781289,0.97900369,0.1216%,0.001191,2290
37133.487,3166, , ,0.97781289,0.97900369,0.1216%,0.001191,2291
37142.209,3167, , ,0.97781289,0.97900369,0.1216%,0.001191,2292
37151.088,3168, , ,0.97781289,0.97900369,0.1216%,0.001191,2293
37159.397,3169, ,* L  ,0.97781289,0.97900369,0.1216%,0.001191,2294
37168.082,3170, , ,0.97781289,0.97900369,0.1216%,0.001191,2295
37171.251,3171, ,* L  ,0.9778129,0.97900369,0.1216%,0.001191,2296
37175.858,3172, , ,0.9778129,0.97900369,0.1216%,0.001191,2297
37178.913,3173, ,* L  ,0.97781319,0.97900369,0.1216%,0.00119,2298
37183.787,3174, , ,0.97781319,0.97900369,0.1216%,0.00119,2299
37191.955,3175, ,* L  ,0.97781377,0.97900369,0.1215%,0.00119,2300
37206.656,3176, , ,0.97781377,0.97900369,0.1215%,0.00119,2301
37218.264,3177, ,* L  ,0.97781384,0.97900369,0.1215%,0.00119,2302
37226.528,3178, , ,0.97781384,0.97900369,0.1215%,0.00119,2303
37235.476,3179, , ,0.97781384,0.97900369,0.1215%,0.00119,2304
37244.414,3180, , ,0.97781384,0.97900369,0.1215%,0.00119,2305
37252.672,3181, ,* L  ,0.97781394,0.97900369,0.1215%,0.00119,2306
37260.925,3182, , ,0.97781394,0.97900369,0.1215%,0.00119,2307
37269.183,3183, ,* L  ,0.97781408,0.97900369,0.1215%,0.00119,2308
37277.188,3184, , ,0.97781408,0.97900369,0.1215%,0.00119,2309
37285.447,3185, , ,0.97781408,0.97900369,0.1215%,0.00119,2310
37293.27,3186, , ,0.97781408,0.97900369,0.1215%,0.00119,2311
37301.532,3187, ,* L  ,0.97781433,0.97900369,0.1215%,0.001189,2312
37311.247,3188, , ,0.97781433,0.97900369,0.1215%,0.001189,2313
37319.579,3189, ,* L  ,0.97781439,0.97900369,0.1215%,0.001189,2314
37327.425,3190, , ,0.97781439,0.97900369,0.1215%,0.001189,2315
37335.656,3191, ,* L  ,0.97781448,0.97900369,0.1215%,0.001189,2316
37343.142,3192, , ,0.97781448,0.97900369,0.1215%,0.001189,2317
37351.044,3193, , ,0.97781448,0.97900369,0.1215%,0.001189,2318
37358.327,3194, , ,0.97781448,0.97900369,0.1215%,0.001189,2319
37365.742,3195, ,* L  ,0.97781479,0.97900369,0.1214%,0.001189,2320
37373.401,3196, , ,0.97781479,0.97900369,0.1214%,0.001189,2321
37381.554,3197, ,* L  ,0.9778148,0.97900369,0.1214%,0.001189,2322
37389.867,3198, , ,0.9778148,0.97900369,0.1214%,0.001189,2323
37397.856,3199, ,* L  ,0.97781494,0.97900369,0.1214%,0.001189,2324
37405.967,3200, , ,0.97781494,0.97900369,0.1214%,0.001189,2325
37414.635,3201, ,* L  ,0.97781518,0.97900369,0.1214%,0.001189,2326
37423.16,3202, , ,0.97781518,0.97900369,0.1214%,0.001189,2327
37431.863,3203, ,* L  ,0.97781518,0.97900369,0.1214%,0.001189,2328
37454.794,3204, , ,0.97781518,0.97900369,0.1214%,0.001189,2329
37469.321,3205, ,* L  ,0.97781542,0.97900369,0.1214%,0.001188,2330
37477.544,3206, , ,0.97781542,0.97900369,0.1214%,0.001188,2331
37485.588,3207, ,* L  ,0.97781547,0.97900369,0.1214%,0.001188,2332
37493.693,3208, , ,0.97781547,0.97900369,0.1214%,0.001188,2333
37501.673,3209, ,* L  ,0.97781548,0.97900369,0.1214%,0.001188,2334
37509.892,3210, , ,0.97781548,0.97900369,0.1214%,0.001188,2335
37518.069,3211, ,* L  ,0.97781554,0.97900369,0.1214%,0.001188,2336
37526.095,3212, , ,0.97781554,0.97900369,0.1214%,0.001188,2337
37534.131,3213, ,* L  ,0.97781556,0.97900369,0.1214%,0.001188,2338
37542.556,3214, , ,0.97781556,0.97900369,0.1214%,0.001188,2339
37550.75,3215, ,* L  ,0.97781556,0.97900369,0.1214%,0.001188,2340
37559.106,3216, , ,0.97781556,0.97900369,0.1214%,0.001188,2341
37567.287,3217, ,* L  ,0.97781556,0.97900369,0.1214%,0.001188,2342
37575.463,3218, , ,0.97781556,0.97900369,0.1214%,0.001188,2343
37583.514,3219, ,* L  ,0.97781561,0.97900369,0.1214%,0.001188,2344
37591.786,3220, , ,0.97781561,0.97900369,0.1214%,0.001188,2345
37600.292,3221, ,* L  ,0.97781583,0.97900369,0.1213%,0.001188,2346
37608.201,3222, , ,0.97781583,0.97900369,0.1213%,0.001188,2347
37616.185,3223, ,* L  ,0.97781584,0.97900369,0.1213%,0.001188,2348
37624.417,3224, , ,0.97781584,0.97900369,0.1213%,0.001188,2349
37631.783,3225, ,* L  ,0.9778159,0.97900369,0.1213%,0.001188,2350
37639.745,3226, , ,0.9778159,0.97900369,0.1213%,0.001188,2351
37646.945,3227, ,* L  ,0.97781591,0.97900369,0.1213%,0.001188,2352
37655.257,3228, , ,0.97781591,0.97900369,0.1213%,0.001188,2353
37664.363,3229, ,* L  ,0.97781592,0.97900369,0.1213%,0.001188,2354
37672.452,3230, , ,0.97781592,0.97900369,0.1213%,0.001188,2355
37680.471,3231, ,* L  ,0.97781596,0.97900369,0.1213%,0.001188,2356
37689.078,3232, , ,0.97781596,0.97900369,0.1213%,0.001188,2357
37698.192,3233, ,* L  ,0.97781607,0.97900369,0.1213%,0.001188,2358
37706.128,3234, , ,0.97781607,0.97900369,0.1213%,0.001188,2359
37714.497,3235, , ,0.97781607,0.97900369,0.1213%,0.001188,2360
37719.314,3236, , ,0.97781607,0.97900369,0.1213%,0.001188,2361
37723.321,3237, ,* L  ,0.9778161,0.97900369,0.1213%,0.001188,2362
37726.912,3238, , ,0.9778161,0.97900369,0.1213%,0.001188,2363
37730.352,3239, ,* L  ,0.97781617,0.97900369,0.1213%,0.001188,2364
37738.62,3240, , ,0.97781617,0.97900369,0.1213%,0.001188,2365
37750.305,3241, ,* L  ,0.97781619,0.97900369,0.1213%,0.001187,2366
37758.686,3242, , ,0.97781619,0.97900369,0.1213%,0.001187,2367
37766.813,3243, ,* L  ,0.97781631,0.97900369,0.1213%,0.001187,2368
37774.561,3244, , ,0.97781631,0.97900369,0.1213%,0.001187,2369
37782.471,3245, ,* L  ,0.97781634,0.97900369,0.1213%,0.001187,2370
37790.401,3246, , ,0.97781634,0.97900369,0.1213%,0.001187,2371
37797.756,3247, , ,0.97781634,0.97900369,0.1213%,0.001187,2372
37804.911,3248, , ,0.97781634,0.97900369,0.1213%,0.001187,2373
37812.643,3249, ,* L  ,0.97781637,0.97900369,0.1213%,0.001187,2374
37820.114,3250, , ,0.97781637,0.97900369,0.1213%,0.001187,2375
37828.158,3251, ,* L  ,0.97781642,0.97900369,0.1213%,0.001187,2376
37836.004,3252, , ,0.97781642,0.97900369,0.1213%,0.001187,2377
37844.042,3253, ,* L  ,0.97781646,0.97900369,0.1213%,0.001187,2378
37851.967,3254, , ,0.97781646,0.97900369,0.1213%,0.001187,2379
37860.436,3255, , ,0.97781646,0.97900369,0.1213%,0.001187,2380
37868.551,3256, , ,0.97781646,0.97900369,0.1213%,0.001187,2381
37876.814,3257, ,* L  ,0.97781655,0.97900369,0.1213%,0.001187,2382
37884.723,3258,Bound, ,0.97781655,0.97900369,0.1213%,0.001187,2381
37892.618,3259, ,* L  ,0.97781656,0.97900369,0.1213%,0.001187,2382
37900.634,3260, , ,0.97781656,0.97900369,0.1213%,0.001187,2383
37908.697,3261, , ,0.97781656,0.97900369,0.1213%,0.001187,2384
37916.852,3262, , ,0.97781656,0.97900369,0.1213%,0.001187,2385
37925.409,3263, ,* L  ,0.97781656,0.97900369,0.1213%,0.001187,2386
37933.648,3264, , ,0.97781656,0.97900369,0.1213%,0.001187,2387
37942.084,3265, , ,0.97781656,0.97900369,0.1213%,0.001187,2388
37950.477,3266, , ,0.97781656,0.97900369,0.1213%,0.001187,2389
37958.735,3267, ,* L  ,0.97781657,0.97900369,0.1213%,0.001187,2390
37966.801,3268, , ,0.97781657,0.97900369,0.1213%,0.001187,2391
37975.215,3269, ,* L  ,0.97781663,0.97900369,0.1213%,0.001187,2392
37984.237,3270, , ,0.97781663,0.97900369,0.1213%,0.001187,2393
37992.243,3271, , ,0.97781663,0.97900369,0.1213%,0.001187,2394
38001.177,3272, , ,0.97781663,0.97900369,0.1213%,0.001187,2395
38008.809,3273, ,* L  ,0.97781666,0.97900369,0.1212%,0.001187,2396
38016.956,3274, , ,0.97781666,0.97900369,0.1212%,0.001187,2397
38025.072,3275, ,* L  ,0.97781667,0.97900369,0.1212%,0.001187,2398
38032.911,3276, , ,0.97781667,0.97900369,0.1212%,0.001187,2399
38040.559,3277, ,* L  ,0.97781669,0.97900369,0.1212%,0.001187,2400
38048.556,3278, , ,0.97781669,0.97900369,0.1212%,0.001187,2401
38056.345,3279, , ,0.97781669,0.97900369,0.1212%,0.001187,2402
38064.512,3280, , ,0.97781669,0.97900369,0.1212%,0.001187,2403
38072.612,3281, ,* L  ,0.97781675,0.97900369,0.1212%,0.001187,2404
38080.766,3282, , ,0.97781675,0.97900369,0.1212%,0.001187,2405
38089.123,3283, ,* L  ,0.97781678,0.97900369,0.1212%,0.001187,2406
38096.973,3284, , ,0.97781678,0.97900369,0.1212%,0.001187,2407
38104.555,3285, , ,0.97781678,0.97900369,0.1212%,0.001187,2408
38112.534,3286, , ,0.97781678,0.97900369,0.1212%,0.001187,2409
38120.539,3287, ,* L  ,0.9778168,0.97900369,0.1212%,0.001187,2410
38128.607,3288, , ,0.9778168,0.97900369,0.1212%,0.001187,2411
38136.552,3289, ,* L  ,0.9778168,0.97900369,0.1212%,0.001187,2412
38144.478,3290, , ,0.9778168,0.97900369,0.1212%,0.001187,2413
38152.389,3291, ,* L  ,0.97781681,0.97900369,0.1212%,0.001187,2414
38160.439,3292, , ,0.97781681,0.97900369,0.1212%,0.001187,2415
38168.439,3293, ,* L  ,0.97781682,0.97900369,0.1212%,0.001187,2416
38176.307,3294, , ,0.97781682,0.97900369,0.1212%,0.001187,2417
38184.346,3295, ,* L  ,0.97781687,0.97900369,0.1212%,0.001187,2418
38191.923,3296, , ,0.97781687,0.97900369,0.1212%,0.001187,2419
38199.957,3297, ,* L  ,0.97781687,0.97900369,0.1212%,0.001187,2420
38207.783,3298, , ,0.97781687,0.97900369,0.1212%,0.001187,2421
38216.058,3299, ,* L  ,0.97781688,0.97900369,0.1212%,0.001187,2422
38223.802,3300, , ,0.97781688,0.97900369,0.1212%,0.001187,2423
38231.043,3301, , ,0.97781688,0.97900369,0.1212%,0.001187,2424
38238.678,3302, , ,0.97781688,0.97900369,0.1212%,0.001187,2425
38246.184,3303, ,* L  ,0.97781689,0.97900369,0.1212%,0.001187,2426
38253.479,3304, , ,0.97781689,0.97900369,0.1212%,0.001187,2427
38260.587,3305, , ,0.97781689,0.97900369,0.1212%,0.001187,2428
38267.568,3306, , ,0.97781689,0.97900369,0.1212%,0.001187,2429
38275.052,3307, ,* L  ,0.9778169,0.97900369,0.1212%,0.001187,2430
38283.412,3308, , ,0.9778169,0.97900369,0.1212%,0.001187,2431
38291.159,3309, ,* L  ,0.97781693,0.97900369,0.1212%,0.001187,2432
38299.445,3310, , ,0.97781693,0.97900369,0.1212%,0.001187,2433
38307.494,3311, ,* L  ,0.97781695,0.97900369,0.1212%,0.001187,2434
38315.359,3312, , ,0.97781695,0.97900369,0.1212%,0.001187,2435
38322.838,3313, , ,0.97781695,0.97900369,0.1212%,0.001187,2436
38331.034,3314, , ,0.97781695,0.97900369,0.1212%,0.001187,2437
38338.579,3315, ,* L  ,0.97781699,0.97900369,0.1212%,0.001187,2438
38345.383,3316, , ,0.97781699,0.97900369,0.1212%,0.001187,2439
38352.614,3317, , ,0.97781699,0.97900369,0.1212%,0.001187,2440
38359.754,3318, , ,0.97781699,0.97900369,0.1212%,0.001187,2441
38366.013,3319, ,* L  ,0.977817,0.97900369,0.1212%,0.001187,2442
38371.668,3320, , ,0.977817,0.97900369,0.1212%,0.001187,2443
38377.783,3321, ,* L  ,0.97781705,0.97900369,0.1212%,0.001187,2444
38385.747,3322, , ,0.97781705,0.97900369,0.1212%,0.001187,2445
38393.781,3323, , ,0.97781705,0.97900369,0.1212%,0.001187,2446
38401.733,3324, , ,0.97781705,0.97900369,0.1212%,0.001187,2447
38410.279,3325, ,* L  ,0.97781716,0.97900369,0.1212%,0.001187,2448
38418.463,3326, , ,0.97781716,0.97900369,0.1212%,0.001187,2449
38426.164,3327, , ,0.97781716,0.97900369,0.1212%,0.001187,2450
38434.493,3328, , ,0.97781716,0.97900369,0.1212%,0.001187,2451
38442.518,3329, ,* L  ,0.97781729,0.97900369,0.1212%,0.001186,2452
38450.886,3330, , ,0.97781729,0.97900369,0.1212%,0.001186,2453
38459.622,3331, , ,0.97781729,0.97900369,0.1212%,0.001186,2454
38467.751,3332, , ,0.97781729,0.97900369,0.1212%,0.001186,2455
38475.804,3333, ,* L  ,0.97781731,0.97900369,0.1212%,0.001186,2456
38482.902,3334, , ,0.97781731,0.97900369,0.1212%,0.001186,2457
38490.708,3335, ,* L  ,0.97781736,0.97900369,0.1212%,0.001186,2458
38498.763,3336, , ,0.97781736,0.97900369,0.1212%,0.001186,2459
38507.333,3337, ,* L  ,0.97781756,0.97900369,0.1212%,0.001186,2460
38514.862,3338, , ,0.97781756,0.97900369,0.1212%,0.001186,2461
38523.31,3339, ,* L  ,0.9778177,0.97900369,0.1211%,0.001186,2462
38531.319,3340, , ,0.9778177,0.97900369,0.1211%,0.001186,2463
38539.862,3341, ,* L  ,0.97781774,0.97900369,0.1211%,0.001186,2464
38547.606,3342, , ,0.97781774,0.97900369,0.1211%,0.001186,2465
38555.614,3343, , ,0.97781774,0.97900369,0.1211%,0.001186,2466
38563.401,3344, , ,0.97781774,0.97900369,0.1211%,0.001186,2467
38571.559,3345, ,* L  ,0.97781774,0.97900369,0.1211%,0.001186,2468
38578.96,3346, , ,0.97781774,0.97900369,0.1211%,0.001186,2469
38587.461,3347, , ,0.97781774,0.97900369,0.1211%,0.001186,2470
38595.185,3348, , ,0.97781774,0.97900369,0.1211%,0.001186,2471
38602.099,3349, ,* L  ,0.97781779,0.97900369,0.1211%,0.001186,2472
38610.327,3350, , ,0.97781779,0.97900369,0.1211%,0.001186,2473
38618.329,3351, ,* L  ,0.97781783,0.97900369,0.1211%,0.001186,2474
38626.941,3352, , ,0.97781783,0.97900369,0.1211%,0.001186,2475
38635.185,3353, ,* L  ,0.97781847,0.97900369,0.1211%,0.001185,2476
38643.058,3354, , ,0.97781847,0.97900369,0.1211%,0.001185,2477
38650.428,3355, , ,0.97781847,0.97900369,0.1211%,0.001185,2478
38659.17,3356, , ,0.97781847,0.97900369,0.1211%,0.001185,2479
38667.514,3357, ,* L  ,0.97781859,0.97900369,0.1211%,0.001185,2480
38674.896,3358, , ,0.97781859,0.97900369,0.1211%,0.001185,2481
38682.758,3359, ,* L  ,0.97781859,0.97900369,0.1211%,0.001185,2482
38690.072,3360, , ,0.97781859,0.97900369,0.1211%,0.001185,2483
38698.118,3361, , ,0.97781859,0.97900369,0.1211%,0.001185,2484
38705.628,3362, , ,0.97781859,0.97900369,0.1211%,0.001185,2485
38713.607,3363, ,* L  ,0.9778186,0.97900369,0.1211%,0.001185,2486
38719.624,3364, , ,0.9778186,0.97900369,0.1211%,0.001185,2487
38726.1,3365, ,* L  ,0.97781873,0.97900369,0.121%,0.001185,2488
38735.134,3366, , ,0.97781873,0.97900369,0.121%,0.001185,2489
38746.03,3367, , ,0.97781873,0.97900369,0.121%,0.001185,2490
38755.983,3368, , ,0.97781873,0.97900369,0.121%,0.001185,2491
38765.629,3369, , ,0.97781873,0.97900369,0.121%,0.001185,2492
38775.33,3370, , ,0.97781873,0.97900369,0.121%,0.001185,2493
38785.739,3371, , ,0.97781873,0.97900369,0.121%,0.001185,2494
38793.857,3372, , ,0.97781873,0.97900369,0.121%,0.001185,2495
38802.108,3373, , ,0.97781873,0.97900369,0.121%,0.001185,2496
38809.542,3374, , ,0.97781873,0.97900369,0.121%,0.001185,2497
38818.368,3375, , ,0.97781873,0.97900369,0.121%,0.001185,2498
38825.237,3376, , ,0.97781873,0.97900369,0.121%,0.001185,2499
38833.095,3377,Bound, ,0.97781873,0.97900369,0.121%,0.001185,2498
38840.135,3378, , ,0.97781873,0.97900369,0.121%,0.001185,2499
38848.138,3379,Bound,* L  ,0.977819,0.97900369,0.121%,0.001185,2498
38856.06,3380, , ,0.977819,0.97900369,0.121%,0.001185,2499
38864.186,3381, ,* L  ,0.97781906,0.97900369,0.121%,0.001185,2500
38871.079,3382, , ,0.97781906,0.97900369,0.121%,0.001185,2501
38878.679,3383, ,* L  ,0.97781971,0.97900369,0.1209%,0.001184,2502
38886.685,3384, , ,0.97781971,0.97900369,0.1209%,0.001184,2503
38894.415,3385, ,* L  ,0.97781993,0.97900369,0.1209%,0.001184,2504
38901.981,3386, , ,0.97781993,0.97900369,0.1209%,0.001184,2505
38909.545,3387, ,* L  ,0.97782004,0.97900369,0.1209%,0.001184,2506
38917.383,3388, , ,0.97782004,0.97900369,0.1209%,0.001184,2507
38924.862,3389, ,* L  ,0.9778201,0.97900369,0.1209%,0.001184,2508
38932.128,3390, , ,0.9778201,0.97900369,0.1209%,0.001184,2509
38939.995,3391, ,* L  ,0.97782054,0.97900369,0.1209%,0.001183,2510
38950.578,3392, , ,0.97782054,0.97900369,0.1209%,0.001183,2511
38961.869,3393, , ,0.97782054,0.97900369,0.1209%,0.001183,2512
38973.903,3394, , ,0.97782054,0.97900369,0.1209%,0.001183,2513
38983.601,3395, , ,0.97782054,0.97900369,0.1209%,0.001183,2514
38994.362,3396, , ,0.97782054,0.97900369,0.1209%,0.001183,2515
39004.427,3397, , ,0.97782054,0.97900369,0.1209%,0.001183,2516
39013.232,3398, , ,0.97782054,0.97900369,0.1209%,0.001183,2517
39022.045,3399, , ,0.97782054,0.97900369,0.1209%,0.001183,2518
39030.271,3400, , ,0.97782054,0.97900369,0.1209%,0.001183,2519
39038.943,3401, , ,0.97782054,0.97900369,0.1209%,0.001183,2520
39046.557,3402, , ,0.97782054,0.97900369,0.1209%,0.001183,2521
39054.669,3403,Bound, ,0.97782054,0.97900369,0.1209%,0.001183,2520
39062.275,3404, , ,0.97782054,0.97900369,0.1209%,0.001183,2521
39070.512,3405,Bound,* L  ,0.97782059,0.97900369,0.1208%,0.001183,2520
39079.931,3406, , ,0.97782059,0.97900369,0.1208%,0.001183,2521
39088.287,3407, ,* L  ,0.97782079,0.97900369,0.1208%,0.001183,2522
39096.882,3408, , ,0.97782079,0.97900369,0.1208%,0.001183,2523
39104.626,3409, ,* L  ,0.97782092,0.97900369,0.1208%,0.001183,2524
39113.036,3410, , ,0.97782092,0.97900369,0.1208%,0.001183,2525
39120.954,3411, ,* L  ,0.97782098,0.97900369,0.1208%,0.001183,2526
39128.461,3412, , ,0.97782098,0.97900369,0.1208%,0.001183,2527
39135.624,3413, ,* L  ,0.97782099,0.97900369,0.1208%,0.001183,2528
39143.881,3414, , ,0.97782099,0.97900369,0.1208%,0.001183,2529
39152.337,3415, , ,0.97782099,0.97900369,0.1208%,0.001183,2530
39160.95,3416, , ,0.97782099,0.97900369,0.1208%,0.001183,2531
39168.302,3417, ,* L  ,0.9778212,0.97900369,0.1208%,0.001182,2532
39174.238,3418, , ,0.9778212,0.97900369,0.1208%,0.001182,2533
39180.323,3419, ,* L  ,0.97782126,0.97900369,0.1208%,0.001182,2534
39187.208,3420, , ,0.97782126,0.97900369,0.1208%,0.001182,2535
39195.195,3421, , ,0.97782126,0.97900369,0.1208%,0.001182,2536
39202.668,3422, , ,0.97782126,0.97900369,0.1208%,0.001182,2537
39210.726,3423, ,* L  ,0.97782193,0.97900369,0.1207%,0.001182,2538
39218.266,3424, , ,0.97782193,0.97900369,0.1207%,0.001182,2539
39226.33,3425, ,* L  ,0.97782208,0.97900369,0.1207%,0.001182,2540
39233.925,3426, , ,0.97782208,0.97900369,0.1207%,0.001182,2541
39242.043,3427, , ,0.97782208,0.97900369,0.1207%,0.001182,2542
39249.49,3428, , ,0.97782208,0.97900369,0.1207%,0.001182,2543
39257.366,3429, ,* L  ,0.97782208,0.97900369,0.1207%,0.001182,2544
39264.154,3430, , ,0.97782208,0.97900369,0.1207%,0.001182,2545
39271.64,3431, , ,0.97782208,0.97900369,0.1207%,0.001182,2546
39279.289,3432, , ,0.97782208,0.97900369,0.1207%,0.001182,2547
39286.711,3433, ,* L  ,0.9778221,0.97900369,0.1207%,0.001182,2548
39293.803,3434, , ,0.9778221,0.97900369,0.1207%,0.001182,2549
39301.845,3435, ,* L  ,0.97782221,0.97900369,0.1207%,0.001181,2550
39309.541,3436, , ,0.97782221,0.97900369,0.1207%,0.001181,2551
39317.84,3437, ,* L  ,0.97782328,0.97900369,0.1206%,0.00118,2552
39325.219,3438, , ,0.97782328,0.97900369,0.1206%,0.00118,2553
39332.483,3439, ,* L  ,0.97782474,0.97900369,0.1204%,0.001179,2554
39339.455,3440, , ,0.97782474,0.97900369,0.1204%,0.001179,2555
39347.372,3441, ,* L  ,0.97782476,0.97900369,0.1204%,0.001179,2556
39354.625,3442, , ,0.97782476,0.97900369,0.1204%,0.001179,2557
39362.987,3443, , ,0.97782476,0.97900369,0.1204%,0.001179,2558
39370.933,3444, , ,0.97782476,0.97900369,0.1204%,0.001179,2559
39378.361,3445, ,* L  ,0.97782519,0.97900369,0.1204%,0.001178,2560
39386.13,3446, , ,0.97782519,0.97900369,0.1204%,0.001178,2561
39393.86,3447, ,* L  ,0.97782522,0.97900369,0.1204%,0.001178,2562
39401.566,3448, , ,0.97782522,0.97900369,0.1204%,0.001178,2563
39408.431,3449, ,* L  ,0.97782525,0.97900369,0.1204%,0.001178,2564
39416.736,3450, , ,0.97782525,0.97900369,0.1204%,0.001178,2565
39424.824,3451, ,* L  ,0.97782526,0.97900369,0.1204%,0.001178,2566
39432.37,3452, , ,0.97782526,0.97900369,0.1204%,0.001178,2567
39439.81,3453, ,* L  ,0.97782555,0.97900369,0.1203%,0.001178,2568
39447.772,3454, , ,0.97782555,0.97900369,0.1203%,0.001178,2569
39455.303,3455, ,* L  ,0.97782582,0.97900369,0.1203%,0.001178,2570
39462.925,3456, , ,0.97782582,0.97900369,0.1203%,0.001178,2571
39470.243,3457, ,* L  ,0.97782602,0.97900369,0.1203%,0.001178,2572
39478.636,3458, , ,0.97782602,0.97900369,0.1203%,0.001178,2573
39486.992,3459, ,* L  ,0.97782611,0.97900369,0.1203%,0.001178,2574
39494.345,3460, , ,0.97782611,0.97900369,0.1203%,0.001178,2575
39501.479,3461, , ,0.97782611,0.97900369,0.1203%,0.001178,2576
39508.838,3462, , ,0.97782611,0.97900369,0.1203%,0.001178,2577
39516.234,3463, ,* L  ,0.97782619,0.97900369,0.1203%,0.001177,2578
39523.24,3464, , ,0.97782619,0.97900369,0.1203%,0.001177,2579
39530.159,3465,Bound,* L  ,0.9778262,0.97900369,0.1203%,0.001177,2578
39538.592,3466, , ,0.9778262,0.97900369,0.1203%,0.001177,2579
39546.242,3467, ,* L  ,0.97782621,0.97900369,0.1203%,0.001177,2580
39552.826,3468,Bound, ,0.97782621,0.97900369,0.1203%,0.001177,2579
39560.206,3469, ,* L  ,0.97782638,0.97900369,0.1203%,0.001177,2580
39568.386,3470, , ,0.97782638,0.97900369,0.1203%,0.001177,2581
39575.168,3471,Bound,* L  ,0.97782647,0.97900369,0.1202%,0.001177,2580
39583.398,3472, , ,0.97782647,0.97900369,0.1202%,0.001177,2581
39590.336,3473, ,* L  ,0.97782651,0.97900369,0.1202%,0.001177,2582
39598.059,3474, , ,0.97782651,0.97900369,0.1202%,0.001177,2583
39604.586,3475,Bound,* L  ,0.97782662,0.97900369,0.1202%,0.001177,2582
39613.216,3476, , ,0.97782662,0.97900369,0.1202%,0.001177,2583
39620.919,3477, ,* L  ,0.97782701,0.97900369,0.1202%,0.001177,2584
39628.775,3478, , ,0.97782701,0.97900369,0.1202%,0.001177,2585
39637.016,3479, ,* L  ,0.97782726,0.97900369,0.1202%,0.001176,2586
39645.137,3480, , ,0.97782726,0.97900369,0.1202%,0.001176,2587
39653.463,3481, ,* L  ,0.97782757,0.97900369,0.1201%,0.001176,2588
39664.516,3482, , ,0.97782757,0.97900369,0.1201%,0.001176,2589
39675.452,3483, ,* L  ,0.97782783,0.97900369,0.1201%,0.001176,2590
39683.69,3484, , ,0.97782783,0.97900369,0.1201%,0.001176,2591
39691.546,3485, ,* L  ,0.97782807,0.97900369,0.1201%,0.001176,2592
39699.412,3486, , ,0.97782807,0.97900369,0.1201%,0.001176,2593
39706.572,3487, ,* L  ,0.97782814,0.97900369,0.1201%,0.001176,2594
39714.361,3488, , ,0.97782814,0.97900369,0.1201%,0.001176,2595
39721.143,3489, ,* L  ,0.97782881,0.97900369,0.12%,0.001175,2596
39726.605,3490, , ,0.97782881,0.97900369,0.12%,0.001175,2597
39732.14,3491, , ,0.97782881,0.97900369,0.12%,0.001175,2598
39739.949,3492, , ,0.97782881,0.97900369,0.12%,0.001175,2599
39747.096,3493, ,* L  ,0.9778291,0.97900369,0.12%,0.001175,2600
39755.618,3494, , ,0.9778291,0.97900369,0.12%,0.001175,2601
39762.336,3495, ,* L  ,0.97782914,0.97900369,0.12%,0.001175,2602
39769.673,3496, , ,0.97782914,0.97900369,0.12%,0.001175,2603
39777.02,3497, ,* L  ,0.97782916,0.97900369,0.12%,0.001175,2604
39783.916,3498, , ,0.97782916,0.97900369,0.12%,0.001175,2605
39792.527,3499, ,* L  ,0.97782919,0.97900369,0.12%,0.001174,2606
39799.728,3500, , ,0.97782919,0.97900369,0.12%,0.001174,2607
39807.019,3501, ,* L  ,0.97782923,0.97900369,0.12%,0.001174,2608
39815.318,3502, , ,0.97782923,0.97900369,0.12%,0.001174,2609
39822.707,3503, ,* L  ,0.97782924,0.97900369,0.12%,0.001174,2610
39830.03,3504, , ,0.97782924,0.97900369,0.12%,0.001174,2611
39837.613,3505, ,* L  ,0.97782924,0.97900369,0.12%,0.001174,2612
39844.843,3506, , ,0.97782924,0.97900369,0.12%,0.001174,2613
39851.853,3507, ,* L  ,0.97782936,0.97900369,0.12%,0.001174,2614
39858.667,3508, , ,0.97782936,0.97900369,0.12%,0.001174,2615
39866.729,3509, ,* L  ,0.97782937,0.97900369,0.12%,0.001174,2616
39873.812,3510, , ,0.97782937,0.97900369,0.12%,0.001174,2617
39882.343,3511, , ,0.97782937,0.97900369,0.12%,0.001174,2618
39890.677,3512, , ,0.97782937,0.97900369,0.12%,0.001174,2619
39897.601,3513, ,* L  ,0.97782943,0.97900369,0.1199%,0.001174,2620
39905.853,3514, , ,0.97782943,0.97900369,0.1199%,0.001174,2621
39913.474,3515, ,* L  ,0.97782949,0.97900369,0.1199%,0.001174,2622
39921.088,3516, , ,0.97782949,0.97900369,0.1199%,0.001174,2623
39928.128,3517, , ,0.97782949,0.97900369,0.1199%,0.001174,2624
39935.643,3518, , ,0.97782949,0.97900369,0.1199%,0.001174,2625
39943.878,3519, ,* L  ,0.97782949,0.97900369,0.1199%,0.001174,2626
39951.189,3520, , ,0.97782949,0.97900369,0.1199%,0.001174,2627
39959.808,3521, ,* L  ,0.97782964,0.97900369,0.1199%,0.001174,2628
39967.575,3522, , ,0.97782964,0.97900369,0.1199%,0.001174,2629
39974.864,3523, , ,0.97782964,0.97900369,0.1199%,0.001174,2630
39982.224,3524, , ,0.97782964,0.97900369,0.1199%,0.001174,2631
39990.275,3525, ,* L  ,0.9778297,0.97900369,0.1199%,0.001174,2632
39998.543,3526, , ,0.9778297,0.97900369,0.1199%,0.001174,2633
40006.127,3527, , ,0.9778297,0.97900369,0.1199%,0.001174,2634
40013.125,3528, , ,0.9778297,0.97900369,0.1199%,0.001174,2635
40021.293,3529, ,* L  ,0.97782972,0.97900369,0.1199%,0.001174,2636
40029.591,3530, , ,0.97782972,0.97900369,0.1199%,0.001174,2637
40036.44,3531, ,* L  ,0.9778298,0.97900369,0.1199%,0.001174,2638
40043.744,3532, , ,0.9778298,0.97900369,0.1199%,0.001174,2639
40052.209,3533, ,* L  ,0.9778298,0.97900369,0.1199%,0.001174,2640
40059.753,3534, , ,0.9778298,0.97900369,0.1199%,0.001174,2641
40066.719,3535, , ,0.9778298,0.97900369,0.1199%,0.001174,2642
40074.39,3536, , ,0.9778298,0.97900369,0.1199%,0.001174,2643
40082.005,3537, ,* L  ,0.97782998,0.97900369,0.1199%,0.001174,2644
40089.688,3538, , ,0.97782998,0.97900369,0.1199%,0.001174,2645
40097.734,3539, , ,0.97782998,0.97900369,0.1199%,0.001174,2646
40105.323,3540, , ,0.97782998,0.97900369,0.1199%,0.001174,2647
40113.657,3541, ,* L  ,0.97783001,0.97900369,0.1199%,0.001174,2648
40120.759,3542, , ,0.97783001,0.97900369,0.1199%,0.001174,2649
40128.356,3543, ,* L  ,0.97783018,0.97900369,0.1199%,0.001174,2650
40135.858,3544, , ,0.97783018,0.97900369,0.1199%,0.001174,2651
40142.742,3545, , ,0.97783018,0.97900369,0.1199%,0.001174,2652
40149.503,3546, , ,0.97783018,0.97900369,0.1199%,0.001174,2653
40156.954,3547, ,* L  ,0.97783021,0.97900369,0.1199%,0.001173,2654
40164.492,3548, , ,0.97783021,0.97900369,0.1199%,0.001173,2655
40172.009,3549, ,* L  ,0.97783021,0.97900369,0.1199%,0.001173,2656
40179.664,3550, , ,0.97783021,0.97900369,0.1199%,0.001173,2657
40187.332,3551, ,* L  ,0.97783024,0.97900369,0.1199%,0.001173,2658
40195.03,3552, , ,0.97783024,0.97900369,0.1199%,0.001173,2659
40202.567,3553, ,* L  ,0.97783025,0.97900369,0.1199%,0.001173,2660
40209.974,3554, , ,0.97783025,0.97900369,0.1199%,0.001173,2661
40218.138,3555, ,* L  ,0.97783052,0.97900369,0.1198%,0.001173,2662
40225.642,3556, , ,0.97783052,0.97900369,0.1198%,0.001173,2663
40233.02,3557, , ,0.97783052,0.97900369,0.1198%,0.001173,2664
40240.217,3558, , ,0.97783052,0.97900369,0.1198%,0.001173,2665
40248.081,3559, ,* L  ,0.97783078,0.97900369,0.1198%,0.001173,2666
40255.514,3560, , ,0.97783078,0.97900369,0.1198%,0.001173,2667
40263.167,3561, , ,0.97783078,0.97900369,0.1198%,0.001173,2668
40269.352,3562, , ,0.97783078,0.97900369,0.1198%,0.001173,2669
40275.244,3563, ,* L  ,0.97783112,0.97900369,0.1198%,0.001173,2670
40281.288,3564, , ,0.97783112,0.97900369,0.1198%,0.001173,2671
40289.495,3565, , ,0.97783112,0.97900369,0.1198%,0.001173,2672
40297.38,3566, , ,0.97783112,0.97900369,0.1198%,0.001173,2673
40305.231,3567, ,* L  ,0.97783124,0.97900369,0.1198%,0.001172,2674
40312.635,3568, , ,0.97783124,0.97900369,0.1198%,0.001172,2675
40320.541,3569, ,* L  ,0.97783124,0.97900369,0.1198%,0.001172,2676
40327.73,3570, , ,0.97783124,0.97900369,0.1198%,0.001172,2677
40335.018,3571, ,* L  ,0.97783124,0.97900369,0.1198%,0.001172,2678
40341.89,3572, , ,0.97783124,0.97900369,0.1198%,0.001172,2679
40349.632,3573, , ,0.97783124,0.97900369,0.1198%,0.001172,2680
40356.442,3574, , ,0.97783124,0.97900369,0.1198%,0.001172,2681
40364.781,3575, ,* L  ,0.97783125,0.97900369,0.1198%,0.001172,2682
40372.629,3576, , ,0.97783125,0.97900369,0.1198%,0.001172,2683
40380.995,3577, ,* L  ,0.97783127,0.97900369,0.1198%,0.001172,2684
40387.976,3578, , ,0.97783127,0.97900369,0.1198%,0.001172,2685
40395.316,3579, , ,0.97783127,0.97900369,0.1198%,0.001172,2686
40402.334,3580, , ,0.97783127,0.97900369,0.1198%,0.001172,2687
40409.74,3581, ,* L  ,0.9778313,0.97900369,0.1198%,0.001172,2688
40416.804,3582, , ,0.9778313,0.97900369,0.1198%,0.001172,2689
40424.279,3583, , ,0.9778313,0.97900369,0.1198%,0.001172,2690
40430.554,3584, , ,0.9778313,0.97900369,0.1198%,0.001172,2691
40438.0,3585, ,* L  ,0.97783131,0.97900369,0.1198%,0.001172,2692
40445.341,3586, , ,0.97783131,0.97900369,0.1198%,0.001172,2693
40453.595,3587, ,* L  ,0.97783132,0.97900369,0.1198%,0.001172,2694
40461.173,3588, , ,0.97783132,0.97900369,0.1198%,0.001172,2695
40468.744,3589, ,* L  ,0.97783151,0.97900369,0.1197%,0.001172,2696
40476.542,3590, , ,0.97783151,0.97900369,0.1197%,0.001172,2697
40483.777,3591, , ,0.97783151,0.97900369,0.1197%,0.001172,2698
40491.483,3592, , ,0.97783151,0.97900369,0.1197%,0.001172,2699
40499.092,3593, ,* L  ,0.97783153,0.97900369,0.1197%,0.001172,2700
40506.87,3594, , ,0.97783153,0.97900369,0.1197%,0.001172,2701
40514.46,3595, ,* L  ,0.97783153,0.97900369,0.1197%,0.001172,2702
40522.647,3596, , ,0.97783153,0.97900369,0.1197%,0.001172,2703
40531.136,3597, ,* L  ,0.97783193,0.97900369,0.1197%,0.001172,2704
40538.675,3598, , ,0.97783193,0.97900369,0.1197%,0.001172,2705
40545.965,3599, ,* L  ,0.97783194,0.97900369,0.1197%,0.001172,2706
40553.955,3600, , ,0.97783194,0.97900369,0.1197%,0.001172,2707
40561.718,3601, , ,0.97783194,0.97900369,0.1197%,0.001172,2708
40570.166,3602, , ,0.97783194,0.97900369,0.1197%,0.001172,2709
40577.633,3603, ,* L  ,0.97783211,0.97900369,0.1197%,0.001172,2710
40585.149,3604, , ,0.97783211,0.97900369,0.1197%,0.001172,2711
40592.5,3605, ,* L  ,0.97783221,0.97900369,0.1197%,0.001171,2712
40600.53,3606, , ,0.97783221,0.97900369,0.1197%,0.001171,2713
40608.48,3607, ,* L  ,0.97783248,0.97900369,0.1196%,0.001171,2714
40616.235,3608, , ,0.97783248,0.97900369,0.1196%,0.001171,2715
40623.805,3609, ,* L  ,0.9778326,0.97900369,0.1196%,0.001171,2716
40631.209,3610, , ,0.9778326,0.97900369,0.1196%,0.001171,2717
40639.405,3611, , ,0.9778326,0.97900369,0.1196%,0.001171,2718
40647.017,3612, , ,0.9778326,0.97900369,0.1196%,0.001171,2719
40655.367,3613, ,* L  ,0.97783274,0.97900369,0.1196%,0.001171,2720
40662.449,3614, , ,0.97783274,0.97900369,0.1196%,0.001171,2721
40670.376,3615, ,* L  ,0.97783274,0.97900369,0.1196%,0.001171,2722
40677.407,3616, , ,0.97783274,0.97900369,0.1196%,0.001171,2723
40685.245,3617, ,* L  ,0.97783288,0.97900369,0.1196%,0.001171,2724
40692.365,3618, , ,0.97783288,0.97900369,0.1196%,0.001171,2725
40700.259,3619, ,* L  ,0.97783329,0.97900369,0.1195%,0.00117,2726
40708.266,3620, , ,0.97783329,0.97900369,0.1195%,0.00117,2727
40716.398,3621, ,* L  ,0.97783399,0.97900369,0.1195%,0.00117,2728
40723.874,3622, , ,0.97783399,0.97900369,0.1195%,0.00117,2729
40731.209,3623, , ,0.97783399,0.97900369,0.1195%,0.00117,2730
40738.562,3624, , ,0.97783399,0.97900369,0.1195%,0.00117,2731
40746.131,3625, ,* L  ,0.97783427,0.97900369,0.1194%,0.001169,2732
40753.497,3626, , ,0.97783427,0.97900369,0.1194%,0.001169,2733
40761.174,3627, ,* L  ,0.97783468,0.97900369,0.1194%,0.001169,2734
40768.231,3628, , ,0.97783468,0.97900369,0.1194%,0.001169,2735
40775.895,3629, , ,0.97783468,0.97900369,0.1194%,0.001169,2736
40783.504,3630, , ,0.97783468,0.97900369,0.1194%,0.001169,2737
40791.089,3631, ,* L  ,0.97783468,0.97900369,0.1194%,0.001169,2738
40799.099,3632, , ,0.97783468,0.97900369,0.1194%,0.001169,2739
40805.795,3633, ,* L  ,0.97783478,0.97900369,0.1194%,0.001169,2740
40812.878,3634,Bound, ,0.97783478,0.97900369,0.1194%,0.001169,2739
40820.511,3635, ,* L  ,0.97783484,0.97900369,0.1194%,0.001169,2740
40827.272,3636, , ,0.97783484,0.97900369,0.1194%,0.001169,2741
40834.549,3637, , ,0.97783484,0.97900369,0.1194%,0.001169,2742
40841.775,3638, , ,0.97783484,0.97900369,0.1194%,0.001169,2743
40848.655,3639, ,* L  ,0.97783632,0.97900369,0.1192%,0.001167,2744
40856.433,3640, , ,0.97783632,0.97900369,0.1192%,0.001167,2745
40864.175,3641, ,* L  ,0.97783712,0.97900369,0.1192%,0.001167,2746
40871.229,3642,Bound, ,0.97783712,0.97900369,0.1192%,0.001167,2745
40878.58,3643, ,* L  ,0.97783778,0.97900369,0.1191%,0.001166,2746
40885.815,3644, , ,0.97783778,0.97900369,0.1191%,0.001166,2747
40894.042,3645, ,* L  ,0.97783804,0.97900369,0.1191%,0.001166,2748
40901.73,3646, , ,0.97783804,0.97900369,0.1191%,0.001166,2749
40908.4,3647,Bound,* L  ,0.97783883,0.97900369,0.119%,0.001165,2748
40914.699,3648, , ,0.97783883,0.97900369,0.119%,0.001165,2749
40920.953,3649, ,* L  ,0.97783916,0.97900369,0.119%,0.001165,2750
40926.986,3650, , ,0.97783916,0.97900369,0.119%,0.001165,2751
40934.237,3651, ,* L  ,0.97784006,0.97900369,0.1189%,0.001164,2752
40942.112,3652, , ,0.97784006,0.97900369,0.1189%,0.001164,2753
40949.933,3653, , ,0.97784006,0.97900369,0.1189%,0.001164,2754
40958.726,3654, , ,0.97784006,0.97900369,0.1189%,0.001164,2755
40967.184,3655, ,* L  ,0.9778404,0.97900369,0.1188%,0.001163,2756
40977.84,3656, , ,0.9778404,0.97900369,0.1188%,0.001163,2757
40988.764,3657, ,* L  ,0.9778413,0.97900369,0.1187%,0.001162,2758
40996.038,3658,Bound, ,0.9778413,0.97900369,0.1187%,0.001162,2757
41002.905,3659, ,* L  ,0.97784171,0.97900369,0.1187%,0.001162,2758
41010.723,3660, , ,0.97784171,0.97900369,0.1187%,0.001162,2759
41019.234,3661, ,* L  ,0.97784254,0.97900369,0.1186%,0.001161,2760
41028.666,3662, , ,0.97784254,0.97900369,0.1186%,0.001161,2761
41036.961,3663, ,* L  ,0.97784287,0.97900369,0.1186%,0.001161,2762
41044.732,3664, , ,0.97784287,0.97900369,0.1186%,0.001161,2763
41052.482,3665, ,* L  ,0.97784287,0.97900369,0.1186%,0.001161,2764
41060.628,3666, , ,0.97784287,0.97900369,0.1186%,0.001161,2765
41068.782,3667, ,* L  ,0.977843,0.97900369,0.1186%,0.001161,2766
41077.84,3668, , ,0.977843,0.97900369,0.1186%,0.001161,2767
41084.247,3669,Bound,* L  ,0.97784302,0.97900369,0.1186%,0.001161,2766
41093.076,3670, , ,0.97784302,0.97900369,0.1186%,0.001161,2767
41100.599,3671, ,* L  ,0.97784309,0.97900369,0.1185%,0.001161,2768
41107.661,3672, , ,0.97784309,0.97900369,0.1185%,0.001161,2769
41115.854,3673, ,* L  ,0.97784323,0.97900369,0.1185%,0.00116,2770
41123.275,3674, , ,0.97784323,0.97900369,0.1185%,0.00116,2771
41130.931,3675, ,* L  ,0.9778438,0.97900369,0.1185%,0.00116,2772
41139.241,3676, , ,0.9778438,0.97900369,0.1185%,0.00116,2773
41146.693,3677, ,* L  ,0.97784535,0.97900369,0.1183%,0.001158,2774
41154.272,3678, , ,0.97784535,0.97900369,0.1183%,0.001158,2775
41161.678,3679, ,* L  ,0.97784584,0.97900369,0.1183%,0.001158,2776
41169.085,3680, , ,0.97784584,0.97900369,0.1183%,0.001158,2777
41177.543,3681, , ,0.97784584,0.97900369,0.1183%,0.001158,2778
41185.177,3682, , ,0.97784584,0.97900369,0.1183%,0.001158,2779
41193.316,3683, ,* L  ,0.97784598,0.97900369,0.1183%,0.001158,2780
41200.454,3684, , ,0.97784598,0.97900369,0.1183%,0.001158,2781
41207.555,3685, ,* L  ,0.97784602,0.97900369,0.1182%,0.001158,2782
41217.815,3686, , ,0.97784602,0.97900369,0.1182%,0.001158,2783
41227.331,3687, ,* L  ,0.97784687,0.97900369,0.1182%,0.001157,2784
41235.55,3688, , ,0.97784687,0.97900369,0.1182%,0.001157,2785
41242.837,3689, ,* L  ,0.97784751,0.97900369,0.1181%,0.001156,2786
41251.135,3690, , ,0.97784751,0.97900369,0.1181%,0.001156,2787
41258.588,3691, , ,0.97784751,0.97900369,0.1181%,0.001156,2788
41266.065,3692, , ,0.97784751,0.97900369,0.1181%,0.001156,2789
41274.124,3693, ,* L  ,0.97784771,0.97900369,0.1181%,0.001156,2790
41280.666,3694, , ,0.97784771,0.97900369,0.1181%,0.001156,2791
41287.829,3695, ,* L  ,0.97784839,0.97900369,0.118%,0.001155,2792
41297.379,3696,Bound, ,0.97784839,0.97900369,0.118%,0.001155,2791
41304.827,3697, ,* L  ,0.97784964,0.97900369,0.1179%,0.001154,2792
41312.404,3698, , ,0.97784964,0.97900369,0.1179%,0.001154,2793
41319.838,3699, ,* L  ,0.97785019,0.97900369,0.1178%,0.001153,2794
41327.974,3700, , ,0.97785019,0.97900369,0.1178%,0.001153,2795
41336.597,3701, ,* L  ,0.97785043,0.97900369,0.1178%,0.001153,2796
41343.073,3702,Bound, ,0.97785043,0.97900369,0.1178%,0.001153,2795
41355.208,3703, ,* L  ,0.9778512,0.97900369,0.1177%,0.001152,2796
41362.023,3704, , ,0.9778512,0.97900369,0.1177%,0.001152,2797
41367.837,3705, ,* L  ,0.9778527,0.97900369,0.1176%,0.001151,2798
41372.583,3706,Bound, ,0.9778527,0.97900369,0.1176%,0.001151,2797
41379.204,3707, , ,0.9778527,0.97900369,0.1176%,0.001151,2798
41386.252,3708,Bound, ,0.9778527,0.97900369,0.1176%,0.001151,2797
41394.363,3709, ,* L  ,0.97785277,0.97900369,0.1176%,0.001151,2798
41406.984,3710, , ,0.97785277,0.97900369,0.1176%,0.001151,2799
41415.106,3711, , ,0.97785277,0.97900369,0.1176%,0.001151,2800
41422.483,3712, , ,0.97785277,0.97900369,0.1176%,0.001151,2801
41436.055,3713, , ,0.97785277,0.97900369,0.1176%,0.001151,2802
41444.164,3714, , ,0.97785277,0.97900369,0.1176%,0.001151,2803
41451.745,3715, , ,0.97785277,0.97900369,0.1176%,0.001151,2804
41458.914,3716, , ,0.97785277,0.97900369,0.1176%,0.001151,2805
41465.963,3717, , ,0.97785277,0.97900369,0.1176%,0.001151,2806
41474.471,3718, , ,0.97785277,0.97900369,0.1176%,0.001151,2807
41481.759,3719, ,* L  ,0.97785331,0.97900369,0.1175%,0.00115,2808
41489.285,3720, , ,0.97785331,0.97900369,0.1175%,0.00115,2809
41495.138,3721, ,* L  ,0.97785386,0.97900369,0.1174%,0.00115,2810
41500.273,3722,Bound, ,0.97785386,0.97900369,0.1174%,0.00115,2809
41507.202,3723, ,* L  ,0.97785398,0.97900369,0.1174%,0.00115,2810
41514.042,3724,Bound, ,0.97785398,0.97900369,0.1174%,0.00115,2809
41524.826,3725, , ,0.97785398,0.97900369,0.1174%,0.00115,2810
41533.478,3726, , ,0.97785398,0.97900369,0.1174%,0.00115,2811
41541.258,3727, , ,0.97785398,0.97900369,0.1174%,0.00115,2812
41550.304,3728, , ,0.97785398,0.97900369,0.1174%,0.00115,2813
41559.228,3729, ,* L  ,0.97785435,0.97900369,0.1174%,0.001149,2814
41566.234,3730, , ,0.97785435,0.97900369,0.1174%,0.001149,2815
41574.36,3731, ,* L  ,0.97785469,0.97900369,0.1174%,0.001149,2816
41581.726,3732, , ,0.97785469,0.97900369,0.1174%,0.001149,2817
41589.981,3733, ,* L  ,0.97785499,0.97900369,0.1173%,0.001149,2818
41596.124,3734,Bound, ,0.97785499,0.97900369,0.1173%,0.001149,2817
41603.085,3735, ,* L  ,0.97785515,0.97900369,0.1173%,0.001149,2818
41611.606,3736, , ,0.97785515,0.97900369,0.1173%,0.001149,2819
41619.955,3737, ,* L  ,0.9778558,0.97900369,0.1172%,0.001148,2820
41627.053,3738, , ,0.9778558,0.97900369,0.1172%,0.001148,2821
41635.452,3739, ,* L  ,0.9778563,0.97900369,0.1172%,0.001147,2822
41642.613,3740, , ,0.9778563,0.97900369,0.1172%,0.001147,2823
41654.438,3741, ,* L  ,0.97785702,0.97900369,0.1171%,0.001147,2824
41660.934,3742,Bound, ,0.97785702,0.97900369,0.1171%,0.001147,2823
41668.128,3743, , ,0.97785702,0.97900369,0.1171%,0.001147,2824
41677.2,3744, , ,0.97785702,0.97900369,0.1171%,0.001147,2825
41685.741,3745, , ,0.97785702,0.97900369,0.1171%,0.001147,2826
41695.012,3746, , ,0.97785702,0.97900369,0.1171%,0.001147,2827
41704.731,3747, , ,0.97785702,0.97900369,0.1171%,0.001147,2828
41711.321,3748, , ,0.97785702,0.97900369,0.1171%,0.001147,2829
41719.108,3749, ,* L  ,0.97785752,0.97900369,0.1171%,0.001146,2830
41726.477,3750, , ,0.97785752,0.97900369,0.1171%,0.001146,2831
41733.39,3751, , ,0.97785752,0.97900369,0.1171%,0.001146,2832
41739.916,3752, , ,0.97785752,0.97900369,0.1171%,0.001146,2833
41746.309,3753, ,* L  ,0.97785785,0.97900369,0.117%,0.001146,2834
41752.661,3754,Bound, ,0.97785785,0.97900369,0.117%,0.001146,2833
41759.341,3755, ,* L  ,0.97785785,0.97900369,0.117%,0.001146,2834
41764.657,3756,Bound, ,0.97785785,0.97900369,0.117%,0.001146,2833
41771.855,3757, ,* L  ,0.97785791,0.97900369,0.117%,0.001146,2834
41778.455,3758,Bound, ,0.97785791,0.97900369,0.117%,0.001146,2833
41785.657,3759, ,* L  ,0.97785797,0.97900369,0.117%,0.001146,2834
41793.413,3760, , ,0.97785797,0.97900369,0.117%,0.001146,2835
41800.986,3761, , ,0.97785797,0.97900369,0.117%,0.001146,2836
41807.25,3762,Bound, ,0.97785797,0.97900369,0.117%,0.001146,2835
41813.181,3763,Bound,* L  ,0.97785797,0.97900369,0.117%,0.001146,2834
41819.552,3764,Bound, ,0.97785797,0.97900369,0.117%,0.001146,2833
41827.06,3765, , ,0.97785797,0.97900369,0.117%,0.001146,2834
41833.64,3766,Bound, ,0.97785797,0.97900369,0.117%,0.001146,2833
41841.109,3767, ,* L  ,0.97785799,0.97900369,0.117%,0.001146,2834
41847.761,3768, , ,0.97785799,0.97900369,0.117%,0.001146,2835
41853.843,3769,Bound,* L  ,0.97785802,0.97900369,0.117%,0.001146,2834
41861.366,3770, , ,0.97785802,0.97900369,0.117%,0.001146,2835
41867.871,3771,Bound,* L  ,0.97785806,0.97900369,0.117%,0.001146,2834
41874.388,3772,Bound, ,0.97785806,0.97900369,0.117%,0.001146,2833
41881.84,3773, ,* L  ,0.97785814,0.97900369,0.117%,0.001146,2834
41888.56,3774,Bound, ,0.97785814,0.97900369,0.117%,0.001146,2833
41894.885,3775, ,* L  ,0.97785828,0.97900369,0.117%,0.001145,2834
41900.813,3776,Bound, ,0.97785828,0.97900369,0.117%,0.001145,2833
41908.23,3777, ,* L  ,0.97785841,0.97900369,0.117%,0.001145,2834
41915.325,3778, , ,0.97785841,0.97900369,0.117%,0.001145,2835
41920.435,3779,Bound,* L  ,0.97785845,0.97900369,0.117%,0.001145,2834
41925.117,3780,Bound, ,0.97785845,0.97900369,0.117%,0.001145,2833
41931.166,3781, , ,0.97785845,0.97900369,0.117%,0.001145,2834
41937.675,3782,Bound, ,0.97785845,0.97900369,0.117%,0.001145,2833
41945.565,3783, ,* L  ,0.97785849,0.97900369,0.117%,0.001145,2834
41953.225,3784, , ,0.97785849,0.97900369,0.117%,0.001145,2835
41960.185,3785, , ,0.97785849,0.97900369,0.117%,0.001145,2836
41967.438,3786, , ,0.97785849,0.97900369,0.117%,0.001145,2837
41973.984,3787, ,* L  ,0.97785868,0.97900369,0.117%,0.001145,2838
41980.65,3788, , ,0.97785868,0.97900369,0.117%,0.001145,2839
41988.261,3789, , ,0.97785868,0.97900369,0.117%,0.001145,2840
41995.223,3790, , ,0.97785868,0.97900369,0.117%,0.001145,2841
42002.494,3791, ,* L  ,0.97785868,0.97900369,0.117%,0.001145,2842
42008.827,3792, , ,0.97785868,0.97900369,0.117%,0.001145,2843
42015.74,3793, ,* L  ,0.97785878,0.97900369,0.1169%,0.001145,2844
42022.737,3794,Bound, ,0.97785878,0.97900369,0.1169%,0.001145,2843
42029.893,3795, ,* L  ,0.97785902,0.97900369,0.1169%,0.001145,2844
42037.255,3796, , ,0.97785902,0.97900369,0.1169%,0.001145,2845
42044.581,3797, , ,0.97785902,0.97900369,0.1169%,0.001145,2846
42052.621,3798, , ,0.97785902,0.97900369,0.1169%,0.001145,2847
42060.352,3799, ,* L  ,0.97785914,0.97900369,0.1169%,0.001145,2848
42065.627,3800,Bound, ,0.97785914,0.97900369,0.1169%,0.001145,2847
42073.353,3801, ,* L  ,0.97785916,0.97900369,0.1169%,0.001145,2848
42079.65,3802, , ,0.97785916,0.97900369,0.1169%,0.001145,2849
42087.176,3803, , ,0.97785916,0.97900369,0.1169%,0.001145,2850
42093.443,3804, , ,0.97785916,0.97900369,0.1169%,0.001145,2851
42099.897,3805, ,* L  ,0.9778592,0.97900369,0.1169%,0.001144,2852
42107.419,3806, , ,0.9778592,0.97900369,0.1169%,0.001144,2853
42113.997,3807, , ,0.9778592,0.97900369,0.1169%,0.001144,2854
42121.415,3808, , ,0.9778592,0.97900369,0.1169%,0.001144,2855
42128.977,3809, ,* L  ,0.97785927,0.97900369,0.1169%,0.001144,2856
42135.88,3810, , ,0.97785927,0.97900369,0.1169%,0.001144,2857
42143.115,3811, ,* L  ,0.97785928,0.97900369,0.1169%,0.001144,2858
42150.352,3812, , ,0.97785928,0.97900369,0.1169%,0.001144,2859
42158.208,3813, ,* L  ,0.97785938,0.97900369,0.1169%,0.001144,2860
42165.42,3814, , ,0.97785938,0.97900369,0.1169%,0.001144,2861
42171.597,3815,Bound,* L  ,0.97785965,0.97900369,0.1169%,0.001144,2860
42178.417,3816, , ,0.97785965,0.97900369,0.1169%,0.001144,2861
42185.532,3817, , ,0.97785965,0.97900369,0.1169%,0.001144,2862
42191.28,3818, , ,0.97785965,0.97900369,0.1169%,0.001144,2863
42199.458,3819, ,* L  ,0.97785966,0.97900369,0.1169%,0.001144,2864
42206.176,3820, , ,0.97785966,0.97900369,0.1169%,0.001144,2865
42213.252,3821, ,* L  ,0.97785971,0.97900369,0.1169%,0.001144,2866
42220.755,3822, , ,0.97785971,0.97900369,0.1169%,0.001144,2867
42227.446,3823, , ,0.97785971,0.97900369,0.1169%,0.001144,2868
42235.06,3824, , ,0.97785971,0.97900369,0.1169%,0.001144,2869
42242.906,3825, ,* L  ,0.97785973,0.97900369,0.1168%,0.001144,2870
42250.067,3826,Bound, ,0.97785973,0.97900369,0.1168%,0.001144,2869
42258.05,3827, ,* L  ,0.97785975,0.97900369,0.1168%,0.001144,2870
42264.851,3828,Bound, ,0.97785975,0.97900369,0.1168%,0.001144,2869
42271.929,3829, ,* L  ,0.97785983,0.97900369,0.1168%,0.001144,2870
42277.904,3830,Bound, ,0.97785983,0.97900369,0.1168%,0.001144,2869
42283.909,3831,Bound, ,0.97785983,0.97900369,0.1168%,0.001144,2868
42291.619,3832, , ,0.97785983,0.97900369,0.1168%,0.001144,2869
42299.239,3833, ,* L  ,0.97785985,0.97900369,0.1168%,0.001144,2870
42306.1,3834, , ,0.97785985,0.97900369,0.1168%,0.001144,2871
42312.993,3835, , ,0.97785985,0.97900369,0.1168%,0.001144,2872
42320.393,3836, , ,0.97785985,0.97900369,0.1168%,0.001144,2873
42327.303,3837, ,* L  ,0.97785993,0.97900369,0.1168%,0.001144,2874
42334.561,3838,Bound, ,0.97785993,0.97900369,0.1168%,0.001144,2873
42341.614,3839, ,* L  ,0.97786003,0.97900369,0.1168%,0.001144,2874
42349.184,3840, , ,0.97786003,0.97900369,0.1168%,0.001144,2875
42356.178,3841, ,* L  ,0.97786005,0.97900369,0.1168%,0.001144,2876
42363.669,3842,Bound, ,0.97786005,0.97900369,0.1168%,0.001144,2875
42371.717,3843, ,* L  ,0.97786006,0.97900369,0.1168%,0.001144,2876
42378.286,3844,Bound, ,0.97786006,0.97900369,0.1168%,0.001144,2875
42385.844,3845, ,* L  ,0.97786011,0.97900369,0.1168%,0.001144,2876
42392.95,3846, , ,0.97786011,0.97900369,0.1168%,0.001144,2877
42400.141,3847, ,* L  ,0.97786013,0.97900369,0.1168%,0.001144,2878
42406.929,3848, , ,0.97786013,0.97900369,0.1168%,0.001144,2879
42414.37,3849, ,* L  ,0.97786015,0.97900369,0.1168%,0.001144,2880
42421.028,3850, , ,0.97786015,0.97900369,0.1168%,0.001144,2881
42428.367,3851, , ,0.97786015,0.97900369,0.1168%,0.001144,2882
42434.5,3852, , ,0.97786015,0.97900369,0.1168%,0.001144,2883
42440.99,3853, ,* L  ,0.97786016,0.97900369,0.1168%,0.001144,2884
42448.175,3854, , ,0.97786016,0.97900369,0.1168%,0.001144,2885
42455.576,3855, , ,0.97786016,0.97900369,0.1168%,0.001144,2886
42462.828,3856, , ,0.97786016,0.97900369,0.1168%,0.001144,2887
42471.283,3857, ,* L  ,0.97786025,0.97900369,0.1168%,0.001143,2888
42479.437,3858, , ,0.97786025,0.97900369,0.1168%,0.001143,2889
42486.378,3859, ,* L  ,0.97786031,0.97900369,0.1168%,0.001143,2890
42492.956,3860, , ,0.97786031,0.97900369,0.1168%,0.001143,2891
42500.215,3861, ,* L  ,0.97786038,0.97900369,0.1168%,0.001143,2892
42507.083,3862, , ,0.97786038,0.97900369,0.1168%,0.001143,2893
42515.102,3863, ,* L  ,0.97786039,0.97900369,0.1168%,0.001143,2894
42522.339,3864, , ,0.97786039,0.97900369,0.1168%,0.001143,2895
42530.617,3865, ,* L  ,0.97786048,0.97900369,0.1168%,0.001143,2896
42538.632,3866, , ,0.97786048,0.97900369,0.1168%,0.001143,2897
42546.223,3867, , ,0.97786048,0.97900369,0.1168%,0.001143,2898
42552.67,3868, , ,0.97786048,0.97900369,0.1168%,0.001143,2899
42559.581,3869, ,* L  ,0.97786136,0.97900369,0.1167%,0.001142,2900
42565.118,3870, , ,0.97786136,0.97900369,0.1167%,0.001142,2901
42570.68,3871,Bound, ,0.97786136,0.97900369,0.1167%,0.001142,2900
42577.378,3872, , ,0.97786136,0.97900369,0.1167%,0.001142,2901
42582.658,3873,Bound,* L  ,0.97786186,0.97900369,0.1166%,0.001142,2900
42590.491,3874, , ,0.97786186,0.97900369,0.1166%,0.001142,2901
42598.065,3875, , ,0.97786186,0.97900369,0.1166%,0.001142,2902
42604.564,3876, , ,0.97786186,0.97900369,0.1166%,0.001142,2903
42611.109,3877, ,* L  ,0.97786221,0.97900369,0.1166%,0.001141,2904
42619.149,3878, , ,0.97786221,0.97900369,0.1166%,0.001141,2905
42627.248,3879, , ,0.97786221,0.97900369,0.1166%,0.001141,2906
42634.439,3880,Bound, ,0.97786221,0.97900369,0.1166%,0.001141,2905
42640.298,3881,Bound,* L  ,0.97786339,0.97900369,0.1165%,0.00114,2904
42647.284,3882, , ,0.97786339,0.97900369,0.1165%,0.00114,2905
42652.843,3883,Bound,* L  ,0.97786374,0.97900369,0.1164%,0.00114,2904
42659.332,3884,Bound, ,0.97786374,0.97900369,0.1164%,0.00114,2903
42667.37,3885, ,* L  ,0.97786412,0.97900369,0.1164%,0.00114,2904
42673.585,3886,Bound, ,0.97786412,0.97900369,0.1164%,0.00114,2903
42681.18,3887, ,* L  ,0.97786474,0.97900369,0.1163%,0.001139,2904
42687.796,3888, , ,0.97786474,0.97900369,0.1163%,0.001139,2905
42695.568,3889, ,* L  ,0.97786508,0.97900369,0.1163%,0.001139,2906
42702.827,3890, , ,0.97786508,0.97900369,0.1163%,0.001139,2907
42708.981,3891,Bound,* L  ,0.97786517,0.97900369,0.1163%,0.001139,2906
42716.251,3892, , ,0.97786517,0.97900369,0.1163%,0.001139,2907
42723.781,3893, , ,0.97786517,0.97900369,0.1163%,0.001139,2908
42729.234,3894,Bound, ,0.97786517,0.97900369,0.1163%,0.001139,2907
42735.514,3895,Bound,* L  ,0.97786525,0.97900369,0.1163%,0.001138,2906
42741.367,3896,Bound, ,0.97786525,0.97900369,0.1163%,0.001138,2905
42748.163,3897, , ,0.97786525,0.97900369,0.1163%,0.001138,2906
42754.296,3898,Bound, ,0.97786525,0.97900369,0.1163%,0.001138,2905
42761.681,3899, ,* L  ,0.97786532,0.97900369,0.1163%,0.001138,2906
42769.102,3900, , ,0.97786532,0.97900369,0.1163%,0.001138,2907
42775.134,3901,Bound,* L  ,0.97786545,0.97900369,0.1163%,0.001138,2906
42782.932,3902, , ,0.97786545,0.97900369,0.1163%,0.001138,2907
42790.173,3903, ,* L  ,0.97786552,0.97900369,0.1163%,0.001138,2908
42798.014,3904, , ,0.97786552,0.97900369,0.1163%,0.001138,2909
42805.647,3905, ,* L  ,0.97786596,0.97900369,0.1162%,0.001138,2910
42811.993,3906,Bound, ,0.97786596,0.97900369,0.1162%,0.001138,2909
42818.141,3907,Bound, ,0.97786596,0.97900369,0.1162%,0.001138,2908
42825.619,3908, , ,0.97786596,0.97900369,0.1162%,0.001138,2909
42832.053,3909, ,* L  ,0.97786604,0.97900369,0.1162%,0.001138,2910
42837.954,3910,Bound, ,0.97786604,0.97900369,0.1162%,0.001138,2909
42845.965,3911, ,* L  ,0.9778663,0.97900369,0.1162%,0.001137,2910
42852.474,3912,Bound, ,0.9778663,0.97900369,0.1162%,0.001137,2909
42860.927,3913, ,* L  ,0.97786653,0.97900369,0.1162%,0.001137,2910
42867.508,3914,Bound, ,0.97786653,0.97900369,0.1162%,0.001137,2909
42877.645,3915, , ,0.97786653,0.97900369,0.1162%,0.001137,2910
42887.143,3916, , ,0.97786653,0.97900369,0.1162%,0.001137,2911
42894.498,3917, , ,0.97786653,0.97900369,0.1162%,0.001137,2912
42902.736,3918, , ,0.97786653,0.97900369,0.1162%,0.001137,2913
42914.456,3919, , ,0.97786653,0.97900369,0.1162%,0.001137,2914
42921.945,3920, , ,0.97786653,0.97900369,0.1162%,0.001137,2915
42929.973,3921, ,* L  ,0.97786763,0.97900369,0.116%,0.001136,2916
42936.71,3922, , ,0.97786763,0.97900369,0.116%,0.001136,2917
42942.906,3923,Bound, ,0.97786763,0.97900369,0.116%,0.001136,2916
42949.846,3924, , ,0.97786763,0.97900369,0.116%,0.001136,2917
42955.904,3925,Bound,* L  ,0.97786866,0.97900369,0.1159%,0.001135,2916
42963.413,3926, , ,0.97786866,0.97900369,0.1159%,0.001135,2917
42970.562,3927, ,* L  ,0.97786885,0.97900369,0.1159%,0.001135,2918
42977.882,3928, , ,0.97786885,0.97900369,0.1159%,0.001135,2919
42985.012,3929, , ,0.97786885,0.97900369,0.1159%,0.001135,2920
42990.951,3930, , ,0.97786885,0.97900369,0.1159%,0.001135,2921
42997.467,3931, ,* L  ,0.97786918,0.97900369,0.1159%,0.001135,2922
43003.853,3932,Bound, ,0.97786918,0.97900369,0.1159%,0.001135,2921
43011.696,3933, ,* L  ,0.97786947,0.97900369,0.1159%,0.001134,2922
43019.292,3934, , ,0.97786947,0.97900369,0.1159%,0.001134,2923
43024.971,3935,Bound,* L  ,0.97786962,0.97900369,0.1158%,0.001134,2922
43030.831,3936,Bound, ,0.97786962,0.97900369,0.1158%,0.001134,2921
43037.055,3937, , ,0.97786962,0.97900369,0.1158%,0.001134,2922
43044.051,3938, , ,0.97786962,0.97900369,0.1158%,0.001134,2923
43049.953,3939,Bound,* L  ,0.97786981,0.97900369,0.1158%,0.001134,2922
43057.012,3940, , ,0.97786981,0.97900369,0.1158%,0.001134,2923
43063.776,3941, ,* L  ,0.97786993,0.97900369,0.1158%,0.001134,2924
43070.175,3942,Bound, ,0.97786993,0.97900369,0.1158%,0.001134,2923
43078.541,3943, ,* L  ,0.97787,0.97900369,0.1158%,0.001134,2924
43083.834,3944,Bound, ,0.97787,0.97900369,0.1158%,0.001134,2923
43091.481,3945, ,* L  ,0.97787127,0.97900369,0.1157%,0.001132,2924
43098.733,3946, , ,0.97787127,0.97900369,0.1157%,0.001132,2925
43105.402,3947,Bound,* L  ,0.9778715,0.97900369,0.1156%,0.001132,2924
43112.362,3948, , ,0.9778715,0.97900369,0.1156%,0.001132,2925
43119.912,3949, ,* L  ,0.97787173,0.97900369,0.1156%,0.001132,2926
43129.353,3950, , ,0.97787173,0.97900369,0.1156%,0.001132,2927
43136.988,3951, ,* L  ,0.97787347,0.97900369,0.1154%,0.00113,2928
43143.647,3952, , ,0.97787347,0.97900369,0.1154%,0.00113,2929
43151.313,3953, ,* L  ,0.97787382,0.97900369,0.1154%,0.00113,2930
43158.184,3954, , ,0.97787382,0.97900369,0.1154%,0.00113,2931
43166.003,3955, ,* L  ,0.97787484,0.97900369,0.1153%,0.001129,2932
43172.761,3956,Bound, ,0.97787484,0.97900369,0.1153%,0.001129,2931
43180.519,3957, ,* L  ,0.97787691,0.97900369,0.1151%,0.001127,2932
43187.014,3958, , ,0.97787691,0.97900369,0.1151%,0.001127,2933
43194.726,3959, ,* L  ,0.97787716,0.97900369,0.1151%,0.001127,2934
43201.348,3960, , ,0.97787716,0.97900369,0.1151%,0.001127,2935
43207.573,3961, ,* L  ,0.97787741,0.97900369,0.115%,0.001126,2936
43213.088,3962, , ,0.97787741,0.97900369,0.115%,0.001126,2937
43218.014,3963,Bound, ,0.97787741,0.97900369,0.115%,0.001126,2936
43224.931,3964,Bound, ,0.97787741,0.97900369,0.115%,0.001126,2935
43232.554,3965, ,* L  ,0.97787742,0.97900369,0.115%,0.001126,2936
43238.871,3966,Bound, ,0.97787742,0.97900369,0.115%,0.001126,2935
43245.911,3967, ,* L  ,0.97787901,0.97900369,0.1149%,0.001125,2936
43251.982,3968,Bound, ,0.97787901,0.97900369,0.1149%,0.001125,2935
43259.12,3969, ,* L  ,0.97787909,0.97900369,0.1149%,0.001125,2936
43266.473,3970, , ,0.97787909,0.97900369,0.1149%,0.001125,2937
43273.927,3971, ,* L  ,0.97787911,0.97900369,0.1149%,0.001125,2938
43283.01,3972, , ,0.97787911,0.97900369,0.1149%,0.001125,2939
43291.474,3973, ,* L  ,0.97787983,0.97900369,0.1148%,0.001124,2940
43300.097,3974, , ,0.97787983,0.97900369,0.1148%,0.001124,2941
43307.634,3975, ,* L  ,0.97788007,0.97900369,0.1148%,0.001124,2942
43316.642,3976, , ,0.97788007,0.97900369,0.1148%,0.001124,2943
43324.346,3977, ,* L  ,0.97788044,0.97900369,0.1147%,0.001123,2944
43332.82,3978, , ,0.97788044,0.97900369,0.1147%,0.001123,2945
43341.5,3979, ,* L  ,0.97788176,0.97900369,0.1146%,0.001122,2946
43349.012,3980,Bound, ,0.97788176,0.97900369,0.1146%,0.001122,2945
43356.303,3981, ,* L  ,0.97788208,0.97900369,0.1146%,0.001122,2946
43363.667,3982, , ,0.97788208,0.97900369,0.1146%,0.001122,2947
43370.707,3983,Bound,* L  ,0.97788247,0.97900369,0.1145%,0.001121,2946
43377.76,3984, , ,0.97788247,0.97900369,0.1145%,0.001121,2947
43385.106,3985,Bound, ,0.97788247,0.97900369,0.1145%,0.001121,2946
43392.091,3986,Bound, ,0.97788247,0.97900369,0.1145%,0.001121,2945
43399.466,3987, ,* L  ,0.97788251,0.97900369,0.1145%,0.001121,2946
43404.987,3988,Bound, ,0.97788251,0.97900369,0.1145%,0.001121,2945
43410.511,3989, ,* L  ,0.97788259,0.97900369,0.1145%,0.001121,2946
43414.852,3990,Bound, ,0.97788259,0.97900369,0.1145%,0.001121,2945
43419.88,3991, ,* L  ,0.97788301,0.97900369,0.1145%,0.001121,2946
43429.914,3992, , ,0.97788301,0.97900369,0.1145%,0.001121,2947
43442.335,3993, ,* L  ,0.97788318,0.97900369,0.1145%,0.001121,2948
43448.635,3994,Bound, ,0.97788318,0.97900369,0.1145%,0.001121,2947
43457.122,3995, ,* L  ,0.97788403,0.97900369,0.1144%,0.00112,2948
43463.868,3996,Bound, ,0.97788403,0.97900369,0.1144%,0.00112,2947
43470.801,3997, ,* L  ,0.97788474,0.97900369,0.1143%,0.001119,2948
43477.813,3998,Bound, ,0.97788474,0.97900369,0.1143%,0.001119,2947
43485.291,3999, ,* L  ,0.97788513,0.97900369,0.1143%,0.001119,2948
43492.106,4000,Bound, ,0.97788513,0.97900369,0.1143%,0.001119,2947
43500.177,4001, ,* L  ,0.97788538,0.97900369,0.1142%,0.001118,2948
43507.547,4002, , ,0.97788538,0.97900369,0.1142%,0.001118,2949
43514.876,4003, ,* L  ,0.97788549,0.97900369,0.1142%,0.001118,2950
43521.381,4004, , ,0.97788549,0.97900369,0.1142%,0.001118,2951
43529.084,4005, , ,0.97788549,0.97900369,0.1142%,0.001118,2952
43536.256,4006, , ,0.97788549,0.97900369,0.1142%,0.001118,2953
43542.88,4007, ,* L  ,0.9778862,0.97900369,0.1141%,0.001117,2954
43549.37,4008, , ,0.9778862,0.97900369,0.1141%,0.001117,2955
43556.318,4009, , ,0.9778862,0.97900369,0.1141%,0.001117,2956
43562.019,4010, , ,0.9778862,0.97900369,0.1141%,0.001117,2957
43569.625,4011, ,* L  ,0.97788714,0.97900369,0.114%,0.001117,2958
43576.463,4012, , ,0.97788714,0.97900369,0.114%,0.001117,2959
43582.314,4013, ,* L  ,0.9778889,0.97900369,0.1139%,0.001115,2960
43591.622,4014, , ,0.9778889,0.97900369,0.1139%,0.001115,2961
43599.642,4015, ,* L  ,0.97789068,0.97900369,0.1137%,0.001113,2962
43606.936,4016, , ,0.97789068,0.97900369,0.1137%,0.001113,2963
43614.185,4017, ,* L  ,0.97789139,0.97900369,0.1136%,0.001112,2964
43620.709,4018,Bound, ,0.97789139,0.97900369,0.1136%,0.001112,2963
43627.802,4019, ,* L  ,0.97789318,0.97900369,0.1134%,0.001111,2964
43635.047,4020, , ,0.97789318,0.97900369,0.1134%,0.001111,2965
43643.013,4021, ,* L  ,0.97789455,0.97900369,0.1133%,0.001109,2966
43648.938,4022,Bound, ,0.97789455,0.97900369,0.1133%,0.001109,2965
43656.143,4023, ,* L  ,0.97789519,0.97900369,0.1132%,0.001108,2966
43662.603,4024,Bound, ,0.97789519,0.97900369,0.1132%,0.001108,2965
43669.807,4025, ,* L  ,0.97789522,0.97900369,0.1132%,0.001108,2966
43677.094,4026, , ,0.97789522,0.97900369,0.1132%,0.001108,2967
43684.921,4027, ,* L  ,0.97789658,0.97900369,0.1131%,0.001107,2968
43692.587,4028, , ,0.97789658,0.97900369,0.1131%,0.001107,2969
43700.85,4029, ,* L  ,0.97789692,0.97900369,0.113%,0.001107,2970
43707.294,4030,Bound, ,0.97789692,0.97900369,0.113%,0.001107,2969
43715.141,4031, ,* L  ,0.9778971,0.97900369,0.113%,0.001107,2970
43721.895,4032,Bound, ,0.9778971,0.97900369,0.113%,0.001107,2969
43729.972,4033, ,* L  ,0.97789947,0.97900369,0.1128%,0.001104,2970
43737.495,4034, , ,0.97789947,0.97900369,0.1128%,0.001104,2971
43743.892,4035,Bound,* L  ,0.97790191,0.97900369,0.1125%,0.001102,2970
43750.35,4036,Bound, ,0.97790191,0.97900369,0.1125%,0.001102,2969
43757.41,4037, , ,0.97790191,0.97900369,0.1125%,0.001102,2970
43763.392,4038,Bound, ,0.97790191,0.97900369,0.1125%,0.001102,2969
43771.279,4039, ,* L  ,0.97790247,0.97900369,0.1125%,0.001101,2970
43779.044,4040, , ,0.97790247,0.97900369,0.1125%,0.001101,2971
43785.545,4041,Bound, ,0.97790247,0.97900369,0.1125%,0.001101,2970
43791.176,4042,Bound, ,0.97790247,0.97900369,0.1125%,0.001101,2969
43798.971,4043, ,* L  ,0.9779036,0.97900369,0.1124%,0.0011,2970
43807.124,4044, , ,0.9779036,0.97900369,0.1124%,0.0011,2971
43813.762,4045,Bound, ,0.9779036,0.97900369,0.1124%,0.0011,2970
43821.365,4046, , ,0.9779036,0.97900369,0.1124%,0.0011,2971
43828.13,4047,Bound,* L  ,0.977904,0.97900369,0.1123%,0.0011,2970
43837.843,4048, , ,0.977904,0.97900369,0.1123%,0.0011,2971
43844.389,4049, ,* L  ,0.97790456,0.97900369,0.1123%,0.001099,2972
43857.377,4050, , ,0.97790456,0.97900369,0.1123%,0.001099,2973
43863.947,4051,Bound,* L  ,0.97790582,0.97900369,0.1121%,0.001098,2972
43870.186,4052,Bound, ,0.97790582,0.97900369,0.1121%,0.001098,2971
43876.786,4053, , ,0.97790582,0.97900369,0.1121%,0.001098,2972
43882.562,4054,Bound, ,0.97790582,0.97900369,0.1121%,0.001098,2971
43890.502,4055, ,* L  ,0.97790625,0.97900369,0.1121%,0.001097,2972
43897.508,4056, , ,0.97790625,0.97900369,0.1121%,0.001097,2973
43905.081,4057, ,* L  ,0.97790625,0.97900369,0.1121%,0.001097,2974
43912.131,4058, , ,0.97790625,0.97900369,0.1121%,0.001097,2975
43918.85,4059,Bound,* L  ,0.97790628,0.97900369,0.1121%,0.001097,2974
43925.11,4060,Bound, ,0.97790628,0.97900369,0.1121%,0.001097,2973
43932.438,4061, , ,0.97790628,0.97900369,0.1121%,0.001097,2974
43938.323,4062,Bound, ,0.97790628,0.97900369,0.1121%,0.001097,2973
43946.185,4063, ,* L  ,0.97790632,0.97900369,0.1121%,0.001097,2974
43951.771,4064, , ,0.97790632,0.97900369,0.1121%,0.001097,2975
43956.622,4065,Bound,* L  ,0.97790637,0.97900369,0.1121%,0.001097,2974
43961.464,4066,Bound, ,0.97790637,0.97900369,0.1121%,0.001097,2973
43967.58,4067,Bound, ,0.97790637,0.97900369,0.1121%,0.001097,2972
43974.695,4068, , ,0.97790637,0.97900369,0.1121%,0.001097,2973
43981.746,4069, ,* L  ,0.9779064,0.97900369,0.1121%,0.001097,2974
43990.003,4070, , ,0.9779064,0.97900369,0.1121%,0.001097,2975
43996.227,4071,Bound, ,0.9779064,0.97900369,0.1121%,0.001097,2974
44002.941,4072, , ,0.9779064,0.97900369,0.1121%,0.001097,2975
44008.926,4073,Bound,* L  ,0.9779064,0.97900369,0.1121%,0.001097,2974
44016.079,4074, , ,0.9779064,0.97900369,0.1121%,0.001097,2975
44022.242,4075,Bound,* L  ,0.9779064,0.97900369,0.1121%,0.001097,2974
44030.361,4076, , ,0.9779064,0.97900369,0.1121%,0.001097,2975
44036.187,4077,Bound, ,0.9779064,0.97900369,0.1121%,0.001097,2974
44042.057,4078,Bound, ,0.9779064,0.97900369,0.1121%,0.001097,2973
44048.749,4079, ,* L  ,0.97790659,0.97900369,0.1121%,0.001097,2974
44054.656,4080,Bound, ,0.97790659,0.97900369,0.1121%,0.001097,2973
44061.018,4081, ,* L  ,0.9779066,0.97900369,0.1121%,0.001097,2974
44068.384,4082, , ,0.9779066,0.97900369,0.1121%,0.001097,2975
44075.001,4083,Bound,* L  ,0.97790671,0.97900369,0.1121%,0.001097,2974
44081.883,4084, , ,0.97790671,0.97900369,0.1121%,0.001097,2975
44088.105,4085,Bound,* L  ,0.97790692,0.97900369,0.112%,0.001097,2974
44094.947,4086,Bound, ,0.97790692,0.97900369,0.112%,0.001097,2973
44103.166,4087, , ,0.97790692,0.97900369,0.112%,0.001097,2974
44109.953,4088,Bound, ,0.97790692,0.97900369,0.112%,0.001097,2973
44117.322,4089, ,* L  ,0.97790692,0.97900369,0.112%,0.001097,2974
44125.156,4090, , ,0.97790692,0.97900369,0.112%,0.001097,2975
44130.97,4091,Bound,* L  ,0.97790708,0.97900369,0.112%,0.001097,2974
44136.703,4092,Bound, ,0.97790708,0.97900369,0.112%,0.001097,2973
44142.285,4093, ,* L  ,0.97790741,0.97900369,0.112%,0.001096,2974
44147.222,4094,Bound, ,0.97790741,0.97900369,0.112%,0.001096,2973
44153.307,4095, , ,0.97790741,0.97900369,0.112%,0.001096,2974
44159.52,4096,Bound, ,0.97790741,0.97900369,0.112%,0.001096,2973
44166.75,4097, ,* L  ,0.97790744,0.97900369,0.112%,0.001096,2974
44173.671,4098,Bound, ,0.97790744,0.97900369,0.112%,0.001096,2973
44181.17,4099, , ,0.97790744,0.97900369,0.112%,0.001096,2974
44188.987,4100, , ,0.97790744,0.97900369,0.112%,0.001096,2975
44195.789,4101,Bound,* L  ,0.97790747,0.97900369,0.112%,0.001096,2974
44203.087,4102, , ,0.97790747,0.97900369,0.112%,0.001096,2975
44208.96,4103,Bound,* L  ,0.97790764,0.97900369,0.112%,0.001096,2974
44215.7,4104,Bound, ,0.97790764,0.97900369,0.112%,0.001096,2973
44222.952,4105, ,* L  ,0.97790769,0.97900369,0.1119%,0.001096,2974
44229.151,4106,Bound, ,0.97790769,0.97900369,0.1119%,0.001096,2973
44235.573,4107, , ,0.97790769,0.97900369,0.1119%,0.001096,2974
44241.479,4108,Bound, ,0.97790769,0.97900369,0.1119%,0.001096,2973
44248.838,4109, ,* L  ,0.97790773,0.97900369,0.1119%,0.001096,2974
44255.417,4110,Bound, ,0.97790773,0.97900369,0.1119%,0.001096,2973
44263.071,4111, ,* L  ,0.97790777,0.97900369,0.1119%,0.001096,2974
44270.147,4112,Bound, ,0.97790777,0.97900369,0.1119%,0.001096,2973
44277.341,4113, ,* L  ,0.9779078,0.97900369,0.1119%,0.001096,2974
44282.948,4114,Bound, ,0.9779078,0.97900369,0.1119%,0.001096,2973
44290.747,4115, , ,0.9779078,0.97900369,0.1119%,0.001096,2974
44296.957,4116,Bound, ,0.9779078,0.97900369,0.1119%,0.001096,2973
44304.232,4117, ,* L  ,0.97790788,0.97900369,0.1119%,0.001096,2974
44311.258,4118,Bound, ,0.97790788,0.97900369,0.1119%,0.001096,2973
44318.749,4119, ,* L  ,0.97790791,0.97900369,0.1119%,0.001096,2974
44325.983,4120, , ,0.97790791,0.97900369,0.1119%,0.001096,2975
44332.391,4121,Bound,* L  ,0.97790791,0.97900369,0.1119%,0.001096,2974
44340.582,4122, , ,0.97790791,0.97900369,0.1119%,0.001096,2975
44347.62,4123,Bound,* L  ,0.97790791,0.97900369,0.1119%,0.001096,2974
44354.171,4124, , ,0.97790791,0.97900369,0.1119%,0.001096,2975
44361.637,4125, ,* L  ,0.977908,0.97900369,0.1119%,0.001096,2976
44368.86,4126, , ,0.977908,0.97900369,0.1119%,0.001096,2977
44375.333,4127,Bound,* L  ,0.97790801,0.97900369,0.1119%,0.001096,2976
44382.968,4128, , ,0.97790801,0.97900369,0.1119%,0.001096,2977
44389.156,4129,Bound,* L  ,0.9779081,0.97900369,0.1119%,0.001096,2976
44395.501,4130,Bound, ,0.9779081,0.97900369,0.1119%,0.001096,2975
44403.446,4131, ,* L  ,0.97790813,0.97900369,0.1119%,0.001096,2976
44410.201,4132,Bound, ,0.97790813,0.97900369,0.1119%,0.001096,2975
44417.595,4133, ,* L  ,0.97790896,0.97900369,0.1118%,0.001095,2976
44424.146,4134,Bound, ,0.97790896,0.97900369,0.1118%,0.001095,2975
44429.381,4135, , ,0.97790896,0.97900369,0.1118%,0.001095,2976
44434.032,4136,Bound, ,0.97790896,0.97900369,0.1118%,0.001095,2975
44439.312,4137, ,* L  ,0.97790904,0.97900369,0.1118%,0.001095,2976
44446.135,4138, , ,0.97790904,0.97900369,0.1118%,0.001095,2977
44452.108,4139,Bound,* L  ,0.9779092,0.97900369,0.1118%,0.001094,2976
44458.462,4140,Bound, ,0.9779092,0.97900369,0.1118%,0.001094,2975
44465.755,4141, ,* L  ,0.97790964,0.97900369,0.1118%,0.001094,2976
44472.593,4142, , ,0.97790964,0.97900369,0.1118%,0.001094,2977
44480.609,4143, ,* L  ,0.97790985,0.97900369,0.1117%,0.001094,2978
44487.409,4144,Bound, ,0.97790985,0.97900369,0.1117%,0.001094,2977
44495.153,4145, , ,0.97790985,0.97900369,0.1117%,0.001094,2978
44502.383,4146, , ,0.97790985,0.97900369,0.1117%,0.001094,2979
44507.919,4147,Bound,* L  ,0.97791029,0.97900369,0.1117%,0.001093,2978
44515.709,4148, , ,0.97791029,0.97900369,0.1117%,0.001093,2979
44524.019,4149, ,* L  ,0.97791031,0.97900369,0.1117%,0.001093,2980
44531.605,4150, , ,0.97791031,0.97900369,0.1117%,0.001093,2981
44537.41,4151,Bound, ,0.97791031,0.97900369,0.1117%,0.001093,2980
44545.132,4152, , ,0.97791031,0.97900369,0.1117%,0.001093,2981
44551.204,4153,Bound,* L  ,0.97791051,0.97900369,0.1117%,0.001093,2980
44557.431,4154,Bound, ,0.97791051,0.97900369,0.1117%,0.001093,2979
44564.524,4155, ,* L  ,0.97791062,0.97900369,0.1117%,0.001093,2980
44572.291,4156, , ,0.97791062,0.97900369,0.1117%,0.001093,2981
44579.757,4157,Bound,* L  ,0.97791116,0.97900369,0.1116%,0.001093,2980
44587.085,4158, , ,0.97791116,0.97900369,0.1116%,0.001093,2981
44594.539,4159, ,* L  ,0.9779129,0.97900369,0.1114%,0.001091,2982
44600.863,4160, , ,0.9779129,0.97900369,0.1114%,0.001091,2983
44609.022,4161, ,* L  ,0.97791396,0.97900369,0.1113%,0.00109,2984
44616.155,4162, , ,0.97791396,0.97900369,0.1113%,0.00109,2985
44623.704,4163, ,* L  ,0.9779146,0.97900369,0.1112%,0.001089,2986
44630.522,4164,Bound, ,0.9779146,0.97900369,0.1112%,0.001089,2985
44637.84,4165, ,* L  ,0.97791468,0.97900369,0.1112%,0.001089,2986
44644.065,4166, , ,0.97791468,0.97900369,0.1112%,0.001089,2987
44649.599,4167,Bound, ,0.97791468,0.97900369,0.1112%,0.001089,2986
44656.165,4168,Bound, ,0.97791468,0.97900369,0.1112%,0.001089,2985
44663.013,4169, ,* L  ,0.97791477,0.97900369,0.1112%,0.001089,2986
44669.147,4170,Bound, ,0.97791477,0.97900369,0.1112%,0.001089,2985
44676.086,4171, , ,0.97791477,0.97900369,0.1112%,0.001089,2986
44683.005,4172, , ,0.97791477,0.97900369,0.1112%,0.001089,2987
44689.077,4173,Bound,* L  ,0.97791483,0.97900369,0.1112%,0.001089,2986
44695.577,4174,Bound, ,0.97791483,0.97900369,0.1112%,0.001089,2985
44703.45,4175, ,* L  ,0.97791507,0.97900369,0.1112%,0.001089,2986
44710.112,4176, , ,0.97791507,0.97900369,0.1112%,0.001089,2987
44715.487,4177,Bound,* L  ,0.97791548,0.97900369,0.1112%,0.001088,2986
44722.265,4178, , ,0.97791548,0.97900369,0.1112%,0.001088,2987
44727.966,4179,Bound, ,0.97791548,0.97900369,0.1112%,0.001088,2986
44734.663,4180,Bound, ,0.97791548,0.97900369,0.1112%,0.001088,2985
44741.748,4181, ,* L  ,0.97791556,0.97900369,0.1111%,0.001088,2986
44749.163,4182, , ,0.97791556,0.97900369,0.1111%,0.001088,2987
44755.321,4183,Bound,* L  ,0.97791599,0.97900369,0.1111%,0.001088,2986
44761.749,4184,Bound, ,0.97791599,0.97900369,0.1111%,0.001088,2985
44769.637,4185, , ,0.97791599,0.97900369,0.1111%,0.001088,2986
44776.205,4186,Bound, ,0.97791599,0.97900369,0.1111%,0.001088,2985
44783.81,4187, ,* L  ,0.97791671,0.97900369,0.111%,0.001087,2986
44790.59,4188,Bound, ,0.97791671,0.97900369,0.111%,0.001087,2985
44798.323,4189, , ,0.97791671,0.97900369,0.111%,0.001087,2986
44805.247,4190,Bound, ,0.97791671,0.97900369,0.111%,0.001087,2985
44812.117,4191, ,* L  ,0.97791733,0.97900369,0.111%,0.001086,2986
44817.594,4192, , ,0.97791733,0.97900369,0.111%,0.001086,2987
44822.938,4193,Bound,* L  ,0.97791763,0.97900369,0.1109%,0.001086,2986
44830.101,4194, , ,0.97791763,0.97900369,0.1109%,0.001086,2987
44836.493,4195,Bound,* L  ,0.97791767,0.97900369,0.1109%,0.001086,2986
44842.601,4196,Bound, ,0.97791767,0.97900369,0.1109%,0.001086,2985
44849.057,4197, ,* L  ,0.97791768,0.97900369,0.1109%,0.001086,2986
44860.372,4198, , ,0.97791768,0.97900369,0.1109%,0.001086,2987
44866.946,4199,Bound, ,0.97791768,0.97900369,0.1109%,0.001086,2986
44877.322,4200, , ,0.97791768,0.97900369,0.1109%,0.001086,2987
44885.226,4201, , ,0.97791768,0.97900369,0.1109%,0.001086,2988
44893.507,4202, , ,0.97791768,0.97900369,0.1109%,0.001086,2989
44903.194,4203, ,* L  ,0.97791768,0.97900369,0.1109%,0.001086,2990
44908.622,4204,Bound, ,0.97791768,0.97900369,0.1109%,0.001086,2989
44916.598,4205, ,* L  ,0.97791776,0.97900369,0.1109%,0.001086,2990
44923.711,4206,Bound, ,0.97791776,0.97900369,0.1109%,0.001086,2989
44931.053,4207, ,* L  ,0.97791801,0.97900369,0.1109%,0.001086,2990
44938.665,4208, , ,0.97791801,0.97900369,0.1109%,0.001086,2991
44944.156,4209,Bound,* L  ,0.97791945,0.97900369,0.1107%,0.001084,2990
44951.022,4210,Bound, ,0.97791945,0.97900369,0.1107%,0.001084,2989
44958.677,4211, ,* L  ,0.97791959,0.97900369,0.1107%,0.001084,2990
44964.589,4212, , ,0.97791959,0.97900369,0.1107%,0.001084,2991
44970.889,4213,Bound, ,0.97791959,0.97900369,0.1107%,0.001084,2990
44976.577,4214,Bound, ,0.97791959,0.97900369,0.1107%,0.001084,2989
44983.858,4215, ,* L  ,0.97792038,0.97900369,0.1107%,0.001083,2990
44991.377,4216, , ,0.97792038,0.97900369,0.1107%,0.001083,2991
44998.68,4217, ,* L  ,0.97792058,0.97900369,0.1106%,0.001083,2992
45004.29,4218,Bound, ,0.97792058,0.97900369,0.1106%,0.001083,2991
45011.916,4219, ,* L  ,0.97792075,0.97900369,0.1106%,0.001083,2992
45018.982,4220, , ,0.97792075,0.97900369,0.1106%,0.001083,2993
45027.267,4221, ,* L  ,0.97792081,0.97900369,0.1106%,0.001083,2994
45033.162,4222, , ,0.97792081,0.97900369,0.1106%,0.001083,2995
45040.077,4223, ,* L  ,0.97792337,0.97900369,0.1103%,0.00108,2996
45047.454,4224, , ,0.97792337,0.97900369,0.1103%,0.00108,2997
45053.858,4225, ,* L  ,0.97792348,0.97900369,0.1103%,0.00108,2998
45060.188,4226, , ,0.97792348,0.97900369,0.1103%,0.00108,2999
45067.126,4227, ,* L  ,0.97792481,0.97900369,0.1102%,0.001079,3000
45074.009,4228, , ,0.97792481,0.97900369,0.1102%,0.001079,3001
45081.202,4229, ,* L  ,0.97792493,0.97900369,0.1102%,0.001079,3002
45086.408,4230, , ,0.97792493,0.97900369,0.1102%,0.001079,3003
45091.355,4231,Bound,* L  ,0.97792497,0.97900369,0.1102%,0.001079,3002
45097.333,4232,Bound, ,0.97792497,0.97900369,0.1102%,0.001079,3001
45107.711,4233, , ,0.97792497,0.97900369,0.1102%,0.001079,3002
45117.666,4234,Bound, ,0.97792497,0.97900369,0.1102%,0.001079,3001
45122.921,4235, ,* L  ,0.97792532,0.97900369,0.1101%,0.001078,3002
45132.038,4236, , ,0.97792532,0.97900369,0.1101%,0.001078,3003
45139.165,4237, ,* L  ,0.97792544,0.97900369,0.1101%,0.001078,3004
45145.003,4238,Bound, ,0.97792544,0.97900369,0.1101%,0.001078,3003
45152.978,4239, ,* L  ,0.97792559,0.97900369,0.1101%,0.001078,3004
45158.223,4240, , ,0.97792559,0.97900369,0.1101%,0.001078,3005
45164.979,4241,Bound,* L  ,0.97792591,0.97900369,0.1101%,0.001078,3004
45170.574,4242,Bound, ,0.97792591,0.97900369,0.1101%,0.001078,3003
45177.973,4243, , ,0.97792591,0.97900369,0.1101%,0.001078,3004
45184.045,4244,Bound, ,0.97792591,0.97900369,0.1101%,0.001078,3003
45191.532,4245, ,* L  ,0.97792591,0.97900369,0.1101%,0.001078,3004
45195.859,4246,Bound, ,0.97792591,0.97900369,0.1101%,0.001078,3003
45199.757,4247, ,* L  ,0.97792618,0.97900369,0.1101%,0.001078,3004
45204.478,4248,Bound, ,0.97792618,0.97900369,0.1101%,0.001078,3003
45208.292,4249, ,* L  ,0.97792626,0.97900369,0.1101%,0.001077,3004
45215.36,4250,Bound, ,0.97792626,0.97900369,0.1101%,0.001077,3003
45222.391,4251, ,* L  ,0.97792772,0.97900369,0.1099%,0.001076,3004
45229.193,4252, , ,0.97792772,0.97900369,0.1099%,0.001076,3005
45236.023,4253, ,* L  ,0.97792939,0.97900369,0.1097%,0.001074,3006
45244.122,4254, , ,0.97792939,0.97900369,0.1097%,0.001074,3007
45249.821,4255, , ,0.97792939,0.97900369,0.1097%,0.001074,3008
45257.652,4256, , ,0.97792939,0.97900369,0.1097%,0.001074,3009
45264.463,4257, ,* L  ,0.97792945,0.97900369,0.1097%,0.001074,3010
45270.865,4258, , ,0.97792945,0.97900369,0.1097%,0.001074,3011
45277.899,4259,Bound,* L  ,0.97792946,0.97900369,0.1097%,0.001074,3010
45284.396,4260, , ,0.97792946,0.97900369,0.1097%,0.001074,3011
45291.241,4261, ,* L  ,0.97793,0.97900369,0.1097%,0.001074,3012
45297.3,4262,Bound, ,0.97793,0.97900369,0.1097%,0.001074,3011
45304.202,4263, ,* L  ,0.97793128,0.97900369,0.1095%,0.001072,3012
45310.421,4264,Bound, ,0.97793128,0.97900369,0.1095%,0.001072,3011
45316.691,4265, ,* L  ,0.97793152,0.97900369,0.1095%,0.001072,3012
45322.437,4266, , ,0.97793152,0.97900369,0.1095%,0.001072,3013
45328.797,4267, ,* L  ,0.97793159,0.97900369,0.1095%,0.001072,3014
45336.158,4268, , ,0.97793159,0.97900369,0.1095%,0.001072,3015
45341.542,4269,Bound,* L  ,0.97793201,0.97900369,0.1095%,0.001072,3014
45348.208,4270, , ,0.97793201,0.97900369,0.1095%,0.001072,3015
45353.02,4271, ,* L  ,0.97793212,0.97900369,0.1095%,0.001072,3016
45360.082,4272, , ,0.97793212,0.97900369,0.1095%,0.001072,3017
45366.104,4273,Bound, ,0.97793212,0.97900369,0.1095%,0.001072,3016
45372.161,4274,Bound, ,0.97793212,0.97900369,0.1095%,0.001072,3015
45378.622,4275, ,* L  ,0.97793231,0.97900369,0.1094%,0.001071,3016
45385.835,4276, , ,0.97793231,0.97900369,0.1094%,0.001071,3017
45391.085,4277,Bound,* L  ,0.97793232,0.97900369,0.1094%,0.001071,3016
45396.008,4278,Bound, ,0.97793232,0.97900369,0.1094%,0.001071,3015
45402.385,4279, , ,0.97793232,0.97900369,0.1094%,0.001071,3016
45409.208,4280,Bound, ,0.97793232,0.97900369,0.1094%,0.001071,3015
45416.18,4281, ,* L  ,0.97793233,0.97900369,0.1094%,0.001071,3016
45423.738,4282, , ,0.97793233,0.97900369,0.1094%,0.001071,3017
45429.988,4283, ,* L  ,0.9779325,0.97900369,0.1094%,0.001071,3018
45436.405,4284,Bound, ,0.9779325,0.97900369,0.1094%,0.001071,3017
45444.176,4285, ,* L  ,0.97793261,0.97900369,0.1094%,0.001071,3018
45452.238,4286, , ,0.97793261,0.97900369,0.1094%,0.001071,3019
45457.833,4287,Bound,* L  ,0.97793267,0.97900369,0.1094%,0.001071,3018
45462.865,4288, , ,0.97793267,0.97900369,0.1094%,0.001071,3019
45468.241,4289, ,* L  ,0.9779328,0.97900369,0.1094%,0.001071,3020
45475.347,4290, , ,0.9779328,0.97900369,0.1094%,0.001071,3021
45482.586,4291, ,* L  ,0.97793337,0.97900369,0.1093%,0.00107,3022
45489.126,4292, , ,0.97793337,0.97900369,0.1093%,0.00107,3023
45496.497,4293, ,* L  ,0.9779335,0.97900369,0.1093%,0.00107,3024
45503.66,4294, , ,0.9779335,0.97900369,0.1093%,0.00107,3025
45509.557,4295, ,* L  ,0.97793371,0.97900369,0.1093%,0.00107,3026
45515.573,4296, , ,0.97793371,0.97900369,0.1093%,0.00107,3027
45522.238,4297, ,* L  ,0.97793385,0.97900369,0.1093%,0.00107,3028
45526.159,4298,Bound, ,0.97793385,0.97900369,0.1093%,0.00107,3027
45530.651,4299, ,* L  ,0.9779343,0.97900369,0.1092%,0.001069,3028
45536.363,4300,Bound, ,0.9779343,0.97900369,0.1092%,0.001069,3027
45544.149,4301, ,* L  ,0.97793441,0.97900369,0.1092%,0.001069,3028
45551.979,4302,Bound, ,0.97793441,0.97900369,0.1092%,0.001069,3027
45559.358,4303, ,* L  ,0.9779348,0.97900369,0.1092%,0.001069,3028
45564.561,4304, , ,0.9779348,0.97900369,0.1092%,0.001069,3029
45569.47,4305, ,* L  ,0.97793498,0.97900369,0.1092%,0.001069,3030
45575.92,4306, , ,0.97793498,0.97900369,0.1092%,0.001069,3031
45583.425,4307, ,* L  ,0.97793504,0.97900369,0.1092%,0.001069,3032
45589.344,4308, , ,0.97793504,0.97900369,0.1092%,0.001069,3033
45594.285,4309, ,* L  ,0.97793527,0.97900369,0.1091%,0.001068,3034
45599.693,4310, , ,0.97793527,0.97900369,0.1091%,0.001068,3035
45606.221,4311, ,* L  ,0.97793533,0.97900369,0.1091%,0.001068,3036
45612.951,4312, , ,0.97793533,0.97900369,0.1091%,0.001068,3037
45618.444,4313, ,* L  ,0.97793537,0.97900369,0.1091%,0.001068,3038
45624.96,4314, , ,0.97793537,0.97900369,0.1091%,0.001068,3039
45630.446,4315, ,* L  ,0.9779357,0.97900369,0.1091%,0.001068,3040
45636.396,4316, , ,0.9779357,0.97900369,0.1091%,0.001068,3041
45642.926,4317, ,* L  ,0.97793571,0.97900369,0.1091%,0.001068,3042
45649.307,4318, , ,0.97793571,0.97900369,0.1091%,0.001068,3043
45655.389,4319, ,* L  ,0.97793577,0.97900369,0.1091%,0.001068,3044
45662.025,4320, , ,0.97793577,0.97900369,0.1091%,0.001068,3045
45668.306,4321, ,* L  ,0.97793581,0.97900369,0.1091%,0.001068,3046
45674.137,4322, , ,0.97793581,0.97900369,0.1091%,0.001068,3047
45678.812,4323, ,* L  ,0.97793588,0.97900369,0.1091%,0.001068,3048
45682.382,4324, , ,0.97793588,0.97900369,0.1091%,0.001068,3049
45686.83,4325, ,* L  ,0.97793595,0.97900369,0.1091%,0.001068,3050
45690.521,4326, , ,0.97793595,0.97900369,0.1091%,0.001068,3051
45697.496,4327, ,* L  ,0.97793595,0.97900369,0.1091%,0.001068,3052
45704.15,4328, , ,0.97793595,0.97900369,0.1091%,0.001068,3053
45710.779,4329, , ,0.97793595,0.97900369,0.1091%,0.001068,3054
45717.761,4330, , ,0.97793595,0.97900369,0.1091%,0.001068,3055
45725.077,4331, ,* L  ,0.97793597,0.97900369,0.1091%,0.001068,3056
45732.82,4332, , ,0.97793597,0.97900369,0.1091%,0.001068,3057
45740.002,4333, ,* L  ,0.97793633,0.97900369,0.109%,0.001067,3058
45747.193,4334, , ,0.97793633,0.97900369,0.109%,0.001067,3059
45754.388,4335, ,* L  ,0.97793639,0.97900369,0.109%,0.001067,3060
45761.387,4336, , ,0.97793639,0.97900369,0.109%,0.001067,3061
45768.25,4337, ,* L  ,0.97793644,0.97900369,0.109%,0.001067,3062
45775.301,4338, , ,0.97793644,0.97900369,0.109%,0.001067,3063
45782.903,4339, ,* L  ,0.9779365,0.97900369,0.109%,0.001067,3064
45790.167,4340, , ,0.9779365,0.97900369,0.109%,0.001067,3065
45797.25,4341, ,* L  ,0.9779365,0.97900369,0.109%,0.001067,3066
45803.705,4342, , ,0.9779365,0.97900369,0.109%,0.001067,3067
45811.062,4343, , ,0.9779365,0.97900369,0.109%,0.001067,3068
45817.444,4344, , ,0.9779365,0.97900369,0.109%,0.001067,3069
45824.412,4345, ,* L  ,0.9779365,0.97900369,0.109%,0.001067,3070
45831.25,4346, , ,0.9779365,0.97900369,0.109%,0.001067,3071
45838.38,4347, ,* L  ,0.97793681,0.97900369,0.109%,0.001067,3072
45845.596,4348, , ,0.97793681,0.97900369,0.109%,0.001067,3073
45853.177,4349, ,* L  ,0.97793687,0.97900369,0.109%,0.001067,3074
45863.113,4350, , ,0.97793687,0.97900369,0.109%,0.001067,3075
45870.7,4351, ,* L  ,0.97793701,0.97900369,0.109%,0.001067,3076
45876.611,4352, , ,0.97793701,0.97900369,0.109%,0.001067,3077
45883.392,4353, ,* L  ,0.97793728,0.97900369,0.1089%,0.001066,3078
45890.459,4354, , ,0.97793728,0.97900369,0.1089%,0.001066,3079
45897.55,4355, ,* L  ,0.9779373,0.97900369,0.1089%,0.001066,3080
45904.222,4356, , ,0.9779373,0.97900369,0.1089%,0.001066,3081
45911.025,4357, ,* L  ,0.97793732,0.97900369,0.1089%,0.001066,3082
45917.658,4358, , ,0.97793732,0.97900369,0.1089%,0.001066,3083
45924.688,4359, ,* L  ,0.97793735,0.97900369,0.1089%,0.001066,3084
45931.553,4360, , ,0.97793735,0.97900369,0.1089%,0.001066,3085
45938.256,4361, ,* L  ,0.97793742,0.97900369,0.1089%,0.001066,3086
45945.345,4362, , ,0.97793742,0.97900369,0.1089%,0.001066,3087
45952.255,4363, ,* L  ,0.97793747,0.97900369,0.1089%,0.001066,3088
45959.163,4364, , ,0.97793747,0.97900369,0.1089%,0.001066,3089
45965.662,4365, ,* L  ,0.97793757,0.97900369,0.1089%,0.001066,3090
45970.033,4366, , ,0.97793757,0.97900369,0.1089%,0.001066,3091
45973.303,4367, ,* L  ,0.9779376,0.97900369,0.1089%,0.001066,3092
45977.74,4368, , ,0.9779376,0.97900369,0.1089%,0.001066,3093
45983.541,4369, ,* L  ,0.97793771,0.97900369,0.1089%,0.001066,3094
45990.721,4370, , ,0.97793771,0.97900369,0.1089%,0.001066,3095
45997.75,4371, ,* L  ,0.97793777,0.97900369,0.1089%,0.001066,3096
46004.099,4372, , ,0.97793777,0.97900369,0.1089%,0.001066,3097
46011.192,4373, ,* L  ,0.97793777,0.97900369,0.1089%,0.001066,3098
46017.911,4374, , ,0.97793777,0.97900369,0.1089%,0.001066,3099
46025.229,4375, , ,0.97793777,0.97900369,0.1089%,0.001066,3100
46032.102,4376, , ,0.97793777,0.97900369,0.1089%,0.001066,3101
46039.073,4377, ,* L  ,0.97793821,0.97900369,0.1088%,0.001065,3102
46045.751,4378, , ,0.97793821,0.97900369,0.1088%,0.001065,3103
46052.576,4379, ,* L  ,0.97793821,0.97900369,0.1088%,0.001065,3104
46059.261,4380, , ,0.97793821,0.97900369,0.1088%,0.001065,3105
46066.474,4381, , ,0.97793821,0.97900369,0.1088%,0.001065,3106
46072.859,4382, , ,0.97793821,0.97900369,0.1088%,0.001065,3107
46080.007,4383, ,* L  ,0.97793821,0.97900369,0.1088%,0.001065,3108
46087.149,4384, , ,0.97793821,0.97900369,0.1088%,0.001065,3109
46093.992,4385, ,* L  ,0.97793821,0.97900369,0.1088%,0.001065,3110
46100.382,4386, , ,0.97793821,0.97900369,0.1088%,0.001065,3111
46107.195,4387, , ,0.97793821,0.97900369,0.1088%,0.001065,3112
46113.843,4388, , ,0.97793821,0.97900369,0.1088%,0.001065,3113
46120.943,4389, ,* L  ,0.97793826,0.97900369,0.1088%,0.001065,3114
46127.677,4390, , ,0.97793826,0.97900369,0.1088%,0.001065,3115
46134.799,4391, ,* L  ,0.97793828,0.97900369,0.1088%,0.001065,3116
46141.863,4392, , ,0.97793828,0.97900369,0.1088%,0.001065,3117
46148.874,4393, ,* L  ,0.97793832,0.97900369,0.1088%,0.001065,3118
46155.683,4394, , ,0.97793832,0.97900369,0.1088%,0.001065,3119
46162.724,4395, ,* L  ,0.97793835,0.97900369,0.1088%,0.001065,3120
46169.298,4396, , ,0.97793835,0.97900369,0.1088%,0.001065,3121
46176.108,4397, ,* L  ,0.97793835,0.97900369,0.1088%,0.001065,3122
46183.238,4398, , ,0.97793835,0.97900369,0.1088%,0.001065,3123
46190.542,4399, ,* L  ,0.97793835,0.97900369,0.1088%,0.001065,3124
46197.19,4400, , ,0.97793835,0.97900369,0.1088%,0.001065,3125
46204.251,4401, , ,0.97793835,0.97900369,0.1088%,0.001065,3126
46210.974,4402, , ,0.97793835,0.97900369,0.1088%,0.001065,3127
46218.309,4403, ,* L  ,0.97793836,0.97900369,0.1088%,0.001065,3128
46225.232,4404, , ,0.97793836,0.97900369,0.1088%,0.001065,3129
46232.2,4405, ,* L  ,0.97793836,0.97900369,0.1088%,0.001065,3130
46239.148,4406, , ,0.97793836,0.97900369,0.1088%,0.001065,3131
46246.096,4407, , ,0.97793836,0.97900369,0.1088%,0.001065,3132
46252.854,4408, , ,0.97793836,0.97900369,0.1088%,0.001065,3133
46259.949,4409, ,* L  ,0.97793836,0.97900369,0.1088%,0.001065,3134
46267.242,4410, , ,0.97793836,0.97900369,0.1088%,0.001065,3135
46274.37,4411, ,* L  ,0.97793836,0.97900369,0.1088%,0.001065,3136
46280.972,4412, , ,0.97793836,0.97900369,0.1088%,0.001065,3137
46288.199,4413, , ,0.97793836,0.97900369,0.1088%,0.001065,3138
46294.746,4414, , ,0.97793836,0.97900369,0.1088%,0.001065,3139
46301.876,4415, ,* L  ,0.9779385,0.97900369,0.1088%,0.001065,3140
46309.093,4416, , ,0.9779385,0.97900369,0.1088%,0.001065,3141
46316.457,4417, ,* L  ,0.9779385,0.97900369,0.1088%,0.001065,3142
46322.944,4418, , ,0.9779385,0.97900369,0.1088%,0.001065,3143
46330.3,4419, , ,0.9779385,0.97900369,0.1088%,0.001065,3144
46336.86,4420, , ,0.9779385,0.97900369,0.1088%,0.001065,3145
46344.358,4421, ,* L  ,0.97793852,0.97900369,0.1088%,0.001065,3146
46351.234,4422, , ,0.97793852,0.97900369,0.1088%,0.001065,3147
46354.058,4423, ,* L  ,0.97793854,0.97900369,0.1088%,0.001065,3148
46356.978,4424, , ,0.97793854,0.97900369,0.1088%,0.001065,3149
46359.793,4425, ,* L  ,0.97793857,0.97900369,0.1088%,0.001065,3150
46363.814,4426, , ,0.97793857,0.97900369,0.1088%,0.001065,3151
46369.455,4427, ,* L  ,0.97793871,0.97900369,0.1088%,0.001065,3152
46376.769,4428, , ,0.97793871,0.97900369,0.1088%,0.001065,3153
46384.104,4429, ,* L  ,0.97793871,0.97900369,0.1088%,0.001065,3154
46390.791,4430, , ,0.97793871,0.97900369,0.1088%,0.001065,3155
46397.887,4431, , ,0.97793871,0.97900369,0.1088%,0.001065,3156
46404.643,4432, , ,0.97793871,0.97900369,0.1088%,0.001065,3157
46411.962,4433, ,* L  ,0.97793878,0.97900369,0.1088%,0.001065,3158
46419.093,4434, , ,0.97793878,0.97900369,0.1088%,0.001065,3159
46426.062,4435, ,* L  ,0.97793887,0.97900369,0.1088%,0.001065,3160
46433.141,4436, , ,0.97793887,0.97900369,0.1088%,0.001065,3161
46440.547,4437, ,* L  ,0.97793889,0.97900369,0.1088%,0.001065,3162
46447.696,4438, , ,0.97793889,0.97900369,0.1088%,0.001065,3163
46455.412,4439, ,* L  ,0.97793893,0.97900369,0.1088%,0.001065,3164
46462.334,4440, , ,0.97793893,0.97900369,0.1088%,0.001065,3165
46469.539,4441, ,* L  ,0.97793894,0.97900369,0.1088%,0.001065,3166
46476.783,4442, , ,0.97793894,0.97900369,0.1088%,0.001065,3167
46483.889,4443, ,* L  ,0.97793895,0.97900369,0.1088%,0.001065,3168
46491.21,4444, , ,0.97793895,0.97900369,0.1088%,0.001065,3169
46498.647,4445, ,* L  ,0.97793895,0.97900369,0.1088%,0.001065,3170
46505.417,4446, , ,0.97793895,0.97900369,0.1088%,0.001065,3171
46512.493,4447, , ,0.97793895,0.97900369,0.1088%,0.001065,3172
46519.03,4448, , ,0.97793895,0.97900369,0.1088%,0.001065,3173
46525.894,4449, ,* L  ,0.97793897,0.97900369,0.1088%,0.001065,3174
46532.983,4450, , ,0.97793897,0.97900369,0.1088%,0.001065,3175
46539.899,4451, ,* L  ,0.97793902,0.97900369,0.1088%,0.001065,3176
46546.557,4452, , ,0.97793902,0.97900369,0.1088%,0.001065,3177
46553.61,4453, ,* L  ,0.97793902,0.97900369,0.1087%,0.001065,3178
46560.316,4454, , ,0.97793902,0.97900369,0.1087%,0.001065,3179
46567.367,4455, ,* L  ,0.97793902,0.97900369,0.1087%,0.001065,3180
46574.465,4456, , ,0.97793902,0.97900369,0.1087%,0.001065,3181
46580.755,4457, ,* L  ,0.97793904,0.97900369,0.1087%,0.001065,3182
46588.083,4458, , ,0.97793904,0.97900369,0.1087%,0.001065,3183
46595.241,4459, ,* L  ,0.97793904,0.97900369,0.1087%,0.001065,3184
46601.961,4460, , ,0.97793904,0.97900369,0.1087%,0.001065,3185
46608.789,4461, , ,0.97793904,0.97900369,0.1087%,0.001065,3186
46615.329,4462, , ,0.97793904,0.97900369,0.1087%,0.001065,3187
46622.315,4463, ,* L  ,0.97793908,0.97900369,0.1087%,0.001065,3188
46629.284,4464, , ,0.97793908,0.97900369,0.1087%,0.001065,3189
46635.558,4465, ,* L  ,0.97793909,0.97900369,0.1087%,0.001065,3190
46642.474,4466, , ,0.97793909,0.97900369,0.1087%,0.001065,3191
46649.353,4467, ,* L  ,0.9779391,0.97900369,0.1087%,0.001065,3192
46656.372,4468, , ,0.9779391,0.97900369,0.1087%,0.001065,3193
46663.611,4469, ,* L  ,0.9779391,0.97900369,0.1087%,0.001065,3194
46670.084,4470, , ,0.9779391,0.97900369,0.1087%,0.001065,3195
46677.12,4471, , ,0.9779391,0.97900369,0.1087%,0.001065,3196
46683.839,4472, , ,0.9779391,0.97900369,0.1087%,0.001065,3197
46691.006,4473, ,* L  ,0.97793917,0.97900369,0.1087%,0.001065,3198
46697.829,4474, , ,0.97793917,0.97900369,0.1087%,0.001065,3199
46704.911,4475, ,* L  ,0.97793917,0.97900369,0.1087%,0.001065,3200
46711.705,4476, , ,0.97793917,0.97900369,0.1087%,0.001065,3201
46719.061,4477, , ,0.97793917,0.97900369,0.1087%,0.001065,3202
46725.815,4478, , ,0.97793917,0.97900369,0.1087%,0.001065,3203
46732.88,4479, ,* L  ,0.97793931,0.97900369,0.1087%,0.001064,3204
46740.24,4480, , ,0.97793931,0.97900369,0.1087%,0.001064,3205
46747.362,4481, ,* L  ,0.97793931,0.97900369,0.1087%,0.001064,3206
46753.176,4482, , ,0.97793931,0.97900369,0.1087%,0.001064,3207
46760.086,4483, , ,0.97793931,0.97900369,0.1087%,0.001064,3208
46766.318,4484, , ,0.97793931,0.97900369,0.1087%,0.001064,3209
46772.655,4485, ,* L  ,0.97793931,0.97900369,0.1087%,0.001064,3210
46779.26,4486, , ,0.97793931,0.97900369,0.1087%,0.001064,3211
46786.035,4487, ,* L  ,0.97793932,0.97900369,0.1087%,0.001064,3212
46792.521,4488, , ,0.97793932,0.97900369,0.1087%,0.001064,3213
46799.602,4489, ,* L  ,0.97793933,0.97900369,0.1087%,0.001064,3214
46805.617,4490, , ,0.97793933,0.97900369,0.1087%,0.001064,3215
46811.285,4491, ,* L  ,0.97793933,0.97900369,0.1087%,0.001064,3216
46816.325,4492, , ,0.97793933,0.97900369,0.1087%,0.001064,3217
46823.339,4493, , ,0.97793933,0.97900369,0.1087%,0.001064,3218
46829.64,4494, , ,0.97793933,0.97900369,0.1087%,0.001064,3219
46837.095,4495, ,* L  ,0.97793935,0.97900369,0.1087%,0.001064,3220
46841.604,4496, , ,0.97793935,0.97900369,0.1087%,0.001064,3221
46847.138,4497, ,* L  ,0.97793935,0.97900369,0.1087%,0.001064,3222
46851.562,4498, , ,0.97793935,0.97900369,0.1087%,0.001064,3223
46857.976,4499, , ,0.97793935,0.97900369,0.1087%,0.001064,3224
46864.349,4500, , ,0.97793935,0.97900369,0.1087%,0.001064,3225
46871.312,4501, ,* L  ,0.9779394,0.97900369,0.1087%,0.001064,3226
46878.445,4502, , ,0.9779394,0.97900369,0.1087%,0.001064,3227
46885.589,4503, ,* L  ,0.9779394,0.97900369,0.1087%,0.001064,3228
46892.203,4504, , ,0.9779394,0.97900369,0.1087%,0.001064,3229
46899.366,4505, , ,0.9779394,0.97900369,0.1087%,0.001064,3230
46905.891,4506, , ,0.9779394,0.97900369,0.1087%,0.001064,3231
46912.663,4507, ,* L  ,0.97793943,0.97900369,0.1087%,0.001064,3232
46919.76,4508, , ,0.97793943,0.97900369,0.1087%,0.001064,3233
46927.094,4509, ,* L  ,0.97793944,0.97900369,0.1087%,0.001064,3234
46934.308,4510, , ,0.97793944,0.97900369,0.1087%,0.001064,3235
46941.205,4511, ,* L  ,0.97793945,0.97900369,0.1087%,0.001064,3236
46948.201,4512, , ,0.97793945,0.97900369,0.1087%,0.001064,3237
46954.868,4513, ,* L  ,0.97793948,0.97900369,0.1087%,0.001064,3238
46961.607,4514, , ,0.97793948,0.97900369,0.1087%,0.001064,3239
46968.616,4515, ,* L  ,0.9779395,0.97900369,0.1087%,0.001064,3240
46975.107,4516, , ,0.9779395,0.97900369,0.1087%,0.001064,3241
46982.739,4517, ,* L  ,0.97793954,0.97900369,0.1087%,0.001064,3242
46989.451,4518, , ,0.97793954,0.97900369,0.1087%,0.001064,3243
46996.077,4519, ,* L  ,0.97793957,0.97900369,0.1087%,0.001064,3244
47002.951,4520, , ,0.97793957,0.97900369,0.1087%,0.001064,3245
47010.159,4521, ,* L  ,0.97793957,0.97900369,0.1087%,0.001064,3246
47016.75,4522, , ,0.97793957,0.97900369,0.1087%,0.001064,3247
47023.794,4523, , ,0.97793957,0.97900369,0.1087%,0.001064,3248
47030.425,4524, , ,0.97793957,0.97900369,0.1087%,0.001064,3249
47037.695,4525, ,* L  ,0.97793959,0.97900369,0.1087%,0.001064,3250
47044.628,4526, , ,0.97793959,0.97900369,0.1087%,0.001064,3251
47051.595,4527, ,* L  ,0.97793959,0.97900369,0.1087%,0.001064,3252
47058.311,4528, , ,0.97793959,0.97900369,0.1087%,0.001064,3253
47065.443,4529, , ,0.97793959,0.97900369,0.1087%,0.001064,3254
47072.273,4530, , ,0.97793959,0.97900369,0.1087%,0.001064,3255
47079.335,4531, ,* L  ,0.97793959,0.97900369,0.1087%,0.001064,3256
47086.097,4532, , ,0.97793959,0.97900369,0.1087%,0.001064,3257
47093.002,4533, ,* L  ,0.9779396,0.97900369,0.1087%,0.001064,3258
47100.119,4534, , ,0.9779396,0.97900369,0.1087%,0.001064,3259
47107.465,4535, ,* L  ,0.97793961,0.97900369,0.1087%,0.001064,3260
47114.569,4536, , ,0.97793961,0.97900369,0.1087%,0.001064,3261
47121.658,4537, ,* L  ,0.97793961,0.97900369,0.1087%,0.001064,3262
47128.101,4538, , ,0.97793961,0.97900369,0.1087%,0.001064,3263
47135.691,4539, , ,0.97793961,0.97900369,0.1087%,0.001064,3264
47142.774,4540, , ,0.97793961,0.97900369,0.1087%,0.001064,3265
47149.942,4541, ,* L  ,0.97793961,0.97900369,0.1087%,0.001064,3266
47157.404,4542, , ,0.97793961,0.97900369,0.1087%,0.001064,3267
47164.799,4543, ,* L  ,0.9779397,0.97900369,0.1087%,0.001064,3268
47173.823,4544, , ,0.9779397,0.97900369,0.1087%,0.001064,3269
47181.705,4545, ,* L  ,0.97793973,0.97900369,0.1087%,0.001064,3270
47188.538,4546, , ,0.97793973,0.97900369,0.1087%,0.001064,3271
47195.345,4547, ,* L  ,0.97793974,0.97900369,0.1087%,0.001064,3272
47202.393,4548, , ,0.97793974,0.97900369,0.1087%,0.001064,3273
47209.498,4549, ,* L  ,0.97793974,0.97900369,0.1087%,0.001064,3274
47215.513,4550, , ,0.97793974,0.97900369,0.1087%,0.001064,3275
47221.941,4551, , ,0.97793974,0.97900369,0.1087%,0.001064,3276
47228.502,4552, , ,0.97793974,0.97900369,0.1087%,0.001064,3277
47235.328,4553, ,* L  ,0.97793975,0.97900369,0.1087%,0.001064,3278
47242.679,4554, , ,0.97793975,0.97900369,0.1087%,0.001064,3279
47249.82,4555, ,* L  ,0.97793975,0.97900369,0.1087%,0.001064,3280
47256.523,4556, , ,0.97793975,0.97900369,0.1087%,0.001064,3281
47263.136,4557, , ,0.97793975,0.97900369,0.1087%,0.001064,3282
47268.889,4558, , ,0.97793975,0.97900369,0.1087%,0.001064,3283
47275.675,4559, ,* L  ,0.97793981,0.97900369,0.1087%,0.001064,3284
47282.026,4560, , ,0.97793981,0.97900369,0.1087%,0.001064,3285
47289.534,4561, ,* L  ,0.97793982,0.97900369,0.1087%,0.001064,3286
47296.357,4562, , ,0.97793982,0.97900369,0.1087%,0.001064,3287
47303.072,4563, ,* L  ,0.97793982,0.97900369,0.1087%,0.001064,3288
47309.963,4564, , ,0.97793982,0.97900369,0.1087%,0.001064,3289
47316.927,4565, ,* L  ,0.97793982,0.97900369,0.1087%,0.001064,3290
47323.081,4566, , ,0.97793982,0.97900369,0.1087%,0.001064,3291
47326.291,4567, , ,0.97793982,0.97900369,0.1087%,0.001064,3292
47329.103,4568, , ,0.97793982,0.97900369,0.1087%,0.001064,3293
47331.726,4569, ,* L  ,0.97793983,0.97900369,0.1087%,0.001064,3294
47340.159,4570, , ,0.97793983,0.97900369,0.1087%,0.001064,3295
47348.264,4571, ,* L  ,0.97793983,0.97900369,0.1087%,0.001064,3296
47354.695,4572, , ,0.97793983,0.97900369,0.1087%,0.001064,3297
47361.914,4573, , ,0.97793983,0.97900369,0.1087%,0.001064,3298
47368.851,4574, , ,0.97793983,0.97900369,0.1087%,0.001064,3299
47376.821,4575, ,* L  ,0.97793983,0.97900369,0.1087%,0.001064,3300
47383.791,4576, , ,0.97793983,0.97900369,0.1087%,0.001064,3301
47390.721,4577, ,* L  ,0.97793993,0.97900369,0.1087%,0.001064,3302
47397.828,4578, , ,0.97793993,0.97900369,0.1087%,0.001064,3303
47404.876,4579, ,* L  ,0.97793997,0.97900369,0.1087%,0.001064,3304
47412.009,4580, , ,0.97793997,0.97900369,0.1087%,0.001064,3305
47419.114,4581, ,* L  ,0.97793997,0.97900369,0.1087%,0.001064,3306
47425.855,4582, , ,0.97793997,0.97900369,0.1087%,0.001064,3307
47433.036,4583, , ,0.97793997,0.97900369,0.1087%,0.001064,3308
47439.772,4584, , ,0.97793997,0.97900369,0.1087%,0.001064,3309
47446.955,4585, ,* L  ,0.97793999,0.97900369,0.1087%,0.001064,3310
47453.848,4586, , ,0.97793999,0.97900369,0.1087%,0.001064,3311
47461.143,4587, ,* L  ,0.97793999,0.97900369,0.1087%,0.001064,3312
47468.265,4588, , ,0.97793999,0.97900369,0.1087%,0.001064,3313
47475.196,4589, , ,0.97793999,0.97900369,0.1087%,0.001064,3314
47481.558,4590, , ,0.97793999,0.97900369,0.1087%,0.001064,3315
47488.454,4591, ,* L  ,0.97794001,0.97900369,0.1086%,0.001064,3316
47495.482,4592, , ,0.97794001,0.97900369,0.1086%,0.001064,3317
47502.543,4593, ,* L  ,0.97794003,0.97900369,0.1086%,0.001064,3318
47509.784,4594, , ,0.97794003,0.97900369,0.1086%,0.001064,3319
47516.9,4595, ,* L  ,0.97794004,0.97900369,0.1086%,0.001064,3320
47523.093,4596, , ,0.97794004,0.97900369,0.1086%,0.001064,3321
47530.276,4597, ,* L  ,0.97794004,0.97900369,0.1086%,0.001064,3322
47536.581,4598, , ,0.97794004,0.97900369,0.1086%,0.001064,3323
47543.595,4599, , ,0.97794004,0.97900369,0.1086%,0.001064,3324
47550.034,4600, , ,0.97794004,0.97900369,0.1086%,0.001064,3325
47557.062,4601, ,* L  ,0.97794005,0.97900369,0.1086%,0.001064,3326
47564.281,4602, , ,0.97794005,0.97900369,0.1086%,0.001064,3327
47571.608,4603, ,* L  ,0.97794005,0.97900369,0.1086%,0.001064,3328
47578.075,4604, , ,0.97794005,0.97900369,0.1086%,0.001064,3329
47585.253,4605, , ,0.97794005,0.97900369,0.1086%,0.001064,3330
47592.165,4606, , ,0.97794005,0.97900369,0.1086%,0.001064,3331
47599.219,4607, ,* L  ,0.97794007,0.97900369,0.1086%,0.001064,3332
47606.101,4608, , ,0.97794007,0.97900369,0.1086%,0.001064,3333
47613.24,4609, ,* L  ,0.97794008,0.97900369,0.1086%,0.001064,3334
47620.318,4610, , ,0.97794008,0.97900369,0.1086%,0.001064,3335
47627.585,4611, ,* L  ,0.9779401,0.97900369,0.1086%,0.001064,3336
47634.873,4612, , ,0.9779401,0.97900369,0.1086%,0.001064,3337
47642.589,4613, ,* L  ,0.9779401,0.97900369,0.1086%,0.001064,3338
47649.962,4614, , ,0.9779401,0.97900369,0.1086%,0.001064,3339
47656.821,4615, , ,0.9779401,0.97900369,0.1086%,0.001064,3340
47663.322,4616, , ,0.9779401,0.97900369,0.1086%,0.001064,3341
47670.349,4617, ,* L  ,0.97794011,0.97900369,0.1086%,0.001064,3342
47677.389,4618, , ,0.97794011,0.97900369,0.1086%,0.001064,3343
47684.793,4619, ,* L  ,0.97794012,0.97900369,0.1086%,0.001064,3344
47691.713,4620, , ,0.97794012,0.97900369,0.1086%,0.001064,3345
47699.318,4621, ,* L  ,0.97794015,0.97900369,0.1086%,0.001064,3346
47706.839,4622, , ,0.97794015,0.97900369,0.1086%,0.001064,3347
47714.027,4623, ,* L  ,0.97794015,0.97900369,0.1086%,0.001064,3348
47720.874,4624, , ,0.97794015,0.97900369,0.1086%,0.001064,3349
47727.755,4625, , ,0.97794015,0.97900369,0.1086%,0.001064,3350
47734.59,4626, , ,0.97794015,0.97900369,0.1086%,0.001064,3351
47741.632,4627, ,* L  ,0.97794022,0.97900369,0.1086%,0.001063,3352
47748.489,4628, , ,0.97794022,0.97900369,0.1086%,0.001063,3353
47755.862,4629, ,* L  ,0.97794024,0.97900369,0.1086%,0.001063,3354
47763.079,4630, , ,0.97794024,0.97900369,0.1086%,0.001063,3355
47770.419,4631, ,* L  ,0.97794025,0.97900369,0.1086%,0.001063,3356
47777.473,4632, , ,0.97794025,0.97900369,0.1086%,0.001063,3357
47784.747,4633, ,* L  ,0.97794025,0.97900369,0.1086%,0.001063,3358
47791.791,4634, , ,0.97794025,0.97900369,0.1086%,0.001063,3359
47798.376,4635, , ,0.97794025,0.97900369,0.1086%,0.001063,3360
47805.156,4636, , ,0.97794025,0.97900369,0.1086%,0.001063,3361
47811.737,4637, ,* L  ,0.97794028,0.97900369,0.1086%,0.001063,3362
47819.328,4638, , ,0.97794028,0.97900369,0.1086%,0.001063,3363
47826.749,4639, ,* L  ,0.97794028,0.97900369,0.1086%,0.001063,3364
47833.476,4640, , ,0.97794028,0.97900369,0.1086%,0.001063,3365
47840.922,4641, , ,0.97794028,0.97900369,0.1086%,0.001063,3366
47847.538,4642, , ,0.97794028,0.97900369,0.1086%,0.001063,3367
47854.626,4643, ,* L  ,0.97794031,0.97900369,0.1086%,0.001063,3368
47862.125,4644, , ,0.97794031,0.97900369,0.1086%,0.001063,3369
47869.506,4645, ,* L  ,0.97794031,0.97900369,0.1086%,0.001063,3370
47876.468,4646, , ,0.97794031,0.97900369,0.1086%,0.001063,3371
47883.563,4647, , ,0.97794031,0.97900369,0.1086%,0.001063,3372
47890.491,4648, , ,0.97794031,0.97900369,0.1086%,0.001063,3373
47897.635,4649, ,* L  ,0.97794031,0.97900369,0.1086%,0.001063,3374
47902.764,4650, , ,0.97794031,0.97900369,0.1086%,0.001063,3375
47905.99,4651, ,* L  ,0.97794031,0.97900369,0.1086%,0.001063,3376
47909.187,4652, , ,0.97794031,0.97900369,0.1086%,0.001063,3377
47912.311,4653, , ,0.97794031,0.97900369,0.1086%,0.001063,3378
47915.683,4654, , ,0.97794031,0.97900369,0.1086%,0.001063,3379
47920.315,4655, ,* L  ,0.97794032,0.97900369,0.1086%,0.001063,3380
47927.583,4656, , ,0.97794032,0.97900369,0.1086%,0.001063,3381
47934.367,4657, ,* L  ,0.97794032,0.97900369,0.1086%,0.001063,3382
47941.509,4658, , ,0.97794032,0.97900369,0.1086%,0.001063,3383
47948.492,4659, , ,0.97794032,0.97900369,0.1086%,0.001063,3384
47955.204,4660, , ,0.97794032,0.97900369,0.1086%,0.001063,3385
47962.242,4661, ,* L  ,0.97794033,0.97900369,0.1086%,0.001063,3386
47969.315,4662, , ,0.97794033,0.97900369,0.1086%,0.001063,3387
47976.377,4663, ,* L  ,0.97794034,0.97900369,0.1086%,0.001063,3388
47983.767,4664, , ,0.97794034,0.97900369,0.1086%,0.001063,3389
47990.878,4665, ,* L  ,0.97794034,0.97900369,0.1086%,0.001063,3390
47997.601,4666, , ,0.97794034,0.97900369,0.1086%,0.001063,3391
48004.863,4667, , ,0.97794034,0.97900369,0.1086%,0.001063,3392
48011.822,4668, , ,0.97794034,0.97900369,0.1086%,0.001063,3393
48018.963,4669, ,* L  ,0.97794039,0.97900369,0.1086%,0.001063,3394
48025.933,4670, , ,0.97794039,0.97900369,0.1086%,0.001063,3395
48032.919,4671, ,* L  ,0.9779404,0.97900369,0.1086%,0.001063,3396
48040.187,4672, , ,0.9779404,0.97900369,0.1086%,0.001063,3397
48047.198,4673, ,* L  ,0.9779404,0.97900369,0.1086%,0.001063,3398
48053.891,4674, , ,0.9779404,0.97900369,0.1086%,0.001063,3399
48061.279,4675, , ,0.9779404,0.97900369,0.1086%,0.001063,3400
48067.794,4676, , ,0.9779404,0.97900369,0.1086%,0.001063,3401
48074.916,4677, ,* L  ,0.9779404,0.97900369,0.1086%,0.001063,3402
48082.173,4678, , ,0.9779404,0.97900369,0.1086%,0.001063,3403
48089.264,4679, ,* L  ,0.9779404,0.97900369,0.1086%,0.001063,3404
48096.96,4680, , ,0.9779404,0.97900369,0.1086%,0.001063,3405
48103.856,4681, , ,0.9779404,0.97900369,0.1086%,0.001063,3406
48110.465,4682, , ,0.9779404,0.97900369,0.1086%,0.001063,3407
48117.678,4683, ,* L  ,0.9779404,0.97900369,0.1086%,0.001063,3408
48125.117,4684, , ,0.9779404,0.97900369,0.1086%,0.001063,3409
48131.634,4685, ,* L  ,0.9779404,0.97900369,0.1086%,0.001063,3410
48137.706,4686, , ,0.9779404,0.97900369,0.1086%,0.001063,3411
48144.183,4687, , ,0.9779404,0.97900369,0.1086%,0.001063,3412
48150.422,4688, , ,0.9779404,0.97900369,0.1086%,0.001063,3413
48157.409,4689, ,* L  ,0.97794042,0.97900369,0.1086%,0.001063,3414
48163.369,4690, , ,0.97794042,0.97900369,0.1086%,0.001063,3415
48168.882,4691, ,* L  ,0.97794042,0.97900369,0.1086%,0.001063,3416
48174.868,4692, , ,0.97794042,0.97900369,0.1086%,0.001063,3417
48180.946,4693, , ,0.97794042,0.97900369,0.1086%,0.001063,3418
48187.685,4694, , ,0.97794042,0.97900369,0.1086%,0.001063,3419
48193.871,4695, ,* L  ,0.97794046,0.97900369,0.1086%,0.001063,3420
48200.435,4696, , ,0.97794046,0.97900369,0.1086%,0.001063,3421
48207.312,4697, ,* L  ,0.97794046,0.97900369,0.1086%,0.001063,3422
48213.97,4698, , ,0.97794046,0.97900369,0.1086%,0.001063,3423
48221.058,4699, , ,0.97794046,0.97900369,0.1086%,0.001063,3424
48227.496,4700, , ,0.97794046,0.97900369,0.1086%,0.001063,3425
48234.275,4701, ,* L  ,0.97794046,0.97900369,0.1086%,0.001063,3426
48241.466,4702, , ,0.97794046,0.97900369,0.1086%,0.001063,3427
48248.927,4703, ,* L  ,0.97794046,0.97900369,0.1086%,0.001063,3428
48255.729,4704, , ,0.97794046,0.97900369,0.1086%,0.001063,3429
48262.206,4705, ,* L  ,0.97794046,0.97900369,0.1086%,0.001063,3430
48268.281,4706, , ,0.97794046,0.97900369,0.1086%,0.001063,3431
48275.332,4707, , ,0.97794046,0.97900369,0.1086%,0.001063,3432
48281.272,4708, , ,0.97794046,0.97900369,0.1086%,0.001063,3433
48287.35,4709, ,* L  ,0.97794047,0.97900369,0.1086%,0.001063,3434
48289.992,4710, , ,0.97794047,0.97900369,0.1086%,0.001063,3435
48292.877,4711, ,* L  ,0.97794047,0.97900369,0.1086%,0.001063,3436
48296.226,4712, , ,0.97794047,0.97900369,0.1086%,0.001063,3437
48301.565,4713, , ,0.97794047,0.97900369,0.1086%,0.001063,3438
48308.067,4714, , ,0.97794047,0.97900369,0.1086%,0.001063,3439
48313.866,4715, ,* L  ,0.97794055,0.97900369,0.1086%,0.001063,3440
48320.871,4716, , ,0.97794055,0.97900369,0.1086%,0.001063,3441
48326.082,4717, ,* L  ,0.97794055,0.97900369,0.1086%,0.001063,3442
48330.884,4718, , ,0.97794055,0.97900369,0.1086%,0.001063,3443
48333.89,4719, , ,0.97794055,0.97900369,0.1086%,0.001063,3444
48338.094,4720, , ,0.97794055,0.97900369,0.1086%,0.001063,3445
48344.118,4721, ,* L  ,0.97794057,0.97900369,0.1086%,0.001063,3446
48347.522,4722, , ,0.97794057,0.97900369,0.1086%,0.001063,3447
48350.575,4723, ,* L  ,0.97794057,0.97900369,0.1086%,0.001063,3448
48354.03,4724, , ,0.97794057,0.97900369,0.1086%,0.001063,3449
48358.664,4725, , ,0.97794057,0.97900369,0.1086%,0.001063,3450
48364.155,4726, , ,0.97794057,0.97900369,0.1086%,0.001063,3451
48369.446,4727, ,* L  ,0.97794059,0.97900369,0.1086%,0.001063,3452
48375.471,4728, , ,0.97794059,0.97900369,0.1086%,0.001063,3453
48379.729,4729, ,* L  ,0.97794061,0.97900369,0.1086%,0.001063,3454
48387.554,4730, , ,0.97794061,0.97900369,0.1086%,0.001063,3455
48391.521,4731,Bound,* L  ,0.97794063,0.97900369,0.1086%,0.001063,3454
48396.245,4732, , ,0.97794063,0.97900369,0.1086%,0.001063,3455
48400.984,4733, ,* L  ,0.97794064,0.97900369,0.1086%,0.001063,3456
48404.644,4734, , ,0.97794064,0.97900369,0.1086%,0.001063,3457
48408.823,4735, ,* L  ,0.97794064,0.97900369,0.1086%,0.001063,3458
48412.241,4736, , ,0.97794064,0.97900369,0.1086%,0.001063,3459
48417.016,4737, , ,0.97794064,0.97900369,0.1086%,0.001063,3460
48420.573,4738, , ,0.97794064,0.97900369,0.1086%,0.001063,3461
48424.483,4739, ,* L  ,0.97794065,0.97900369,0.1086%,0.001063,3462
48429.003,4740, , ,0.97794065,0.97900369,0.1086%,0.001063,3463
48432.378,4741, ,* L  ,0.97794065,0.97900369,0.1086%,0.001063,3464
48435.364,4742, , ,0.97794065,0.97900369,0.1086%,0.001063,3465
48438.623,4743, , ,0.97794065,0.97900369,0.1086%,0.001063,3466
48445.004,4744, , ,0.97794065,0.97900369,0.1086%,0.001063,3467
48450.837,4745, ,* L  ,0.97794067,0.97900369,0.1086%,0.001063,3468
48454.329,4746, , ,0.97794067,0.97900369,0.1086%,0.001063,3469
48458.304,4747, ,* L  ,0.97794077,0.97900369,0.1086%,0.001063,3470
48461.967,4748, , ,0.97794077,0.97900369,0.1086%,0.001063,3471
48465.559,4749, ,* L  ,0.97794078,0.97900369,0.1086%,0.001063,3472
48469.153,4750, , ,0.97794078,0.97900369,0.1086%,0.001063,3473
48473.28,4751, ,* L  ,0.97794078,0.97900369,0.1086%,0.001063,3474
48477.277,4752, , ,0.97794078,0.97900369,0.1086%,0.001063,3475
48481.191,4753, , ,0.97794078,0.97900369,0.1086%,0.001063,3476
48485.195,4754, , ,0.97794078,0.97900369,0.1086%,0.001063,3477
48488.724,4755, ,* L  ,0.9779408,0.97900369,0.1086%,0.001063,3478
48492.507,4756, , ,0.9779408,0.97900369,0.1086%,0.001063,3479
48496.006,4757, ,* L  ,0.9779408,0.97900369,0.1086%,0.001063,3480
48499.766,4758, , ,0.9779408,0.97900369,0.1086%,0.001063,3481
48503.797,4759, , ,0.9779408,0.97900369,0.1086%,0.001063,3482
48508.433,4760, , ,0.9779408,0.97900369,0.1086%,0.001063,3483
48512.418,4761, ,* L  ,0.97794082,0.97900369,0.1086%,0.001063,3484
48516.641,4762, , ,0.97794082,0.97900369,0.1086%,0.001063,3485
48520.694,4763, ,* L  ,0.97794082,0.97900369,0.1086%,0.001063,3486
48525.61,4764, , ,0.97794082,0.97900369,0.1086%,0.001063,3487
48529.505,4765, , ,0.97794082,0.97900369,0.1086%,0.001063,3488
48536.127,4766, , ,0.97794082,0.97900369,0.1086%,0.001063,3489
48543.431,4767, ,* L  ,0.97794084,0.97900369,0.1086%,0.001063,3490
48548.284,4768, , ,0.97794084,0.97900369,0.1086%,0.001063,3491
48553.495,4769, ,* L  ,0.97794085,0.97900369,0.1086%,0.001063,3492
48559.026,4770, , ,0.97794085,0.97900369,0.1086%,0.001063,3493
48565.183,4771, ,* L  ,0.97794085,0.97900369,0.1086%,0.001063,3494
48570.883,4772, , ,0.97794085,0.97900369,0.1086%,0.001063,3495
48575.842,4773, ,* L  ,0.97794085,0.97900369,0.1086%,0.001063,3496
48579.406,4774, , ,0.97794085,0.97900369,0.1086%,0.001063,3497
48584.281,4775, , ,0.97794085,0.97900369,0.1086%,0.001063,3498
48588.644,4776, , ,0.97794085,0.97900369,0.1086%,0.001063,3499
48593.362,4777, ,* L  ,0.97794087,0.97900369,0.1086%,0.001063,3500
48599.484,4778, , ,0.97794087,0.97900369,0.1086%,0.001063,3501
48603.767,4779, ,* L  ,0.97794087,0.97900369,0.1086%,0.001063,3502
48607.891,4780, , ,0.97794087,0.97900369,0.1086%,0.001063,3503
48613.938,4781, , ,0.97794087,0.97900369,0.1086%,0.001063,3504
48618.974,4782, , ,0.97794087,0.97900369,0.1086%,0.001063,3505
48625.712,4783, ,* L  ,0.97794089,0.97900369,0.1086%,0.001063,3506
48632.573,4784, , ,0.97794089,0.97900369,0.1086%,0.001063,3507
48638.822,4785, ,* L  ,0.9779409,0.97900369,0.1086%,0.001063,3508
48645.586,4786, , ,0.9779409,0.97900369,0.1086%,0.001063,3509
48652.077,4787, ,* L  ,0.9779409,0.97900369,0.1086%,0.001063,3510
48657.911,4788, , ,0.9779409,0.97900369,0.1086%,0.001063,3511
48664.33,4789, , ,0.9779409,0.97900369,0.1086%,0.001063,3512
48670.416,4790, , ,0.9779409,0.97900369,0.1086%,0.001063,3513
48677.325,4791, ,* L  ,0.97794091,0.97900369,0.1086%,0.001063,3514
48682.999,4792, , ,0.97794091,0.97900369,0.1086%,0.001063,3515
48686.983,4793, ,* L  ,0.97794091,0.97900369,0.1086%,0.001063,3516
48691.054,4794, , ,0.97794091,0.97900369,0.1086%,0.001063,3517
48694.348,4795, , ,0.97794091,0.97900369,0.1086%,0.001063,3518
48699.254,4796, , ,0.97794091,0.97900369,0.1086%,0.001063,3519
48703.261,4797, ,* L  ,0.97794096,0.97900369,0.1086%,0.001063,3520
48708.116,4798, , ,0.97794096,0.97900369,0.1086%,0.001063,3521
48713.39,4799, ,* L  ,0.97794098,0.97900369,0.1085%,0.001063,3522
48717.246,4800, , ,0.97794098,0.97900369,0.1085%,0.001063,3523
48721.012,4801, ,* L  ,0.97794098,0.97900369,0.1085%,0.001063,3524
48724.705,4802, , ,0.97794098,0.97900369,0.1085%,0.001063,3525
48731.235,4803, , ,0.97794098,0.97900369,0.1085%,0.001063,3526
48737.753,4804, , ,0.97794098,0.97900369,0.1085%,0.001063,3527
48742.08,4805, ,* L  ,0.97794099,0.97900369,0.1085%,0.001063,3528
48745.671,4806, , ,0.97794099,0.97900369,0.1085%,0.001063,3529
48750.378,4807, ,* L  ,0.97794099,0.97900369,0.1085%,0.001063,3530
48753.512,4808, , ,0.97794099,0.97900369,0.1085%,0.001063,3531
48758.377,4809, , ,0.97794099,0.97900369,0.1085%,0.001063,3532
48762.6,4810, , ,0.97794099,0.97900369,0.1085%,0.001063,3533
48767.12,4811, ,* L  ,0.977941,0.97900369,0.1085%,0.001063,3534
48770.183,4812, , ,0.977941,0.97900369,0.1085%,0.001063,3535
48773.224,4813, ,* L  ,0.977941,0.97900369,0.1085%,0.001063,3536
48776.524,4814, , ,0.977941,0.97900369,0.1085%,0.001063,3537
48779.291,4815, , ,0.977941,0.97900369,0.1085%,0.001063,3538
48781.9,4816, , ,0.977941,0.97900369,0.1085%,0.001063,3539
48784.888,4817, ,* L  ,0.97794101,0.97900369,0.1085%,0.001063,3540
48788.082,4818, , ,0.97794101,0.97900369,0.1085%,0.001063,3541
48791.163,4819, ,* L  ,0.97794101,0.97900369,0.1085%,0.001063,3542
48794.127,4820, , ,0.97794101,0.97900369,0.1085%,0.001063,3543
48797.58,4821, , ,0.97794101,0.97900369,0.1085%,0.001063,3544
48800.926,4822, , ,0.97794101,0.97900369,0.1085%,0.001063,3545
48807.997,4823, ,* L  ,0.97794104,0.97900369,0.1085%,0.001063,3546
48812.895,4824, , ,0.97794104,0.97900369,0.1085%,0.001063,3547
48816.798,4825, ,* L  ,0.97794104,0.97900369,0.1085%,0.001063,3548
48821.171,4826, , ,0.97794104,0.97900369,0.1085%,0.001063,3549
48825.133,4827, ,* L  ,0.97794104,0.97900369,0.1085%,0.001063,3550
48828.983,4828, , ,0.97794104,0.97900369,0.1085%,0.001063,3551
48832.865,4829, , ,0.97794104,0.97900369,0.1085%,0.001063,3552
48836.133,4830, , ,0.97794104,0.97900369,0.1085%,0.001063,3553
48840.143,4831, ,* L  ,0.97794108,0.97900369,0.1085%,0.001063,3554
48844.156,4832, , ,0.97794108,0.97900369,0.1085%,0.001063,3555
48848.12,4833, ,* L  ,0.97794112,0.97900369,0.1085%,0.001063,3556
48854.129,4834, , ,0.97794112,0.97900369,0.1085%,0.001063,3557
48857.518,4835, ,* L  ,0.97794113,0.97900369,0.1085%,0.001063,3558
48860.901,4836, , ,0.97794113,0.97900369,0.1085%,0.001063,3559
48864.262,4837, ,* L  ,0.97794113,0.97900369,0.1085%,0.001063,3560
48867.448,4838, , ,0.97794113,0.97900369,0.1085%,0.001063,3561
48871.405,4839, , ,0.97794113,0.97900369,0.1085%,0.001063,3562
48874.525,4840, , ,0.97794113,0.97900369,0.1085%,0.001063,3563
48878.797,4841, ,* L  ,0.97794116,0.97900369,0.1085%,0.001063,3564
48882.345,4842, , ,0.97794116,0.97900369,0.1085%,0.001063,3565
48885.81,4843, ,* L  ,0.97794119,0.97900369,0.1085%,0.001062,3566
48889.272,4844, , ,0.97794119,0.97900369,0.1085%,0.001062,3567
48896.557,4845, ,* L  ,0.97794119,0.97900369,0.1085%,0.001062,3568
48903.106,4846, , ,0.97794119,0.97900369,0.1085%,0.001062,3569
48908.659,4847, , ,0.97794119,0.97900369,0.1085%,0.001062,3570
48912.615,4848, , ,0.97794119,0.97900369,0.1085%,0.001062,3571
48917.878,4849, ,* L  ,0.9779412,0.97900369,0.1085%,0.001062,3572
48924.9,4850, , ,0.9779412,0.97900369,0.1085%,0.001062,3573
48929.303,4851, ,* L  ,0.9779412,0.97900369,0.1085%,0.001062,3574
48933.501,4852, , ,0.9779412,0.97900369,0.1085%,0.001062,3575
48939.418,4853, , ,0.9779412,0.97900369,0.1085%,0.001062,3576
48944.06,4854, , ,0.9779412,0.97900369,0.1085%,0.001062,3577
48948.709,4855, ,* L  ,0.97794121,0.97900369,0.1085%,0.001062,3578
48952.815,4856, , ,0.97794121,0.97900369,0.1085%,0.001062,3579
48957.32,4857, ,* L  ,0.97794121,0.97900369,0.1085%,0.001062,3580
48961.492,4858, , ,0.97794121,0.97900369,0.1085%,0.001062,3581
48966.625,4859, , ,0.97794121,0.97900369,0.1085%,0.001062,3582
48972.324,4860, , ,0.97794121,0.97900369,0.1085%,0.001062,3583
48977.828,4861, ,* L  ,0.97794123,0.97900369,0.1085%,0.001062,3584
48984.72,4862, , ,0.97794123,0.97900369,0.1085%,0.001062,3585
48990.199,4863, ,* L  ,0.97794123,0.97900369,0.1085%,0.001062,3586
48996.971,4864, , ,0.97794123,0.97900369,0.1085%,0.001062,3587
49004.141,4865, ,* L  ,0.97794123,0.97900369,0.1085%,0.001062,3588
49009.926,4866, , ,0.97794123,0.97900369,0.1085%,0.001062,3589
49016.578,4867, , ,0.97794123,0.97900369,0.1085%,0.001062,3590
49022.983,4868, , ,0.97794123,0.97900369,0.1085%,0.001062,3591
49029.885,4869, ,* L  ,0.97794125,0.97900369,0.1085%,0.001062,3592
49036.58,4870, , ,0.97794125,0.97900369,0.1085%,0.001062,3593
49043.524,4871, ,* L  ,0.97794125,0.97900369,0.1085%,0.001062,3594
49050.061,4872, , ,0.97794125,0.97900369,0.1085%,0.001062,3595
49056.626,4873, , ,0.97794125,0.97900369,0.1085%,0.001062,3596
49063.159,4874, , ,0.97794125,0.97900369,0.1085%,0.001062,3597
49069.775,4875, ,* L  ,0.97794133,0.97900369,0.1085%,0.001062,3598
49077.108,4876, , ,0.97794133,0.97900369,0.1085%,0.001062,3599
49083.129,4877, ,* L  ,0.97794133,0.97900369,0.1085%,0.001062,3600
49089.681,4878, , ,0.97794133,0.97900369,0.1085%,0.001062,3601
49096.428,4879, , ,0.97794133,0.97900369,0.1085%,0.001062,3602
49103.238,4880, , ,0.97794133,0.97900369,0.1085%,0.001062,3603
49110.453,4881, ,* L  ,0.97794135,0.97900369,0.1085%,0.001062,3604
49116.448,4882, , ,0.97794135,0.97900369,0.1085%,0.001062,3605
49123.335,4883, ,* L  ,0.97794135,0.97900369,0.1085%,0.001062,3606
49130.138,4884, , ,0.97794135,0.97900369,0.1085%,0.001062,3607
49136.355,4885, , ,0.97794135,0.97900369,0.1085%,0.001062,3608
49140.134,4886, , ,0.97794135,0.97900369,0.1085%,0.001062,3609
49146.935,4887, ,* L  ,0.97794135,0.97900369,0.1085%,0.001062,3610
49152.109,4888, , ,0.97794135,0.97900369,0.1085%,0.001062,3611
49155.929,4889, ,* L  ,0.97794135,0.97900369,0.1085%,0.001062,3612
49160.464,4890, , ,0.97794135,0.97900369,0.1085%,0.001062,3613
49164.879,4891, , ,0.97794135,0.97900369,0.1085%,0.001062,3614
49169.272,4892, , ,0.97794135,0.97900369,0.1085%,0.001062,3615
49173.156,4893, ,* L  ,0.97794136,0.97900369,0.1085%,0.001062,3616
49178.024,4894, , ,0.97794136,0.97900369,0.1085%,0.001062,3617
49183.07,4895, ,* L  ,0.97794136,0.97900369,0.1085%,0.001062,3618
49190.122,4896, , ,0.97794136,0.97900369,0.1085%,0.001062,3619
49197.196,4897, ,* L  ,0.97794146,0.97900369,0.1085%,0.001062,3620
49204.312,4898, , ,0.97794146,0.97900369,0.1085%,0.001062,3621
49211.369,4899, ,* L  ,0.97794146,0.97900369,0.1085%,0.001062,3622
49215.787,4900, , ,0.97794146,0.97900369,0.1085%,0.001062,3623
49219.796,4901, , ,0.97794146,0.97900369,0.1085%,0.001062,3624
49223.152,4902, , ,0.97794146,0.97900369,0.1085%,0.001062,3625
49226.482,4903, ,* L  ,0.97794147,0.97900369,0.1085%,0.001062,3626
49229.473,4904, , ,0.97794147,0.97900369,0.1085%,0.001062,3627
49232.595,4905, ,* L  ,0.97794147,0.97900369,0.1085%,0.001062,3628
49235.715,4906, , ,0.97794147,0.97900369,0.1085%,0.001062,3629
49239.269,4907, , ,0.97794147,0.97900369,0.1085%,0.001062,3630
49242.614,4908, , ,0.97794147,0.97900369,0.1085%,0.001062,3631
49245.94,4909, ,* L  ,0.97794148,0.97900369,0.1085%,0.001062,3632
49249.572,4910, , ,0.97794148,0.97900369,0.1085%,0.001062,3633
49256.881,4911, ,* L  ,0.97794148,0.97900369,0.1085%,0.001062,3634
49263.671,4912, , ,0.97794148,0.97900369,0.1085%,0.001062,3635
49267.442,4913, , ,0.97794148,0.97900369,0.1085%,0.001062,3636
49270.664,4914, , ,0.97794148,0.97900369,0.1085%,0.001062,3637
49273.733,4915, ,* L  ,0.97794149,0.97900369,0.1085%,0.001062,3638
49278.71,4916, , ,0.97794149,0.97900369,0.1085%,0.001062,3639
49285.883,4917, ,* L  ,0.97794149,0.97900369,0.1085%,0.001062,3640
49292.719,4918, , ,0.97794149,0.97900369,0.1085%,0.001062,3641
49299.867,4919, , ,0.97794149,0.97900369,0.1085%,0.001062,3642
49306.862,4920, , ,0.97794149,0.97900369,0.1085%,0.001062,3643
49313.432,4921, ,* L  ,0.97794151,0.97900369,0.1085%,0.001062,3644
49321.216,4922, , ,0.97794151,0.97900369,0.1085%,0.001062,3645
49328.921,4923, ,* L  ,0.97794153,0.97900369,0.1085%,0.001062,3646
49336.021,4924, , ,0.97794153,0.97900369,0.1085%,0.001062,3647
49342.493,4925, ,* L  ,0.97794153,0.97900369,0.1085%,0.001062,3648
49348.705,4926, , ,0.97794153,0.97900369,0.1085%,0.001062,3649
49352.422,4927, , ,0.97794153,0.97900369,0.1085%,0.001062,3650
49356.036,4928, , ,0.97794153,0.97900369,0.1085%,0.001062,3651
49361.052,4929, ,* L  ,0.97794154,0.97900369,0.1085%,0.001062,3652
49365.483,4930, , ,0.97794154,0.97900369,0.1085%,0.001062,3653
49371.615,4931, ,* L  ,0.97794154,0.97900369,0.1085%,0.001062,3654
49376.263,4932, , ,0.97794154,0.97900369,0.1085%,0.001062,3655
49381.271,4933, , ,0.97794154,0.97900369,0.1085%,0.001062,3656
49385.563,4934, , ,0.97794154,0.97900369,0.1085%,0.001062,3657
49389.74,4935, ,* L  ,0.97794156,0.97900369,0.1085%,0.001062,3658
49393.481,4936, , ,0.97794156,0.97900369,0.1085%,0.001062,3659
49399.817,4937, ,* L  ,0.97794156,0.97900369,0.1085%,0.001062,3660
49406.363,4938, , ,0.97794156,0.97900369,0.1085%,0.001062,3661
49413.84,4939, , ,0.97794156,0.97900369,0.1085%,0.001062,3662
49420.504,4940, , ,0.97794156,0.97900369,0.1085%,0.001062,3663
49427.714,4941, ,* L  ,0.97794158,0.97900369,0.1085%,0.001062,3664
49434.336,4942, , ,0.97794158,0.97900369,0.1085%,0.001062,3665
49441.619,4943, ,* L  ,0.97794165,0.97900369,0.1085%,0.001062,3666
49448.463,4944, , ,0.97794165,0.97900369,0.1085%,0.001062,3667
49455.129,4945, ,* L  ,0.97794167,0.97900369,0.1085%,0.001062,3668
49458.143,4946, , ,0.97794167,0.97900369,0.1085%,0.001062,3669
49461.136,4947, ,* L  ,0.97794167,0.97900369,0.1085%,0.001062,3670
49464.146,4948, , ,0.97794167,0.97900369,0.1085%,0.001062,3671
49467.498,4949, , ,0.97794167,0.97900369,0.1085%,0.001062,3672
49470.66,4950, , ,0.97794167,0.97900369,0.1085%,0.001062,3673
49473.814,4951, ,* L  ,0.97794167,0.97900369,0.1085%,0.001062,3674
49477.704,4952, , ,0.97794167,0.97900369,0.1085%,0.001062,3675
49481.359,4953, ,* L  ,0.97794173,0.97900369,0.1085%,0.001062,3676
49486.46,4954, , ,0.97794173,0.97900369,0.1085%,0.001062,3677
49490.67,4955, ,* L  ,0.97794174,0.97900369,0.1085%,0.001062,3678
49494.95,4956, , ,0.97794174,0.97900369,0.1085%,0.001062,3679
49499.204,4957, ,* L  ,0.97794176,0.97900369,0.1085%,0.001062,3680
49502.464,4958, , ,0.97794176,0.97900369,0.1085%,0.001062,3681
49506.13,4959, ,* L  ,0.97794182,0.97900369,0.1085%,0.001062,3682
49509.653,4960, , ,0.97794182,0.97900369,0.1085%,0.001062,3683
49513.202,4961, ,* L  ,0.97794188,0.97900369,0.1085%,0.001062,3684
49516.58,4962, , ,0.97794188,0.97900369,0.1085%,0.001062,3685
49520.23,4963, ,* L  ,0.97794188,0.97900369,0.1085%,0.001062,3686
49524.25,4964, , ,0.97794188,0.97900369,0.1085%,0.001062,3687
49528.594,4965, ,* L  ,0.97794188,0.97900369,0.1085%,0.001062,3688
49532.515,4966, , ,0.97794188,0.97900369,0.1085%,0.001062,3689
49536.308,4967, ,* L  ,0.97794188,0.97900369,0.1085%,0.001062,3690
49540.465,4968, , ,0.97794188,0.97900369,0.1085%,0.001062,3691
49547.574,4969, , ,0.97794188,0.97900369,0.1085%,0.001062,3692
49554.212,4970, , ,0.97794188,0.97900369,0.1085%,0.001062,3693
49561.263,4971, ,* L  ,0.97794191,0.97900369,0.1085%,0.001062,3694
49568.358,4972, , ,0.97794191,0.97900369,0.1085%,0.001062,3695
49574.077,4973, ,* L  ,0.97794191,0.97900369,0.1085%,0.001062,3696
49578.525,4974, , ,0.97794191,0.97900369,0.1085%,0.001062,3697
49583.067,4975, , ,0.97794191,0.97900369,0.1085%,0.001062,3698
49587.884,4976, , ,0.97794191,0.97900369,0.1085%,0.001062,3699
49593.828,4977, ,* L  ,0.97794193,0.97900369,0.1085%,0.001062,3700
49599.06,4978, , ,0.97794193,0.97900369,0.1085%,0.001062,3701
49603.999,4979, ,* L  ,0.97794193,0.97900369,0.1085%,0.001062,3702
49609.185,4980, , ,0.97794193,0.97900369,0.1085%,0.001062,3703
49616.382,4981, , ,0.97794193,0.97900369,0.1085%,0.001062,3704
49621.791,4982, , ,0.97794193,0.97900369,0.1085%,0.001062,3705
49626.755,4983, ,* L  ,0.97794194,0.97900369,0.1085%,0.001062,3706
49630.463,4984, , ,0.97794194,0.97900369,0.1085%,0.001062,3707
49633.797,4985, ,* L  ,0.97794194,0.97900369,0.1085%,0.001062,3708
49637.146,4986, , ,0.97794194,0.97900369,0.1085%,0.001062,3709
49640.494,4987, , ,0.97794194,0.97900369,0.1085%,0.001062,3710
49643.733,4988, , ,0.97794194,0.97900369,0.1085%,0.001062,3711
49646.914,4989, ,* L  ,0.97794197,0.97900369,0.1084%,0.001062,3712
49650.421,4990, , ,0.97794197,0.97900369,0.1084%,0.001062,3713
49653.647,4991, ,* L  ,0.97794197,0.97900369,0.1084%,0.001062,3714
49657.658,4992, , ,0.97794197,0.97900369,0.1084%,0.001062,3715
49662.948,4993, , ,0.97794197,0.97900369,0.1084%,0.001062,3716
49666.902,4994, , ,0.97794197,0.97900369,0.1084%,0.001062,3717
49670.369,4995, ,* L  ,0.97794198,0.97900369,0.1084%,0.001062,3718
49674.171,4996, , ,0.97794198,0.97900369,0.1084%,0.001062,3719
49677.847,4997, ,* L  ,0.97794198,0.97900369,0.1084%,0.001062,3720
49681.215,4998, , ,0.97794198,0.97900369,0.1084%,0.001062,3721
49685.667,4999, , ,0.97794198,0.97900369,0.1084%,0.001062,3722
49689.062,5000, , ,0.97794198,0.97900369,0.1084%,0.001062,3723
49692.567,5001, ,* L  ,0.97794198,0.97900369,0.1084%,0.001062,3724
49696.512,5002, , ,0.97794198,0.97900369,0.1084%,0.001062,3725
49700.341,5003, ,* L  ,0.97794198,0.97900369,0.1084%,0.001062,3726
49704.119,5004, , ,0.97794198,0.97900369,0.1084%,0.001062,3727
49711.191,5005, ,* L  ,0.977942,0.97900369,0.1084%,0.001062,3728
49718.424,5006, , ,0.977942,0.97900369,0.1084%,0.001062,3729
49725.569,5007, ,* L  ,0.977942,0.97900369,0.1084%,0.001062,3730
49731.979,5008, , ,0.977942,0.97900369,0.1084%,0.001062,3731
49739.274,5009, , ,0.977942,0.97900369,0.1084%,0.001062,3732
49743.066,5010, , ,0.977942,0.97900369,0.1084%,0.001062,3733
49746.79,5011, ,* L  ,0.977942,0.97900369,0.1084%,0.001062,3734
49750.652,5012, , ,0.977942,0.97900369,0.1084%,0.001062,3735
49757.82,5013, ,* L  ,0.977942,0.97900369,0.1084%,0.001062,3736
49764.769,5014, , ,0.977942,0.97900369,0.1084%,0.001062,3737
49768.372,5015, , ,0.977942,0.97900369,0.1084%,0.001062,3738
49771.82,5016, , ,0.977942,0.97900369,0.1084%,0.001062,3739
49775.353,5017, ,* L  ,0.97794201,0.97900369,0.1084%,0.001062,3740
49779.368,5018, , ,0.97794201,0.97900369,0.1084%,0.001062,3741
49782.775,5019, ,* L  ,0.97794201,0.97900369,0.1084%,0.001062,3742
49785.788,5020, , ,0.97794201,0.97900369,0.1084%,0.001062,3743
49789.647,5021, , ,0.97794201,0.97900369,0.1084%,0.001062,3744
49793.019,5022, , ,0.97794201,0.97900369,0.1084%,0.001062,3745
49799.099,5023, ,* L  ,0.97794202,0.97900369,0.1084%,0.001062,3746
49803.035,5024, , ,0.97794202,0.97900369,0.1084%,0.001062,3747
49806.577,5025, ,* L  ,0.97794202,0.97900369,0.1084%,0.001062,3748
49809.79,5026, , ,0.97794202,0.97900369,0.1084%,0.001062,3749
49813.033,5027, , ,0.97794202,0.97900369,0.1084%,0.001062,3750
49816.258,5028, , ,0.97794202,0.97900369,0.1084%,0.001062,3751
49819.584,5029, ,* L  ,0.97794203,0.97900369,0.1084%,0.001062,3752
49827.123,5030, , ,0.97794203,0.97900369,0.1084%,0.001062,3753
49834.92,5031, , ,0.97794203,0.97900369,0.1084%,0.001062,3754
49841.908,5032, , ,0.97794203,0.97900369,0.1084%,0.001062,3755
49848.142,5033, , ,0.97794203,0.97900369,0.1084%,0.001062,3756
49853.822,5034, , ,0.97794203,0.97900369,0.1084%,0.001062,3757
49861.374,5035, ,* L  ,0.97794204,0.97900369,0.1084%,0.001062,3758
49873.074,5036, , ,0.97794204,0.97900369,0.1084%,0.001062,3759
49884.851,5037, , ,0.97794204,0.97900369,0.1084%,0.001062,3760
49891.683,5038, , ,0.97794204,0.97900369,0.1084%,0.001062,3761
49904.066,5039, , ,0.97794204,0.97900369,0.1084%,0.001062,3762
49921.553,5040, , ,0.97794204,0.97900369,0.1084%,0.001062,3763
49933.183,5041, , ,0.97794204,0.97900369,0.1084%,0.001062,3764
49942.966,5042, , ,0.97794204,0.97900369,0.1084%,0.001062,3765
49957.262,5043, , ,0.97794204,0.97900369,0.1084%,0.001062,3766
49969.263,5044, , ,0.97794204,0.97900369,0.1084%,0.001062,3767
49983.237,5045, , ,0.97794204,0.97900369,0.1084%,0.001062,3768
49996.919,5046, , ,0.97794204,0.97900369,0.1084%,0.001062,3769
50009.334,5047, , ,0.97794204,0.97900369,0.1084%,0.001062,3770
50021.415,5048, , ,0.97794204,0.97900369,0.1084%,0.001062,3771
50032.849,5049, , ,0.97794204,0.97900369,0.1084%,0.001062,3772
50040.93,5050, , ,0.97794204,0.97900369,0.1084%,0.001062,3773
50052.58,5051, , ,0.97794204,0.97900369,0.1084%,0.001062,3774
50064.436,5052, , ,0.97794204,0.97900369,0.1084%,0.001062,3775
50079.276,5053, , ,0.97794204,0.97900369,0.1084%,0.001062,3776
50094.134,5054, , ,0.97794204,0.97900369,0.1084%,0.001062,3777
50108.018,5055, , ,0.97794204,0.97900369,0.1084%,0.001062,3778
50120.038,5056, , ,0.97794204,0.97900369,0.1084%,0.001062,3779
50133.227,5057, , ,0.97794204,0.97900369,0.1084%,0.001062,3780
50144.228,5058, , ,0.97794204,0.97900369,0.1084%,0.001062,3781
50157.21,5059, , ,0.97794204,0.97900369,0.1084%,0.001062,3782
50169.383,5060, , ,0.97794204,0.97900369,0.1084%,0.001062,3783
50184.974,5061, , ,0.97794204,0.97900369,0.1084%,0.001062,3784
50197.018,5062, , ,0.97794204,0.97900369,0.1084%,0.001062,3785
50210.679,5063, , ,0.97794204,0.97900369,0.1084%,0.001062,3786
50222.378,5064, , ,0.97794204,0.97900369,0.1084%,0.001062,3787
50234.43,5065, ,* L  ,0.97794204,0.97900369,0.1084%,0.001062,3788
50238.439,5066, , ,0.97794204,0.97900369,0.1084%,0.001062,3789
50242.041,5067, ,* L  ,0.97794207,0.97900369,0.1084%,0.001062,3790
50246.134,5068, , ,0.97794207,0.97900369,0.1084%,0.001062,3791
50250.274,5069, ,* L  ,0.97794214,0.97900369,0.1084%,0.001062,3792
50253.9,5070, , ,0.97794214,0.97900369,0.1084%,0.001062,3793
50257.696,5071, ,* L  ,0.97794214,0.97900369,0.1084%,0.001062,3794
50261.186,5072, , ,0.97794214,0.97900369,0.1084%,0.001062,3795
50265.108,5073, , ,0.97794214,0.97900369,0.1084%,0.001062,3796
50268.531,5074, , ,0.97794214,0.97900369,0.1084%,0.001062,3797
50272.063,5075, ,* L  ,0.9779422,0.97900369,0.1084%,0.001061,3798
50276.027,5076, , ,0.9779422,0.97900369,0.1084%,0.001061,3799
50279.906,5077, ,* L  ,0.97794233,0.97900369,0.1084%,0.001061,3800
50283.667,5078, , ,0.97794233,0.97900369,0.1084%,0.001061,3801
50287.162,5079, ,* L  ,0.97794233,0.97900369,0.1084%,0.001061,3802
50290.533,5080, , ,0.97794233,0.97900369,0.1084%,0.001061,3803
50293.979,5081, , ,0.97794233,0.97900369,0.1084%,0.001061,3804
50297.25,5082, , ,0.97794233,0.97900369,0.1084%,0.001061,3805
50300.881,5083, ,* L  ,0.97794234,0.97900369,0.1084%,0.001061,3806
50304.737,5084, , ,0.97794234,0.97900369,0.1084%,0.001061,3807
50311.106,5085, ,* L  ,0.97794234,0.97900369,0.1084%,0.001061,3808
50316.185,5086, , ,0.97794234,0.97900369,0.1084%,0.001061,3809
50322.278,5087, , ,0.97794234,0.97900369,0.1084%,0.001061,3810
50329.108,5088, , ,0.97794234,0.97900369,0.1084%,0.001061,3811
50336.815,5089, ,* L  ,0.9779424,0.97900369,0.1084%,0.001061,3812
50344.522,5090, , ,0.9779424,0.97900369,0.1084%,0.001061,3813
50352.038,5091, ,* L  ,0.97794245,0.97900369,0.1084%,0.001061,3814
50360.047,5092, , ,0.97794245,0.97900369,0.1084%,0.001061,3815
50367.84,5093, ,* L  ,0.97794246,0.97900369,0.1084%,0.001061,3816
50375.781,5094, , ,0.97794246,0.97900369,0.1084%,0.001061,3817
50383.72,5095, ,* L  ,0.97794249,0.97900369,0.1084%,0.001061,3818
50391.078,5096, , ,0.97794249,0.97900369,0.1084%,0.001061,3819
50398.376,5097, ,* L  ,0.9779425,0.97900369,0.1084%,0.001061,3820
50406.16,5098, , ,0.9779425,0.97900369,0.1084%,0.001061,3821
50413.952,5099, ,* L  ,0.97794252,0.97900369,0.1084%,0.001061,3822
50420.976,5100, , ,0.97794252,0.97900369,0.1084%,0.001061,3823
50427.795,5101, ,* L  ,0.97794252,0.97900369,0.1084%,0.001061,3824
50434.698,5102, , ,0.97794252,0.97900369,0.1084%,0.001061,3825
50442.504,5103, , ,0.97794252,0.97900369,0.1084%,0.001061,3826
50447.966,5104, , ,0.97794252,0.97900369,0.1084%,0.001061,3827
50453.442,5105, ,* L  ,0.97794255,0.97900369,0.1084%,0.001061,3828
50459.029,5106, , ,0.97794255,0.97900369,0.1084%,0.001061,3829
50465.173,5107, ,* L  ,0.97794255,0.97900369,0.1084%,0.001061,3830
50471.299,5108, , ,0.97794255,0.97900369,0.1084%,0.001061,3831
50476.987,5109, , ,0.97794255,0.97900369,0.1084%,0.001061,3832
50484.497,5110, , ,0.97794255,0.97900369,0.1084%,0.001061,3833
50491.738,5111, ,* L  ,0.97794258,0.97900369,0.1084%,0.001061,3834
50499.243,5112, , ,0.97794258,0.97900369,0.1084%,0.001061,3835
50506.639,5113, ,* L  ,0.9779426,0.97900369,0.1084%,0.001061,3836
50514.181,5114, , ,0.9779426,0.97900369,0.1084%,0.001061,3837
50521.944,5115, ,* L  ,0.9779426,0.97900369,0.1084%,0.001061,3838
50528.912,5116, , ,0.9779426,0.97900369,0.1084%,0.001061,3839
50536.121,5117, , ,0.9779426,0.97900369,0.1084%,0.001061,3840
50543.121,5118, , ,0.9779426,0.97900369,0.1084%,0.001061,3841
50550.132,5119, ,* L  ,0.97794268,0.97900369,0.1084%,0.001061,3842
50556.863,5120, , ,0.97794268,0.97900369,0.1084%,0.001061,3843
50564.135,5121, ,* L  ,0.97794268,0.97900369,0.1084%,0.001061,3844
50570.714,5122, , ,0.97794268,0.97900369,0.1084%,0.001061,3845
50578.977,5123, , ,0.97794268,0.97900369,0.1084%,0.001061,3846
50586.009,5124, , ,0.97794268,0.97900369,0.1084%,0.001061,3847
50592.812,5125, ,* L  ,0.97794271,0.97900369,0.1084%,0.001061,3848
50600.325,5126, , ,0.97794271,0.97900369,0.1084%,0.001061,3849
50607.549,5127, ,* L  ,0.97794277,0.97900369,0.1084%,0.001061,3850
50612.668,5128, , ,0.97794277,0.97900369,0.1084%,0.001061,3851
50616.028,5129, ,* L  ,0.97794277,0.97900369,0.1084%,0.001061,3852
50619.516,5130, , ,0.97794277,0.97900369,0.1084%,0.001061,3853
50623.564,5131, , ,0.97794277,0.97900369,0.1084%,0.001061,3854
50626.758,5132, , ,0.97794277,0.97900369,0.1084%,0.001061,3855
50634.136,5133, ,* L  ,0.97794281,0.97900369,0.1084%,0.001061,3856
50642.336,5134, , ,0.97794281,0.97900369,0.1084%,0.001061,3857
50649.476,5135, ,* L  ,0.97794289,0.97900369,0.1084%,0.001061,3858
50656.842,5136, , ,0.97794289,0.97900369,0.1084%,0.001061,3859
50664.028,5137, ,* L  ,0.97794289,0.97900369,0.1084%,0.001061,3860
50669.932,5138, , ,0.97794289,0.97900369,0.1084%,0.001061,3861
50676.512,5139, , ,0.97794289,0.97900369,0.1084%,0.001061,3862
50683.59,5140, , ,0.97794289,0.97900369,0.1084%,0.001061,3863
50689.946,5141, ,* L  ,0.97794292,0.97900369,0.1084%,0.001061,3864
50696.81,5142, , ,0.97794292,0.97900369,0.1084%,0.001061,3865
50703.528,5143, ,* L  ,0.97794299,0.97900369,0.1083%,0.001061,3866
50708.474,5144, , ,0.97794299,0.97900369,0.1083%,0.001061,3867
50714.494,5145, ,* L  ,0.97794299,0.97900369,0.1083%,0.001061,3868
50719.488,5146, , ,0.97794299,0.97900369,0.1083%,0.001061,3869
50727.099,5147, , ,0.97794299,0.97900369,0.1083%,0.001061,3870
50732.931,5148, , ,0.97794299,0.97900369,0.1083%,0.001061,3871
50737.455,5149, ,* L  ,0.977943,0.97900369,0.1083%,0.001061,3872
50741.04,5150, , ,0.977943,0.97900369,0.1083%,0.001061,3873
50745.627,5151, ,* L  ,0.97794306,0.97900369,0.1083%,0.001061,3874
50750.931,5152, , ,0.97794306,0.97900369,0.1083%,0.001061,3875
50756.496,5153, ,* L  ,0.97794308,0.97900369,0.1083%,0.001061,3876
50760.833,5154, , ,0.97794308,0.97900369,0.1083%,0.001061,3877
50765.205,5155, ,* L  ,0.97794308,0.97900369,0.1083%,0.001061,3878
50769.702,5156, , ,0.97794308,0.97900369,0.1083%,0.001061,3879
50774.553,5157, , ,0.97794308,0.97900369,0.1083%,0.001061,3880
50778.414,5158, , ,0.97794308,0.97900369,0.1083%,0.001061,3881
50782.956,5159, ,* L  ,0.9779432,0.97900369,0.1083%,0.00106,3882
50788.007,5160, , ,0.9779432,0.97900369,0.1083%,0.00106,3883
50792.679,5161, ,* L  ,0.9779432,0.97900369,0.1083%,0.00106,3884
50797.584,5162, , ,0.9779432,0.97900369,0.1083%,0.00106,3885
50801.827,5163, , ,0.9779432,0.97900369,0.1083%,0.00106,3886
50805.112,5164, , ,0.9779432,0.97900369,0.1083%,0.00106,3887
50808.419,5165, ,* L  ,0.97794322,0.97900369,0.1083%,0.00106,3888
50812.036,5166, , ,0.97794322,0.97900369,0.1083%,0.00106,3889
50815.913,5167, ,* L  ,0.97794322,0.97900369,0.1083%,0.00106,3890
50819.011,5168, , ,0.97794322,0.97900369,0.1083%,0.00106,3891
50822.731,5169, , ,0.97794322,0.97900369,0.1083%,0.00106,3892
50826.213,5170, , ,0.97794322,0.97900369,0.1083%,0.00106,3893
50829.748,5171, ,* L  ,0.97794324,0.97900369,0.1083%,0.00106,3894
50832.946,5172, , ,0.97794324,0.97900369,0.1083%,0.00106,3895
50836.401,5173, ,* L  ,0.97794324,0.97900369,0.1083%,0.00106,3896
50839.688,5174, , ,0.97794324,0.97900369,0.1083%,0.00106,3897
50843.022,5175, , ,0.97794324,0.97900369,0.1083%,0.00106,3898
50846.222,5176, , ,0.97794324,0.97900369,0.1083%,0.00106,3899
50849.515,5177, ,* L  ,0.97794327,0.97900369,0.1083%,0.00106,3900
50853.393,5178, , ,0.97794327,0.97900369,0.1083%,0.00106,3901
50857.694,5179, ,* L  ,0.9779433,0.97900369,0.1083%,0.00106,3902
50861.827,5180, , ,0.9779433,0.97900369,0.1083%,0.00106,3903
50865.202,5181, ,* L  ,0.9779433,0.97900369,0.1083%,0.00106,3904
50871.092,5182, , ,0.9779433,0.97900369,0.1083%,0.00106,3905
50878.689,5183, , ,0.9779433,0.97900369,0.1083%,0.00106,3906
50885.491,5184, , ,0.9779433,0.97900369,0.1083%,0.00106,3907
50892.679,5185, ,* L  ,0.97794333,0.97900369,0.1083%,0.00106,3908
50900.081,5186, , ,0.97794333,0.97900369,0.1083%,0.00106,3909
50907.431,5187, ,* L  ,0.97794333,0.97900369,0.1083%,0.00106,3910
50914.454,5188, , ,0.97794333,0.97900369,0.1083%,0.00106,3911
50921.358,5189, , ,0.97794333,0.97900369,0.1083%,0.00106,3912
50927.906,5190, , ,0.97794333,0.97900369,0.1083%,0.00106,3913
50932.345,5191, ,* L  ,0.97794334,0.97900369,0.1083%,0.00106,3914
50936.2,5192, , ,0.97794334,0.97900369,0.1083%,0.00106,3915
50942.137,5193, ,* L  ,0.97794334,0.97900369,0.1083%,0.00106,3916
50949.01,5194, , ,0.97794334,0.97900369,0.1083%,0.00106,3917
50955.534,5195, , ,0.97794334,0.97900369,0.1083%,0.00106,3918
50960.821,5196, , ,0.97794334,0.97900369,0.1083%,0.00106,3919
50966.707,5197, ,* L  ,0.97794347,0.97900369,0.1083%,0.00106,3920
50973.753,5198, , ,0.97794347,0.97900369,0.1083%,0.00106,3921
50979.294,5199, ,* L  ,0.97794351,0.97900369,0.1083%,0.00106,3922
50986.399,5200, , ,0.97794351,0.97900369,0.1083%,0.00106,3923
50992.672,5201, ,* L  ,0.97794364,0.97900369,0.1083%,0.00106,3924
50997.946,5202, , ,0.97794364,0.97900369,0.1083%,0.00106,3925
51002.069,5203, ,* L  ,0.97794364,0.97900369,0.1083%,0.00106,3926
51005.199,5204, , ,0.97794364,0.97900369,0.1083%,0.00106,3927
51009.369,5205, ,* L  ,0.97794372,0.97900369,0.1083%,0.00106,3928
51014.693,5206, , ,0.97794372,0.97900369,0.1083%,0.00106,3929
51021.417,5207, ,* L  ,0.97794386,0.97900369,0.1083%,0.00106,3930
51027.256,5208, , ,0.97794386,0.97900369,0.1083%,0.00106,3931
51034.231,5209, ,* L  ,0.97794391,0.97900369,0.1083%,0.00106,3932
51041.115,5210, , ,0.97794391,0.97900369,0.1083%,0.00106,3933
51048.354,5211, ,* L  ,0.97794393,0.97900369,0.1082%,0.00106,3934
51055.073,5212,Bound, ,0.97794393,0.97900369,0.1082%,0.00106,3933
51062.53,5213, ,* L  ,0.97794396,0.97900369,0.1082%,0.00106,3934
51068.884,5214, , ,0.97794396,0.97900369,0.1082%,0.00106,3935
51075.385,5215,Bound,* L  ,0.97794399,0.97900369,0.1082%,0.00106,3934
51081.595,5216, , ,0.97794399,0.97900369,0.1082%,0.00106,3935
51086.98,5217, ,* L  ,0.97794399,0.97900369,0.1082%,0.00106,3936
51093.074,5218, , ,0.97794399,0.97900369,0.1082%,0.00106,3937
51100.263,5219, , ,0.97794399,0.97900369,0.1082%,0.00106,3938
51106.262,5220, , ,0.97794399,0.97900369,0.1082%,0.00106,3939
51111.995,5221, ,* L  ,0.97794404,0.97900369,0.1082%,0.00106,3940
51119.351,5222, , ,0.97794404,0.97900369,0.1082%,0.00106,3941
51126.012,5223, ,* L  ,0.97794407,0.97900369,0.1082%,0.00106,3942
51132.759,5224, , ,0.97794407,0.97900369,0.1082%,0.00106,3943
51140.085,5225, ,* L  ,0.97794407,0.97900369,0.1082%,0.00106,3944
51146.434,5226, , ,0.97794407,0.97900369,0.1082%,0.00106,3945
51153.231,5227, , ,0.97794407,0.97900369,0.1082%,0.00106,3946
51159.394,5228, , ,0.97794407,0.97900369,0.1082%,0.00106,3947
51166.15,5229, ,* L  ,0.97794408,0.97900369,0.1082%,0.00106,3948
51172.771,5230, , ,0.97794408,0.97900369,0.1082%,0.00106,3949
51179.611,5231, ,* L  ,0.97794408,0.97900369,0.1082%,0.00106,3950
51186.06,5232, , ,0.97794408,0.97900369,0.1082%,0.00106,3951
51193.169,5233, , ,0.97794408,0.97900369,0.1082%,0.00106,3952
51199.716,5234, , ,0.97794408,0.97900369,0.1082%,0.00106,3953
51206.625,5235, ,* L  ,0.97794408,0.97900369,0.1082%,0.00106,3954
51213.235,5236, , ,0.97794408,0.97900369,0.1082%,0.00106,3955
51219.815,5237, ,* L  ,0.97794409,0.97900369,0.1082%,0.00106,3956
51226.546,5238, , ,0.97794409,0.97900369,0.1082%,0.00106,3957
51233.839,5239, ,* L  ,0.97794411,0.97900369,0.1082%,0.00106,3958
51243.15,5240, , ,0.97794411,0.97900369,0.1082%,0.00106,3959
51250.034,5241, ,* L  ,0.97794412,0.97900369,0.1082%,0.00106,3960
51256.864,5242, , ,0.97794412,0.97900369,0.1082%,0.00106,3961
51263.977,5243, ,* L  ,0.97794412,0.97900369,0.1082%,0.00106,3962
51270.486,5244, , ,0.97794412,0.97900369,0.1082%,0.00106,3963
51277.955,5245, , ,0.97794412,0.97900369,0.1082%,0.00106,3964
51283.331,5246, , ,0.97794412,0.97900369,0.1082%,0.00106,3965
51290.439,5247, ,* L  ,0.97794414,0.97900369,0.1082%,0.00106,3966
51297.325,5248, , ,0.97794414,0.97900369,0.1082%,0.00106,3967
51304.367,5249, ,* L  ,0.97794414,0.97900369,0.1082%,0.00106,3968
51311.336,5250, , ,0.97794414,0.97900369,0.1082%,0.00106,3969
51318.412,5251, , ,0.97794414,0.97900369,0.1082%,0.00106,3970
51325.064,5252, , ,0.97794414,0.97900369,0.1082%,0.00106,3971
51332.685,5253, ,* L  ,0.97794414,0.97900369,0.1082%,0.00106,3972
51339.931,5254, , ,0.97794414,0.97900369,0.1082%,0.00106,3973
51347.143,5255, ,* L  ,0.97794415,0.97900369,0.1082%,0.00106,3974
51354.059,5256, , ,0.97794415,0.97900369,0.1082%,0.00106,3975
51361.611,5257, ,* L  ,0.97794416,0.97900369,0.1082%,0.00106,3976
51368.783,5258, , ,0.97794416,0.97900369,0.1082%,0.00106,3977
51375.972,5259, ,* L  ,0.97794416,0.97900369,0.1082%,0.00106,3978
51382.801,5260, , ,0.97794416,0.97900369,0.1082%,0.00106,3979
51390.051,5261, , ,0.97794416,0.97900369,0.1082%,0.00106,3980
51396.73,5262, , ,0.97794416,0.97900369,0.1082%,0.00106,3981
51403.318,5263, ,* L  ,0.97794418,0.97900369,0.1082%,0.00106,3982
51409.648,5264, , ,0.97794418,0.97900369,0.1082%,0.00106,3983
51416.822,5265, ,* L  ,0.97794418,0.97900369,0.1082%,0.00106,3984
51423.004,5266, , ,0.97794418,0.97900369,0.1082%,0.00106,3985
51430.416,5267, , ,0.97794418,0.97900369,0.1082%,0.00106,3986
51436.887,5268, , ,0.97794418,0.97900369,0.1082%,0.00106,3987
51444.006,5269, ,* L  ,0.97794423,0.97900369,0.1082%,0.001059,3988
51450.633,5270, , ,0.97794423,0.97900369,0.1082%,0.001059,3989
51456.594,5271, ,* L  ,0.97794423,0.97900369,0.1082%,0.001059,3990
51462.768,5272, , ,0.97794423,0.97900369,0.1082%,0.001059,3991
51468.737,5273, , ,0.97794423,0.97900369,0.1082%,0.001059,3992
51475.552,5274, , ,0.97794423,0.97900369,0.1082%,0.001059,3993
51482.099,5275, ,* L  ,0.97794434,0.97900369,0.1082%,0.001059,3994
51485.735,5276, , ,0.97794434,0.97900369,0.1082%,0.001059,3995
51490.238,5277, ,* L  ,0.97794434,0.97900369,0.1082%,0.001059,3996
51495.116,5278, , ,0.97794434,0.97900369,0.1082%,0.001059,3997
51501.719,5279, , ,0.97794434,0.97900369,0.1082%,0.001059,3998
51506.37,5280, , ,0.97794434,0.97900369,0.1082%,0.001059,3999
51512.841,5281, ,* L  ,0.97794439,0.97900369,0.1082%,0.001059,4000
51519.199,5282, , ,0.97794439,0.97900369,0.1082%,0.001059,4001
51525.632,5283, ,* L  ,0.9779444,0.97900369,0.1082%,0.001059,4002
51532.601,5284, , ,0.9779444,0.97900369,0.1082%,0.001059,4003
51539.195,5285, ,* L  ,0.97794442,0.97900369,0.1082%,0.001059,4004
51545.92,5286, , ,0.97794442,0.97900369,0.1082%,0.001059,4005
51553.241,5287, ,* L  ,0.97794442,0.97900369,0.1082%,0.001059,4006
51560.149,5288, , ,0.97794442,0.97900369,0.1082%,0.001059,4007
51567.175,5289, , ,0.97794442,0.97900369,0.1082%,0.001059,4008
51573.861,5290, , ,0.97794442,0.97900369,0.1082%,0.001059,4009
51581.163,5291, ,* L  ,0.97794444,0.97900369,0.1082%,0.001059,4010
51588.951,5292, , ,0.97794444,0.97900369,0.1082%,0.001059,4011
51596.485,5293, ,* L  ,0.97794445,0.97900369,0.1082%,0.001059,4012
51603.756,5294, , ,0.97794445,0.97900369,0.1082%,0.001059,4013
51610.747,5295, ,* L  ,0.97794445,0.97900369,0.1082%,0.001059,4014
51617.956,5296, , ,0.97794445,0.97900369,0.1082%,0.001059,4015
51625.098,5297, ,* L  ,0.97794445,0.97900369,0.1082%,0.001059,4016
51631.903,5298, , ,0.97794445,0.97900369,0.1082%,0.001059,4017
51639.002,5299, , ,0.97794445,0.97900369,0.1082%,0.001059,4018
51645.586,5300, , ,0.97794445,0.97900369,0.1082%,0.001059,4019
51651.153,5301, ,* L  ,0.97794448,0.97900369,0.1082%,0.001059,4020
51658.706,5302, , ,0.97794448,0.97900369,0.1082%,0.001059,4021
51665.119,5303, ,* L  ,0.97794456,0.97900369,0.1082%,0.001059,4022
51673.696,5304, , ,0.97794456,0.97900369,0.1082%,0.001059,4023
51680.846,5305,Bound,* L  ,0.97794458,0.97900369,0.1082%,0.001059,4022
51687.073,5306, , ,0.97794458,0.97900369,0.1082%,0.001059,4023
51693.873,5307, ,* L  ,0.97794458,0.97900369,0.1082%,0.001059,4024
51700.597,5308, , ,0.97794458,0.97900369,0.1082%,0.001059,4025
51708.091,5309, , ,0.97794458,0.97900369,0.1082%,0.001059,4026
51714.76,5310, , ,0.97794458,0.97900369,0.1082%,0.001059,4027
51722.11,5311, ,* L  ,0.97794462,0.97900369,0.1082%,0.001059,4028
51729.318,5312, , ,0.97794462,0.97900369,0.1082%,0.001059,4029
51736.547,5313, ,* L  ,0.97794462,0.97900369,0.1082%,0.001059,4030
51743.153,5314, , ,0.97794462,0.97900369,0.1082%,0.001059,4031
51750.291,5315, , ,0.97794462,0.97900369,0.1082%,0.001059,4032
51756.678,5316, , ,0.97794462,0.97900369,0.1082%,0.001059,4033
51763.798,5317, ,* L  ,0.97794465,0.97900369,0.1082%,0.001059,4034
51771.241,5318, , ,0.97794465,0.97900369,0.1082%,0.001059,4035
51778.849,5319, ,* L  ,0.97794465,0.97900369,0.1082%,0.001059,4036
51786.263,5320, , ,0.97794465,0.97900369,0.1082%,0.001059,4037
51793.65,5321, ,* L  ,0.97794465,0.97900369,0.1082%,0.001059,4038
51800.445,5322, , ,0.97794465,0.97900369,0.1082%,0.001059,4039
51807.72,5323, , ,0.97794465,0.97900369,0.1082%,0.001059,4040
51814.439,5324, , ,0.97794465,0.97900369,0.1082%,0.001059,4041
51821.471,5325, ,* L  ,0.97794469,0.97900369,0.1082%,0.001059,4042
51828.701,5326, , ,0.97794469,0.97900369,0.1082%,0.001059,4043
51836.019,5327, ,* L  ,0.97794469,0.97900369,0.1082%,0.001059,4044
51842.514,5328, , ,0.97794469,0.97900369,0.1082%,0.001059,4045
51849.999,5329, , ,0.97794469,0.97900369,0.1082%,0.001059,4046
51856.659,5330, , ,0.97794469,0.97900369,0.1082%,0.001059,4047
51863.383,5331, ,* L  ,0.97794476,0.97900369,0.1082%,0.001059,4048
51870.326,5332, , ,0.97794476,0.97900369,0.1082%,0.001059,4049
51877.396,5333, ,* L  ,0.97794479,0.97900369,0.1082%,0.001059,4050
51884.554,5334, , ,0.97794479,0.97900369,0.1082%,0.001059,4051
51891.772,5335, ,* L  ,0.97794479,0.97900369,0.1082%,0.001059,4052
51898.917,5336, , ,0.97794479,0.97900369,0.1082%,0.001059,4053
51906.102,5337, , ,0.97794479,0.97900369,0.1082%,0.001059,4054
51912.986,5338, , ,0.97794479,0.97900369,0.1082%,0.001059,4055
51920.097,5339, ,* L  ,0.97794481,0.97900369,0.1082%,0.001059,4056
51927.238,5340, , ,0.97794481,0.97900369,0.1082%,0.001059,4057
51934.414,5341, ,* L  ,0.97794481,0.97900369,0.1082%,0.001059,4058
51940.851,5342, , ,0.97794481,0.97900369,0.1082%,0.001059,4059
51947.96,5343, , ,0.97794481,0.97900369,0.1082%,0.001059,4060
51954.434,5344, , ,0.97794481,0.97900369,0.1082%,0.001059,4061
51961.791,5345, ,* L  ,0.97794486,0.97900369,0.1082%,0.001059,4062
51969.2,5346, , ,0.97794486,0.97900369,0.1082%,0.001059,4063
51976.182,5347, ,* L  ,0.97794492,0.97900369,0.1081%,0.001059,4064
51983.191,5348, , ,0.97794492,0.97900369,0.1081%,0.001059,4065
51990.537,5349, ,* L  ,0.97794493,0.97900369,0.1081%,0.001059,4066
51997.73,5350, , ,0.97794493,0.97900369,0.1081%,0.001059,4067
52004.825,5351, ,* L  ,0.97794493,0.97900369,0.1081%,0.001059,4068
52013.046,5352, , ,0.97794493,0.97900369,0.1081%,0.001059,4069
52020.124,5353,Bound,* L  ,0.97794493,0.97900369,0.1081%,0.001059,4068
52026.911,5354, , ,0.97794493,0.97900369,0.1081%,0.001059,4069
52034.246,5355, ,* L  ,0.97794496,0.97900369,0.1081%,0.001059,4070
52041.269,5356, , ,0.97794496,0.97900369,0.1081%,0.001059,4071
52048.244,5357, ,* L  ,0.97794496,0.97900369,0.1081%,0.001059,4072
52055.15,5358, , ,0.97794496,0.97900369,0.1081%,0.001059,4073
52062.284,5359, , ,0.97794496,0.97900369,0.1081%,0.001059,4074
52065.24,5360, , ,0.97794496,0.97900369,0.1081%,0.001059,4075
52068.638,5361, ,* L  ,0.97794498,0.97900369,0.1081%,0.001059,4076
52072.532,5362, , ,0.97794498,0.97900369,0.1081%,0.001059,4077
52077.013,5363, ,* L  ,0.97794498,0.97900369,0.1081%,0.001059,4078
52084.271,5364, , ,0.97794498,0.97900369,0.1081%,0.001059,4079
52091.678,5365, ,* L  ,0.97794498,0.97900369,0.1081%,0.001059,4080
52098.558,5366, , ,0.97794498,0.97900369,0.1081%,0.001059,4081
52105.828,5367, , ,0.97794498,0.97900369,0.1081%,0.001059,4082
52112.621,5368, , ,0.97794498,0.97900369,0.1081%,0.001059,4083
52119.765,5369, ,* L  ,0.97794499,0.97900369,0.1081%,0.001059,4084
52127.216,5370, , ,0.97794499,0.97900369,0.1081%,0.001059,4085
52134.561,5371, ,* L  ,0.97794499,0.97900369,0.1081%,0.001059,4086
52141.752,5372, , ,0.97794499,0.97900369,0.1081%,0.001059,4087
52148.923,5373, , ,0.97794499,0.97900369,0.1081%,0.001059,4088
52155.713,5374, , ,0.97794499,0.97900369,0.1081%,0.001059,4089
52162.816,5375, ,* L  ,0.97794499,0.97900369,0.1081%,0.001059,4090
52169.904,5376, , ,0.97794499,0.97900369,0.1081%,0.001059,4091
52177.066,5377, ,* L  ,0.97794499,0.97900369,0.1081%,0.001059,4092
52184.436,5378, , ,0.97794499,0.97900369,0.1081%,0.001059,4093
52191.685,5379, ,* L  ,0.97794499,0.97900369,0.1081%,0.001059,4094
52198.622,5380, , ,0.97794499,0.97900369,0.1081%,0.001059,4095
52205.803,5381, , ,0.97794499,0.97900369,0.1081%,0.001059,4096
52212.505,5382, , ,0.97794499,0.97900369,0.1081%,0.001059,4097
52219.749,5383, ,* L  ,0.977945,0.97900369,0.1081%,0.001059,4098
52227.221,5384, , ,0.977945,0.97900369,0.1081%,0.001059,4099
52234.587,5385, ,* L  ,0.977945,0.97900369,0.1081%,0.001059,4100
52241.395,5386, , ,0.977945,0.97900369,0.1081%,0.001059,4101
52248.598,5387, , ,0.977945,0.97900369,0.1081%,0.001059,4102
52255.247,5388, , ,0.977945,0.97900369,0.1081%,0.001059,4103
52262.697,5389, ,* L  ,0.97794502,0.97900369,0.1081%,0.001059,4104
52269.523,5390, , ,0.97794502,0.97900369,0.1081%,0.001059,4105
52276.658,5391, ,* L  ,0.97794502,0.97900369,0.1081%,0.001059,4106
52283.079,5392, , ,0.97794502,0.97900369,0.1081%,0.001059,4107
52290.302,5393, , ,0.97794502,0.97900369,0.1081%,0.001059,4108
52296.648,5394, , ,0.97794502,0.97900369,0.1081%,0.001059,4109
52303.62,5395, ,* L  ,0.97794505,0.97900369,0.1081%,0.001059,4110
52310.82,5396, , ,0.97794505,0.97900369,0.1081%,0.001059,4111
52318.257,5397, ,* L  ,0.97794505,0.97900369,0.1081%,0.001059,4112
52325.045,5398, , ,0.97794505,0.97900369,0.1081%,0.001059,4113
52332.491,5399, , ,0.97794505,0.97900369,0.1081%,0.001059,4114
52338.893,5400, , ,0.97794505,0.97900369,0.1081%,0.001059,4115
52346.913,5401, ,* L  ,0.97794515,0.97900369,0.1081%,0.001059,4116
52354.102,5402, , ,0.97794515,0.97900369,0.1081%,0.001059,4117
52361.348,5403, ,* L  ,0.97794515,0.97900369,0.1081%,0.001059,4118
52368.291,5404, , ,0.97794515,0.97900369,0.1081%,0.001059,4119
52375.571,5405, ,* L  ,0.97794515,0.97900369,0.1081%,0.001059,4120
52383.047,5406, , ,0.97794515,0.97900369,0.1081%,0.001059,4121
52390.328,5407, ,* L  ,0.97794515,0.97900369,0.1081%,0.001059,4122
52397.522,5408, , ,0.97794515,0.97900369,0.1081%,0.001059,4123
52404.569,5409, , ,0.97794515,0.97900369,0.1081%,0.001059,4124
52411.93,5410, , ,0.97794515,0.97900369,0.1081%,0.001059,4125
52419.204,5411, ,* L  ,0.97794517,0.97900369,0.1081%,0.001059,4126
52426.441,5412, , ,0.97794517,0.97900369,0.1081%,0.001059,4127
52433.579,5413, ,* L  ,0.97794517,0.97900369,0.1081%,0.001059,4128
52440.127,5414, , ,0.97794517,0.97900369,0.1081%,0.001059,4129
52447.174,5415, , ,0.97794517,0.97900369,0.1081%,0.001059,4130
52453.659,5416, , ,0.97794517,0.97900369,0.1081%,0.001059,4131
52460.768,5417, ,* L  ,0.97794518,0.97900369,0.1081%,0.001059,4132
52467.971,5418, , ,0.97794518,0.97900369,0.1081%,0.001059,4133
52475.336,5419, ,* L  ,0.97794518,0.97900369,0.1081%,0.001059,4134
52482.294,5420, , ,0.97794518,0.97900369,0.1081%,0.001059,4135
52489.455,5421, , ,0.97794518,0.97900369,0.1081%,0.001059,4136
52496.385,5422, , ,0.97794518,0.97900369,0.1081%,0.001059,4137
52503.79,5423, ,* L  ,0.97794519,0.97900369,0.1081%,0.001058,4138
52511.097,5424, , ,0.97794519,0.97900369,0.1081%,0.001058,4139
52518.264,5425, ,* L  ,0.97794519,0.97900369,0.1081%,0.001058,4140
52525.044,5426, , ,0.97794519,0.97900369,0.1081%,0.001058,4141
52532.249,5427, , ,0.97794519,0.97900369,0.1081%,0.001058,4142
52539.398,5428, , ,0.97794519,0.97900369,0.1081%,0.001058,4143
52546.681,5429, ,* L  ,0.9779452,0.97900369,0.1081%,0.001058,4144
52553.895,5430, , ,0.9779452,0.97900369,0.1081%,0.001058,4145
52561.609,5431, ,* L  ,0.9779452,0.97900369,0.1081%,0.001058,4146
52568.625,5432, , ,0.9779452,0.97900369,0.1081%,0.001058,4147
52575.962,5433, , ,0.9779452,0.97900369,0.1081%,0.001058,4148
52582.743,5434, , ,0.9779452,0.97900369,0.1081%,0.001058,4149
52589.967,5435, ,* L  ,0.97794525,0.97900369,0.1081%,0.001058,4150
52596.914,5436, , ,0.97794525,0.97900369,0.1081%,0.001058,4151
52604.391,5437, ,* L  ,0.97794525,0.97900369,0.1081%,0.001058,4152
52611.05,5438, , ,0.97794525,0.97900369,0.1081%,0.001058,4153
52618.94,5439, , ,0.97794525,0.97900369,0.1081%,0.001058,4154
52625.811,5440, , ,0.97794525,0.97900369,0.1081%,0.001058,4155
52633.334,5441, ,* L  ,0.97794527,0.97900369,0.1081%,0.001058,4156
52641.219,5442, , ,0.97794527,0.97900369,0.1081%,0.001058,4157
52644.638,5443, ,* L  ,0.97794533,0.97900369,0.1081%,0.001058,4158
52648.259,5444, , ,0.97794533,0.97900369,0.1081%,0.001058,4159
52651.448,5445, ,* L  ,0.97794533,0.97900369,0.1081%,0.001058,4160
52656.001,5446, , ,0.97794533,0.97900369,0.1081%,0.001058,4161
52662.27,5447, , ,0.97794533,0.97900369,0.1081%,0.001058,4162
52669.034,5448, , ,0.97794533,0.97900369,0.1081%,0.001058,4163
52676.233,5449, ,* L  ,0.97794546,0.97900369,0.1081%,0.001058,4164
52682.994,5450, , ,0.97794546,0.97900369,0.1081%,0.001058,4165
52689.872,5451, ,* L  ,0.97794551,0.97900369,0.1081%,0.001058,4166
52697.132,5452, , ,0.97794551,0.97900369,0.1081%,0.001058,4167
52704.334,5453, ,* L  ,0.97794551,0.97900369,0.1081%,0.001058,4168
52710.609,5454, , ,0.97794551,0.97900369,0.1081%,0.001058,4169
52717.756,5455, , ,0.97794551,0.97900369,0.1081%,0.001058,4170
52724.322,5456, , ,0.97794551,0.97900369,0.1081%,0.001058,4171
52730.932,5457, ,* L  ,0.97794551,0.97900369,0.1081%,0.001058,4172
52737.974,5458, , ,0.97794551,0.97900369,0.1081%,0.001058,4173
52744.953,5459, ,* L  ,0.97794551,0.97900369,0.1081%,0.001058,4174
52751.294,5460, , ,0.97794551,0.97900369,0.1081%,0.001058,4175
52758.205,5461, , ,0.97794551,0.97900369,0.1081%,0.001058,4176
52765.067,5462, , ,0.97794551,0.97900369,0.1081%,0.001058,4177
52772.039,5463, ,* L  ,0.97794564,0.97900369,0.1081%,0.001058,4178
52779.064,5464, , ,0.97794564,0.97900369,0.1081%,0.001058,4179
52786.376,5465, ,* L  ,0.97794564,0.97900369,0.1081%,0.001058,4180
52793.154,5466, , ,0.97794564,0.97900369,0.1081%,0.001058,4181
52800.789,5467, , ,0.97794564,0.97900369,0.1081%,0.001058,4182
52807.363,5468, , ,0.97794564,0.97900369,0.1081%,0.001058,4183
52814.644,5469, ,* L  ,0.97794578,0.97900369,0.1081%,0.001058,4184
52821.653,5470, , ,0.97794578,0.97900369,0.1081%,0.001058,4185
52829.263,5471, ,* L  ,0.97794584,0.97900369,0.1081%,0.001058,4186
52836.867,5472, , ,0.97794584,0.97900369,0.1081%,0.001058,4187
52843.992,5473, ,* L  ,0.97794584,0.97900369,0.1081%,0.001058,4188
52850.581,5474, , ,0.97794584,0.97900369,0.1081%,0.001058,4189
52857.67,5475, , ,0.97794584,0.97900369,0.1081%,0.001058,4190
52864.806,5476, , ,0.97794584,0.97900369,0.1081%,0.001058,4191
52872.538,5477, ,* L  ,0.97794587,0.97900369,0.1081%,0.001058,4192
52879.439,5478, , ,0.97794587,0.97900369,0.1081%,0.001058,4193
52887.167,5479, ,* L  ,0.97794587,0.97900369,0.1081%,0.001058,4194
52894.1,5480, , ,0.97794587,0.97900369,0.1081%,0.001058,4195
52901.543,5481, , ,0.97794587,0.97900369,0.1081%,0.001058,4196
52908.264,5482, , ,0.97794587,0.97900369,0.1081%,0.001058,4197
52915.753,5483, ,* L  ,0.9779459,0.97900369,0.108%,0.001058,4198
52923.495,5484, , ,0.9779459,0.97900369,0.108%,0.001058,4199
52930.914,5485, ,* L  ,0.97794601,0.97900369,0.108%,0.001058,4200
52938.489,5486, , ,0.97794601,0.97900369,0.108%,0.001058,4201
52946.694,5487, ,* L  ,0.97794606,0.97900369,0.108%,0.001058,4202
52954.07,5488, , ,0.97794606,0.97900369,0.108%,0.001058,4203
52961.528,5489, ,* L  ,0.97794607,0.97900369,0.108%,0.001058,4204
52968.563,5490, , ,0.97794607,0.97900369,0.108%,0.001058,4205
52976.142,5491, ,* L  ,0.97794608,0.97900369,0.108%,0.001058,4206
52983.784,5492, , ,0.97794608,0.97900369,0.108%,0.001058,4207
52991.299,5493, ,* L  ,0.97794608,0.97900369,0.108%,0.001058,4208
52997.892,5494, , ,0.97794608,0.97900369,0.108%,0.001058,4209
53005.308,5495, , ,0.97794608,0.97900369,0.108%,0.001058,4210
53012.035,5496, , ,0.97794608,0.97900369,0.108%,0.001058,4211
53019.682,5497, ,* L  ,0.97794611,0.97900369,0.108%,0.001058,4212
53027.1,5498, , ,0.97794611,0.97900369,0.108%,0.001058,4213
53033.415,5499, ,* L  ,0.97794613,0.97900369,0.108%,0.001058,4214
53040.217,5500, , ,0.97794613,0.97900369,0.108%,0.001058,4215
53047.609,5501, ,* L  ,0.97794613,0.97900369,0.108%,0.001058,4216
53054.123,5502, , ,0.97794613,0.97900369,0.108%,0.001058,4217
53061.69,5503, , ,0.97794613,0.97900369,0.108%,0.001058,4218
53068.859,5504, , ,0.97794613,0.97900369,0.108%,0.001058,4219
53076.09,5505, ,* L  ,0.97794613,0.97900369,0.108%,0.001058,4220
53083.394,5506, , ,0.97794613,0.97900369,0.108%,0.001058,4221
53091.096,5507, ,* L  ,0.97794613,0.97900369,0.108%,0.001058,4222
53098.105,5508, , ,0.97794613,0.97900369,0.108%,0.001058,4223
53105.326,5509, , ,0.97794613,0.97900369,0.108%,0.001058,4224
53111.623,5510, , ,0.97794613,0.97900369,0.108%,0.001058,4225
53118.955,5511, ,* L  ,0.97794615,0.97900369,0.108%,0.001058,4226
53126.253,5512, , ,0.97794615,0.97900369,0.108%,0.001058,4227
53133.053,5513, ,* L  ,0.97794615,0.97900369,0.108%,0.001058,4228
53139.149,5514, , ,0.97794615,0.97900369,0.108%,0.001058,4229
53146.116,5515, , ,0.97794615,0.97900369,0.108%,0.001058,4230
53152.487,5516, , ,0.97794615,0.97900369,0.108%,0.001058,4231
53159.386,5517, ,* L  ,0.97794642,0.97900369,0.108%,0.001057,4232
53167.154,5518, , ,0.97794642,0.97900369,0.108%,0.001057,4233
53174.747,5519, ,* L  ,0.9779466,0.97900369,0.108%,0.001057,4234
53181.767,5520, , ,0.9779466,0.97900369,0.108%,0.001057,4235
53188.848,5521, ,* L  ,0.9779466,0.97900369,0.108%,0.001057,4236
53195.994,5522, , ,0.9779466,0.97900369,0.108%,0.001057,4237
53203.79,5523, ,* L  ,0.97794667,0.97900369,0.108%,0.001057,4238
53211.262,5524, , ,0.97794667,0.97900369,0.108%,0.001057,4239
53219.166,5525, ,* L  ,0.97794667,0.97900369,0.108%,0.001057,4240
53225.701,5526, , ,0.97794667,0.97900369,0.108%,0.001057,4241
53232.855,5527, , ,0.97794667,0.97900369,0.108%,0.001057,4242
53238.878,5528, , ,0.97794667,0.97900369,0.108%,0.001057,4243
53245.841,5529, ,* L  ,0.97794669,0.97900369,0.108%,0.001057,4244
53253.007,5530, , ,0.97794669,0.97900369,0.108%,0.001057,4245
53260.395,5531, ,* L  ,0.97794669,0.97900369,0.108%,0.001057,4246
53267.242,5532, , ,0.97794669,0.97900369,0.108%,0.001057,4247
53274.818,5533, , ,0.97794669,0.97900369,0.108%,0.001057,4248
53281.592,5534, , ,0.97794669,0.97900369,0.108%,0.001057,4249
53288.823,5535, ,* L  ,0.97794672,0.97900369,0.108%,0.001057,4250
53295.977,5536, , ,0.97794672,0.97900369,0.108%,0.001057,4251
53302.803,5537, ,* L  ,0.9779468,0.97900369,0.108%,0.001057,4252
53310.412,5538, , ,0.9779468,0.97900369,0.108%,0.001057,4253
53317.92,5539, ,* L  ,0.9779468,0.97900369,0.108%,0.001057,4254
53324.74,5540, , ,0.9779468,0.97900369,0.108%,0.001057,4255
53330.286,5541, , ,0.9779468,0.97900369,0.108%,0.001057,4256
53335.384,5542, , ,0.9779468,0.97900369,0.108%,0.001057,4257
53341.251,5543, ,* L  ,0.97794694,0.97900369,0.1079%,0.001057,4258
53348.742,5544, , ,0.97794694,0.97900369,0.1079%,0.001057,4259
53355.502,5545, ,* L  ,0.97794698,0.97900369,0.1079%,0.001057,4260
53362.74,5546, , ,0.97794698,0.97900369,0.1079%,0.001057,4261
53370.061,5547, ,* L  ,0.97794698,0.97900369,0.1079%,0.001057,4262
53376.916,5548, , ,0.97794698,0.97900369,0.1079%,0.001057,4263
53383.535,5549, , ,0.97794698,0.97900369,0.1079%,0.001057,4264
53389.883,5550, , ,0.97794698,0.97900369,0.1079%,0.001057,4265
53396.776,5551, ,* L  ,0.97794701,0.97900369,0.1079%,0.001057,4266
53404.01,5552, , ,0.97794701,0.97900369,0.1079%,0.001057,4267
53410.776,5553, ,* L  ,0.97794701,0.97900369,0.1079%,0.001057,4268
53417.215,5554, , ,0.97794701,0.97900369,0.1079%,0.001057,4269
53424.26,5555, , ,0.97794701,0.97900369,0.1079%,0.001057,4270
53430.924,5556, , ,0.97794701,0.97900369,0.1079%,0.001057,4271
53437.829,5557, ,* L  ,0.97794711,0.97900369,0.1079%,0.001057,4272
53444.761,5558,Bound, ,0.97794711,0.97900369,0.1079%,0.001057,4271
53452.544,5559, ,* L  ,0.97794722,0.97900369,0.1079%,0.001056,4272
53459.333,5560, , ,0.97794722,0.97900369,0.1079%,0.001056,4273
53466.953,5561, ,* L  ,0.97794738,0.97900369,0.1079%,0.001056,4274
53473.355,5562, , ,0.97794738,0.97900369,0.1079%,0.001056,4275
53480.446,5563, ,* L  ,0.97794764,0.97900369,0.1079%,0.001056,4276
53487.832,5564, , ,0.97794764,0.97900369,0.1079%,0.001056,4277
53494.833,5565, ,* L  ,0.97794764,0.97900369,0.1079%,0.001056,4278
53501.289,5566, , ,0.97794764,0.97900369,0.1079%,0.001056,4279
53508.736,5567, , ,0.97794764,0.97900369,0.1079%,0.001056,4280
53515.46,5568, , ,0.97794764,0.97900369,0.1079%,0.001056,4281
53522.524,5569, ,* L  ,0.97794782,0.97900369,0.1079%,0.001056,4282
53530.029,5570, , ,0.97794782,0.97900369,0.1079%,0.001056,4283
53537.536,5571, ,* L  ,0.97794795,0.97900369,0.1078%,0.001056,4284
53545.505,5572, , ,0.97794795,0.97900369,0.1078%,0.001056,4285
53552.325,5573,Bound, ,0.97794795,0.97900369,0.1078%,0.001056,4284
53560.575,5574, , ,0.97794795,0.97900369,0.1078%,0.001056,4285
53567.598,5575,Bound,* L  ,0.97794796,0.97900369,0.1078%,0.001056,4284
53574.759,5576, , ,0.97794796,0.97900369,0.1078%,0.001056,4285
53582.247,5577, ,* L  ,0.977948,0.97900369,0.1078%,0.001056,4286
53588.908,5578,Bound, ,0.977948,0.97900369,0.1078%,0.001056,4285
53596.966,5579, ,* L  ,0.97794803,0.97900369,0.1078%,0.001056,4286
53604.161,5580, , ,0.97794803,0.97900369,0.1078%,0.001056,4287
53611.64,5581, ,* L  ,0.97794803,0.97900369,0.1078%,0.001056,4288
53618.02,5582, , ,0.97794803,0.97900369,0.1078%,0.001056,4289
53625.229,5583, , ,0.97794803,0.97900369,0.1078%,0.001056,4290
53631.913,5584, , ,0.97794803,0.97900369,0.1078%,0.001056,4291
53639.345,5585, ,* L  ,0.97794809,0.97900369,0.1078%,0.001056,4292
53646.389,5586, , ,0.97794809,0.97900369,0.1078%,0.001056,4293
53653.787,5587, ,* L  ,0.9779483,0.97900369,0.1078%,0.001055,4294
53660.413,5588, , ,0.9779483,0.97900369,0.1078%,0.001055,4295
53667.781,5589, ,* L  ,0.97794836,0.97900369,0.1078%,0.001055,4296
53674.548,5590, , ,0.97794836,0.97900369,0.1078%,0.001055,4297
53681.872,5591, ,* L  ,0.97794839,0.97900369,0.1078%,0.001055,4298
53688.832,5592, , ,0.97794839,0.97900369,0.1078%,0.001055,4299
53696.193,5593, ,* L  ,0.97794851,0.97900369,0.1078%,0.001055,4300
53703.061,5594, , ,0.97794851,0.97900369,0.1078%,0.001055,4301
53710.205,5595, ,* L  ,0.97794856,0.97900369,0.1078%,0.001055,4302
53717.888,5596, , ,0.97794856,0.97900369,0.1078%,0.001055,4303
53725.105,5597, ,* L  ,0.9779486,0.97900369,0.1078%,0.001055,4304
53734.004,5598, , ,0.9779486,0.97900369,0.1078%,0.001055,4305
53743.113,5599, ,* L  ,0.97794866,0.97900369,0.1078%,0.001055,4306
53750.362,5600, , ,0.97794866,0.97900369,0.1078%,0.001055,4307
53757.088,5601, ,* L  ,0.97794866,0.97900369,0.1078%,0.001055,4308
53763.483,5602, , ,0.97794866,0.97900369,0.1078%,0.001055,4309
53770.623,5603, , ,0.97794866,0.97900369,0.1078%,0.001055,4310
53777.54,5604, , ,0.97794866,0.97900369,0.1078%,0.001055,4311
53784.566,5605, ,* L  ,0.97794873,0.97900369,0.1078%,0.001055,4312
53791.489,5606, , ,0.97794873,0.97900369,0.1078%,0.001055,4313
53798.353,5607, ,* L  ,0.97794873,0.97900369,0.1078%,0.001055,4314
53804.919,5608, , ,0.97794873,0.97900369,0.1078%,0.001055,4315
53810.134,5609, , ,0.97794873,0.97900369,0.1078%,0.001055,4316
53813.802,5610, , ,0.97794873,0.97900369,0.1078%,0.001055,4317
53817.379,5611, ,* L  ,0.97794875,0.97900369,0.1078%,0.001055,4318
53821.866,5612, , ,0.97794875,0.97900369,0.1078%,0.001055,4319
53829.096,5613, ,* L  ,0.97794877,0.97900369,0.1078%,0.001055,4320
53836.525,5614, , ,0.97794877,0.97900369,0.1078%,0.001055,4321
53843.682,5615, ,* L  ,0.97794877,0.97900369,0.1078%,0.001055,4322
53850.131,5616, , ,0.97794877,0.97900369,0.1078%,0.001055,4323
53856.686,5617, , ,0.97794877,0.97900369,0.1078%,0.001055,4324
53863.714,5618, , ,0.97794877,0.97900369,0.1078%,0.001055,4325
53870.454,5619, ,* L  ,0.97794888,0.97900369,0.1077%,0.001055,4326
53877.355,5620, , ,0.97794888,0.97900369,0.1077%,0.001055,4327
53884.303,5621, ,* L  ,0.9779489,0.97900369,0.1077%,0.001055,4328
53891.884,5622, , ,0.9779489,0.97900369,0.1077%,0.001055,4329
53898.74,5623, ,* L  ,0.9779489,0.97900369,0.1077%,0.001055,4330
53905.143,5624, , ,0.9779489,0.97900369,0.1077%,0.001055,4331
53912.689,5625, , ,0.9779489,0.97900369,0.1077%,0.001055,4332
53919.039,5626, , ,0.9779489,0.97900369,0.1077%,0.001055,4333
53926.226,5627, ,* L  ,0.97794896,0.97900369,0.1077%,0.001055,4334
53933.379,5628, , ,0.97794896,0.97900369,0.1077%,0.001055,4335
53940.605,5629, ,* L  ,0.977949,0.97900369,0.1077%,0.001055,4336
53947.607,5630, , ,0.977949,0.97900369,0.1077%,0.001055,4337
53954.896,5631, ,* L  ,0.977949,0.97900369,0.1077%,0.001055,4338
53961.591,5632, , ,0.977949,0.97900369,0.1077%,0.001055,4339
53968.899,5633, , ,0.977949,0.97900369,0.1077%,0.001055,4340
53975.633,5634, , ,0.977949,0.97900369,0.1077%,0.001055,4341
53983.142,5635, ,* L  ,0.97794901,0.97900369,0.1077%,0.001055,4342
53990.291,5636, , ,0.97794901,0.97900369,0.1077%,0.001055,4343
53997.49,5637, ,* L  ,0.97794902,0.97900369,0.1077%,0.001055,4344
54005.147,5638, , ,0.97794902,0.97900369,0.1077%,0.001055,4345
54012.696,5639, ,* L  ,0.97794902,0.97900369,0.1077%,0.001055,4346
54018.932,5640, , ,0.97794902,0.97900369,0.1077%,0.001055,4347
54026.262,5641, , ,0.97794902,0.97900369,0.1077%,0.001055,4348
54033.231,5642, , ,0.97794902,0.97900369,0.1077%,0.001055,4349
54040.697,5643, ,* L  ,0.97794904,0.97900369,0.1077%,0.001055,4350
54048.081,5644, , ,0.97794904,0.97900369,0.1077%,0.001055,4351
54055.177,5645, ,* L  ,0.97794906,0.97900369,0.1077%,0.001055,4352
54062.76,5646, , ,0.97794906,0.97900369,0.1077%,0.001055,4353
54069.752,5647, ,* L  ,0.97794906,0.97900369,0.1077%,0.001055,4354
54076.049,5648, , ,0.97794906,0.97900369,0.1077%,0.001055,4355
54083.265,5649, , ,0.97794906,0.97900369,0.1077%,0.001055,4356
54090.347,5650, , ,0.97794906,0.97900369,0.1077%,0.001055,4357
54097.429,5651, ,* L  ,0.97794907,0.97900369,0.1077%,0.001055,4358
54104.274,5652, , ,0.97794907,0.97900369,0.1077%,0.001055,4359
54111.844,5653, ,* L  ,0.97794912,0.97900369,0.1077%,0.001055,4360
54121.028,5654, , ,0.97794912,0.97900369,0.1077%,0.001055,4361
54129.251,5655, ,* L  ,0.97794912,0.97900369,0.1077%,0.001055,4362
54135.855,5656, , ,0.97794912,0.97900369,0.1077%,0.001055,4363
54143.287,5657, ,* L  ,0.97794919,0.97900369,0.1077%,0.001054,4364
54151.752,5658, , ,0.97794919,0.97900369,0.1077%,0.001054,4365
54159.751,5659, , ,0.97794919,0.97900369,0.1077%,0.001054,4366
54168.187,5660, , ,0.97794919,0.97900369,0.1077%,0.001054,4367
54175.983,5661, ,* L  ,0.97794923,0.97900369,0.1077%,0.001054,4368
54182.707,5662,Bound, ,0.97794923,0.97900369,0.1077%,0.001054,4367
54190.351,5663, , ,0.97794923,0.97900369,0.1077%,0.001054,4368
54197.483,5664,Bound, ,0.97794923,0.97900369,0.1077%,0.001054,4367
54205.213,5665, ,* L  ,0.97794928,0.97900369,0.1077%,0.001054,4368
54212.436,5666, , ,0.97794928,0.97900369,0.1077%,0.001054,4369
54219.615,5667, ,* L  ,0.97794928,0.97900369,0.1077%,0.001054,4370
54226.337,5668, , ,0.97794928,0.97900369,0.1077%,0.001054,4371
54233.221,5669, , ,0.97794928,0.97900369,0.1077%,0.001054,4372
54240.42,5670, , ,0.97794928,0.97900369,0.1077%,0.001054,4373
54247.791,5671, ,* L  ,0.9779493,0.97900369,0.1077%,0.001054,4374
54255.01,5672, , ,0.9779493,0.97900369,0.1077%,0.001054,4375
54262.185,5673, ,* L  ,0.9779493,0.97900369,0.1077%,0.001054,4376
54269.06,5674, , ,0.9779493,0.97900369,0.1077%,0.001054,4377
54276.925,5675, , ,0.9779493,0.97900369,0.1077%,0.001054,4378
54283.319,5676, , ,0.9779493,0.97900369,0.1077%,0.001054,4379
54290.453,5677, ,* L  ,0.97794941,0.97900369,0.1077%,0.001054,4380
54297.208,5678, , ,0.97794941,0.97900369,0.1077%,0.001054,4381
54304.587,5679, ,* L  ,0.97794942,0.97900369,0.1077%,0.001054,4382
54311.674,5680, , ,0.97794942,0.97900369,0.1077%,0.001054,4383
54318.805,5681, ,* L  ,0.97794942,0.97900369,0.1077%,0.001054,4384
54325.07,5682, , ,0.97794942,0.97900369,0.1077%,0.001054,4385
54332.462,5683, , ,0.97794942,0.97900369,0.1077%,0.001054,4386
54339.464,5684, , ,0.97794942,0.97900369,0.1077%,0.001054,4387
54346.748,5685, ,* L  ,0.97794943,0.97900369,0.1077%,0.001054,4388
54353.466,5686, , ,0.97794943,0.97900369,0.1077%,0.001054,4389
54360.809,5687, ,* L  ,0.9779495,0.97900369,0.1077%,0.001054,4390
54367.465,5688, , ,0.9779495,0.97900369,0.1077%,0.001054,4391
54374.854,5689, ,* L  ,0.97794954,0.97900369,0.1077%,0.001054,4392
54381.885,5690, , ,0.97794954,0.97900369,0.1077%,0.001054,4393
54389.102,5691, ,* L  ,0.97794954,0.97900369,0.1077%,0.001054,4394
54393.083,5692, , ,0.97794954,0.97900369,0.1077%,0.001054,4395
54397.543,5693, , ,0.97794954,0.97900369,0.1077%,0.001054,4396
54402.44,5694, , ,0.97794954,0.97900369,0.1077%,0.001054,4397
54409.445,5695, ,* L  ,0.9779496,0.97900369,0.1077%,0.001054,4398
54416.278,5696, , ,0.9779496,0.97900369,0.1077%,0.001054,4399
54423.767,5697, ,* L  ,0.9779496,0.97900369,0.1077%,0.001054,4400
54430.652,5698, , ,0.9779496,0.97900369,0.1077%,0.001054,4401
54437.723,5699, , ,0.9779496,0.97900369,0.1077%,0.001054,4402
54444.366,5700, , ,0.9779496,0.97900369,0.1077%,0.001054,4403
54451.588,5701, ,* L  ,0.9779496,0.97900369,0.1077%,0.001054,4404
54461.234,5702, , ,0.9779496,0.97900369,0.1077%,0.001054,4405
54469.265,5703, ,* L  ,0.97794964,0.97900369,0.1077%,0.001054,4406
54476.262,5704, , ,0.97794964,0.97900369,0.1077%,0.001054,4407
54483.675,5705, ,* L  ,0.97794964,0.97900369,0.1077%,0.001054,4408
54490.65,5706, , ,0.97794964,0.97900369,0.1077%,0.001054,4409
54497.62,5707, , ,0.97794964,0.97900369,0.1077%,0.001054,4410
54504.069,5708, , ,0.97794964,0.97900369,0.1077%,0.001054,4411
54511.685,5709, ,* L  ,0.97794964,0.97900369,0.1077%,0.001054,4412
54519.002,5710, , ,0.97794964,0.97900369,0.1077%,0.001054,4413
54526.57,5711, ,* L  ,0.97794968,0.97900369,0.1077%,0.001054,4414
54533.612,5712, , ,0.97794968,0.97900369,0.1077%,0.001054,4415
54540.887,5713, ,* L  ,0.9779497,0.97900369,0.1077%,0.001054,4416
54547.911,5714, , ,0.9779497,0.97900369,0.1077%,0.001054,4417
54554.776,5715, ,* L  ,0.97794972,0.97900369,0.1077%,0.001054,4418
54562.153,5716, , ,0.97794972,0.97900369,0.1077%,0.001054,4419
54569.552,5717, ,* L  ,0.97794972,0.97900369,0.1077%,0.001054,4420
54576.447,5718, , ,0.97794972,0.97900369,0.1077%,0.001054,4421
54583.868,5719, , ,0.97794972,0.97900369,0.1077%,0.001054,4422
54590.998,5720, , ,0.97794972,0.97900369,0.1077%,0.001054,4423
54598.4,5721, ,* L  ,0.97794975,0.97900369,0.1077%,0.001054,4424
54605.121,5722, , ,0.97794975,0.97900369,0.1077%,0.001054,4425
54612.618,5723, ,* L  ,0.97794975,0.97900369,0.1077%,0.001054,4426
54618.919,5724, , ,0.97794975,0.97900369,0.1077%,0.001054,4427
54626.55,5725, , ,0.97794975,0.97900369,0.1077%,0.001054,4428
54633.494,5726, , ,0.97794975,0.97900369,0.1077%,0.001054,4429
54640.512,5727, ,* L  ,0.97794975,0.97900369,0.1077%,0.001054,4430
54647.939,5728, , ,0.97794975,0.97900369,0.1077%,0.001054,4431
54655.72,5729, ,* L  ,0.97794975,0.97900369,0.1077%,0.001054,4432
54662.327,5730, , ,0.97794975,0.97900369,0.1077%,0.001054,4433
54669.315,5731, , ,0.97794975,0.97900369,0.1077%,0.001054,4434
54676.019,5732, , ,0.97794975,0.97900369,0.1077%,0.001054,4435
54683.758,5733, ,* L  ,0.97794982,0.97900369,0.1076%,0.001054,4436
54690.817,5734, , ,0.97794982,0.97900369,0.1076%,0.001054,4437
54698.314,5735, ,* L  ,0.97794982,0.97900369,0.1076%,0.001054,4438
54705.163,5736, , ,0.97794982,0.97900369,0.1076%,0.001054,4439
54712.392,5737, , ,0.97794982,0.97900369,0.1076%,0.001054,4440
54719.638,5738, , ,0.97794982,0.97900369,0.1076%,0.001054,4441
54726.34,5739, ,* L  ,0.9779499,0.97900369,0.1076%,0.001054,4442
54733.794,5740, , ,0.9779499,0.97900369,0.1076%,0.001054,4443
54741.796,5741, ,* L  ,0.97794993,0.97900369,0.1076%,0.001054,4444
54749.049,5742, , ,0.97794993,0.97900369,0.1076%,0.001054,4445
54756.516,5743, ,* L  ,0.97794994,0.97900369,0.1076%,0.001054,4446
54764.214,5744, , ,0.97794994,0.97900369,0.1076%,0.001054,4447
54771.215,5745, ,* L  ,0.97794997,0.97900369,0.1076%,0.001054,4448
54778.704,5746, , ,0.97794997,0.97900369,0.1076%,0.001054,4449
54786.6,5747, ,* L  ,0.97795005,0.97900369,0.1076%,0.001054,4450
54793.552,5748, , ,0.97795005,0.97900369,0.1076%,0.001054,4451
54800.566,5749, ,* L  ,0.97795008,0.97900369,0.1076%,0.001054,4452
54807.836,5750, , ,0.97795008,0.97900369,0.1076%,0.001054,4453
54815.157,5751, ,* L  ,0.97795008,0.97900369,0.1076%,0.001054,4454
54821.866,5752, , ,0.97795008,0.97900369,0.1076%,0.001054,4455
54828.968,5753, , ,0.97795008,0.97900369,0.1076%,0.001054,4456
54835.727,5754, , ,0.97795008,0.97900369,0.1076%,0.001054,4457
54843.01,5755, ,* L  ,0.97795009,0.97900369,0.1076%,0.001054,4458
54849.988,5756, , ,0.97795009,0.97900369,0.1076%,0.001054,4459
54857.297,5757, ,* L  ,0.9779501,0.97900369,0.1076%,0.001054,4460
54864.4,5758, , ,0.9779501,0.97900369,0.1076%,0.001054,4461
54871.559,5759, ,* L  ,0.97795011,0.97900369,0.1076%,0.001054,4462
54878.817,5760, , ,0.97795011,0.97900369,0.1076%,0.001054,4463
54886.855,5761, ,* L  ,0.97795011,0.97900369,0.1076%,0.001054,4464
54893.338,5762, , ,0.97795011,0.97900369,0.1076%,0.001054,4465
54901.313,5763, , ,0.97795011,0.97900369,0.1076%,0.001054,4466
54907.68,5764, , ,0.97795011,0.97900369,0.1076%,0.001054,4467
54915.164,5765, ,* L  ,0.97795012,0.97900369,0.1076%,0.001054,4468
54922.657,5766, , ,0.97795012,0.97900369,0.1076%,0.001054,4469
54929.602,5767, ,* L  ,0.97795012,0.97900369,0.1076%,0.001054,4470
54936.568,5768, , ,0.97795012,0.97900369,0.1076%,0.001054,4471
54943.944,5769, , ,0.97795012,0.97900369,0.1076%,0.001054,4472
54950.654,5770, , ,0.97795012,0.97900369,0.1076%,0.001054,4473
54958.329,5771, ,* L  ,0.97795013,0.97900369,0.1076%,0.001054,4474
54965.525,5772, , ,0.97795013,0.97900369,0.1076%,0.001054,4475
54972.481,5773, ,* L  ,0.97795013,0.97900369,0.1076%,0.001054,4476
54979.375,5774, , ,0.97795013,0.97900369,0.1076%,0.001054,4477
54986.55,5775, , ,0.97795013,0.97900369,0.1076%,0.001054,4478
54993.65,5776, , ,0.97795013,0.97900369,0.1076%,0.001054,4479
55000.981,5777, ,* L  ,0.97795022,0.97900369,0.1076%,0.001053,4480
55008.705,5778, , ,0.97795022,0.97900369,0.1076%,0.001053,4481
55016.375,5779, ,* L  ,0.97795023,0.97900369,0.1076%,0.001053,4482
55023.368,5780, , ,0.97795023,0.97900369,0.1076%,0.001053,4483
55030.916,5781, ,* L  ,0.97795026,0.97900369,0.1076%,0.001053,4484
55037.737,5782, , ,0.97795026,0.97900369,0.1076%,0.001053,4485
55044.816,5783, ,* L  ,0.97795026,0.97900369,0.1076%,0.001053,4486
55051.801,5784, , ,0.97795026,0.97900369,0.1076%,0.001053,4487
55058.963,5785, , ,0.97795026,0.97900369,0.1076%,0.001053,4488
55065.507,5786, , ,0.97795026,0.97900369,0.1076%,0.001053,4489
55069.945,5787, ,* L  ,0.97795029,0.97900369,0.1076%,0.001053,4490
55072.808,5788, , ,0.97795029,0.97900369,0.1076%,0.001053,4491
55076.613,5789, ,* L  ,0.97795029,0.97900369,0.1076%,0.001053,4492
55080.241,5790, , ,0.97795029,0.97900369,0.1076%,0.001053,4493
55084.126,5791, , ,0.97795029,0.97900369,0.1076%,0.001053,4494
55090.974,5792, , ,0.97795029,0.97900369,0.1076%,0.001053,4495
55097.648,5793, ,* L  ,0.97795034,0.97900369,0.1076%,0.001053,4496
55104.791,5794, , ,0.97795034,0.97900369,0.1076%,0.001053,4497
55111.89,5795, ,* L  ,0.97795034,0.97900369,0.1076%,0.001053,4498
55118.285,5796, , ,0.97795034,0.97900369,0.1076%,0.001053,4499
55125.138,5797, , ,0.97795034,0.97900369,0.1076%,0.001053,4500
55131.129,5798, , ,0.97795034,0.97900369,0.1076%,0.001053,4501
55139.46,5799, ,* L  ,0.97795035,0.97900369,0.1076%,0.001053,4502
55146.307,5800, , ,0.97795035,0.97900369,0.1076%,0.001053,4503
55153.566,5801, ,* L  ,0.97795035,0.97900369,0.1076%,0.001053,4504
55160.063,5802, , ,0.97795035,0.97900369,0.1076%,0.001053,4505
55166.903,5803, , ,0.97795035,0.97900369,0.1076%,0.001053,4506
55174.519,5804, , ,0.97795035,0.97900369,0.1076%,0.001053,4507
55181.021,5805, ,* L  ,0.97795038,0.97900369,0.1076%,0.001053,4508
55189.787,5806, , ,0.97795038,0.97900369,0.1076%,0.001053,4509
55196.35,5807,Bound,* L  ,0.97795055,0.97900369,0.1076%,0.001053,4508
55203.332,5808, , ,0.97795055,0.97900369,0.1076%,0.001053,4509
55210.396,5809, ,* L  ,0.97795055,0.97900369,0.1076%,0.001053,4510
55217.072,5810, , ,0.97795055,0.97900369,0.1076%,0.001053,4511
55223.747,5811, , ,0.97795055,0.97900369,0.1076%,0.001053,4512
55231.497,5812, , ,0.97795055,0.97900369,0.1076%,0.001053,4513
55238.91,5813, ,* L  ,0.97795062,0.97900369,0.1076%,0.001053,4514
55245.347,5814, , ,0.97795062,0.97900369,0.1076%,0.001053,4515
55252.058,5815, ,* L  ,0.97795062,0.97900369,0.1076%,0.001053,4516
55258.856,5816, , ,0.97795062,0.97900369,0.1076%,0.001053,4517
55266.483,5817, , ,0.97795062,0.97900369,0.1076%,0.001053,4518
55273.132,5818, , ,0.97795062,0.97900369,0.1076%,0.001053,4519
55280.57,5819, ,* L  ,0.97795067,0.97900369,0.1076%,0.001053,4520
55287.837,5820, , ,0.97795067,0.97900369,0.1076%,0.001053,4521
55295.296,5821, ,* L  ,0.97795069,0.97900369,0.1076%,0.001053,4522
55302.287,5822, , ,0.97795069,0.97900369,0.1076%,0.001053,4523
55309.478,5823, ,* L  ,0.97795074,0.97900369,0.1076%,0.001053,4524
55316.714,5824, , ,0.97795074,0.97900369,0.1076%,0.001053,4525
55323.622,5825, ,* L  ,0.97795074,0.97900369,0.1076%,0.001053,4526
55330.123,5826, , ,0.97795074,0.97900369,0.1076%,0.001053,4527
55337.564,5827, , ,0.97795074,0.97900369,0.1076%,0.001053,4528
55344.57,5828, , ,0.97795074,0.97900369,0.1076%,0.001053,4529
55352.015,5829, ,* L  ,0.97795078,0.97900369,0.1075%,0.001053,4530
55359.51,5830, , ,0.97795078,0.97900369,0.1075%,0.001053,4531
55366.729,5831, ,* L  ,0.97795081,0.97900369,0.1075%,0.001053,4532
55373.448,5832, , ,0.97795081,0.97900369,0.1075%,0.001053,4533
55380.705,5833, ,* L  ,0.97795081,0.97900369,0.1075%,0.001053,4534
55387.567,5834, , ,0.97795081,0.97900369,0.1075%,0.001053,4535
55394.978,5835, , ,0.97795081,0.97900369,0.1075%,0.001053,4536
55401.58,5836, , ,0.97795081,0.97900369,0.1075%,0.001053,4537
55409.11,5837, ,* L  ,0.97795084,0.97900369,0.1075%,0.001053,4538
55416.063,5838, , ,0.97795084,0.97900369,0.1075%,0.001053,4539
55423.197,5839, ,* L  ,0.97795084,0.97900369,0.1075%,0.001053,4540
55430.109,5840, , ,0.97795084,0.97900369,0.1075%,0.001053,4541
55437.262,5841, , ,0.97795084,0.97900369,0.1075%,0.001053,4542
55443.795,5842, , ,0.97795084,0.97900369,0.1075%,0.001053,4543
55450.628,5843, ,* L  ,0.97795113,0.97900369,0.1075%,0.001053,4544
55458.179,5844, , ,0.97795113,0.97900369,0.1075%,0.001053,4545
55465.378,5845, ,* L  ,0.9779512,0.97900369,0.1075%,0.001052,4546
55472.617,5846, , ,0.9779512,0.97900369,0.1075%,0.001052,4547
55479.291,5847, ,* L  ,0.97795123,0.97900369,0.1075%,0.001052,4548
55486.159,5848, , ,0.97795123,0.97900369,0.1075%,0.001052,4549
55493.05,5849, ,* L  ,0.97795123,0.97900369,0.1075%,0.001052,4550
55500.126,5850, , ,0.97795123,0.97900369,0.1075%,0.001052,4551
55507.387,5851, , ,0.97795123,0.97900369,0.1075%,0.001052,4552
55513.911,5852, , ,0.97795123,0.97900369,0.1075%,0.001052,4553
55520.536,5853, ,* L  ,0.97795124,0.97900369,0.1075%,0.001052,4554
55527.852,5854, , ,0.97795124,0.97900369,0.1075%,0.001052,4555
55534.747,5855, ,* L  ,0.97795126,0.97900369,0.1075%,0.001052,4556
55541.766,5856, , ,0.97795126,0.97900369,0.1075%,0.001052,4557
55549.194,5857, ,* L  ,0.97795126,0.97900369,0.1075%,0.001052,4558
55555.828,5858, , ,0.97795126,0.97900369,0.1075%,0.001052,4559
55562.363,5859, , ,0.97795126,0.97900369,0.1075%,0.001052,4560
55569.058,5860, , ,0.97795126,0.97900369,0.1075%,0.001052,4561
55576.37,5861, ,* L  ,0.97795129,0.97900369,0.1075%,0.001052,4562
55589.096,5862, , ,0.97795129,0.97900369,0.1075%,0.001052,4563
55601.925,5863, , ,0.97795129,0.97900369,0.1075%,0.001052,4564
55618.575,5864, , ,0.97795129,0.97900369,0.1075%,0.001052,4565
55633.931,5865, , ,0.97795129,0.97900369,0.1075%,0.001052,4566
55646.185,5866, , ,0.97795129,0.97900369,0.1075%,0.001052,4567
55661.389,5867, , ,0.97795129,0.97900369,0.1075%,0.001052,4568
55677.89,5868, , ,0.97795129,0.97900369,0.1075%,0.001052,4569
55692.866,5869, , ,0.97795129,0.97900369,0.1075%,0.001052,4570
55705.791,5870, , ,0.97795129,0.97900369,0.1075%,0.001052,4571
55720.934,5871, , ,0.97795129,0.97900369,0.1075%,0.001052,4572
55739.921,5872, , ,0.97795129,0.97900369,0.1075%,0.001052,4573
55752.641,5873, , ,0.97795129,0.97900369,0.1075%,0.001052,4574
55760.055,5874, , ,0.97795129,0.97900369,0.1075%,0.001052,4575
55770.582,5875, , ,0.97795129,0.97900369,0.1075%,0.001052,4576
55787.642,5876, , ,0.97795129,0.97900369,0.1075%,0.001052,4577
55806.081,5877, , ,0.97795129,0.97900369,0.1075%,0.001052,4578
55820.45,5878, , ,0.97795129,0.97900369,0.1075%,0.001052,4579
55835.674,5879, , ,0.97795129,0.97900369,0.1075%,0.001052,4580
55851.064,5880, , ,0.97795129,0.97900369,0.1075%,0.001052,4581
55865.773,5881, , ,0.97795129,0.97900369,0.1075%,0.001052,4582
55880.915,5882, , ,0.97795129,0.97900369,0.1075%,0.001052,4583
55895.136,5883, , ,0.97795129,0.97900369,0.1075%,0.001052,4584
55909.949,5884, , ,0.97795129,0.97900369,0.1075%,0.001052,4585
55926.686,5885, , ,0.97795129,0.97900369,0.1075%,0.001052,4586
55939.557,5886, , ,0.97795129,0.97900369,0.1075%,0.001052,4587
55956.048,5887, ,* L  ,0.9779513,0.97900369,0.1075%,0.001052,4588
55963.184,5888, , ,0.9779513,0.97900369,0.1075%,0.001052,4589
55970.41,5889, ,* L  ,0.9779513,0.97900369,0.1075%,0.001052,4590
55977.871,5890, , ,0.9779513,0.97900369,0.1075%,0.001052,4591
55985.191,5891, ,* L  ,0.9779513,0.97900369,0.1075%,0.001052,4592
55991.79,5892, , ,0.9779513,0.97900369,0.1075%,0.001052,4593
55998.968,5893, , ,0.9779513,0.97900369,0.1075%,0.001052,4594
56005.443,5894, , ,0.9779513,0.97900369,0.1075%,0.001052,4595
56012.518,5895, ,* L  ,0.9779513,0.97900369,0.1075%,0.001052,4596
56019.783,5896, , ,0.9779513,0.97900369,0.1075%,0.001052,4597
56026.974,5897, ,* L  ,0.97795132,0.97900369,0.1075%,0.001052,4598
56034.509,5898, , ,0.97795132,0.97900369,0.1075%,0.001052,4599
56041.803,5899, ,* L  ,0.97795132,0.97900369,0.1075%,0.001052,4600
56048.191,5900, , ,0.97795132,0.97900369,0.1075%,0.001052,4601
56055.331,5901, , ,0.97795132,0.97900369,0.1075%,0.001052,4602
56061.816,5902, , ,0.97795132,0.97900369,0.1075%,0.001052,4603
56069.099,5903, ,* L  ,0.97795135,0.97900369,0.1075%,0.001052,4604
56076.05,5904, , ,0.97795135,0.97900369,0.1075%,0.001052,4605
56083.039,5905, ,* L  ,0.97795135,0.97900369,0.1075%,0.001052,4606
56089.613,5906, , ,0.97795135,0.97900369,0.1075%,0.001052,4607
56096.635,5907, , ,0.97795135,0.97900369,0.1075%,0.001052,4608
56103.212,5908, , ,0.97795135,0.97900369,0.1075%,0.001052,4609
56110.225,5909, ,* L  ,0.97795139,0.97900369,0.1075%,0.001052,4610
56117.396,5910, , ,0.97795139,0.97900369,0.1075%,0.001052,4611
56124.455,5911, ,* L  ,0.97795161,0.97900369,0.1075%,0.001052,4612
56131.799,5912, , ,0.97795161,0.97900369,0.1075%,0.001052,4613
56139.392,5913, ,* L  ,0.97795161,0.97900369,0.1075%,0.001052,4614
56145.81,5914, , ,0.97795161,0.97900369,0.1075%,0.001052,4615
56153.15,5915, , ,0.97795161,0.97900369,0.1075%,0.001052,4616
56159.98,5916, , ,0.97795161,0.97900369,0.1075%,0.001052,4617
56167.356,5917, ,* L  ,0.97795162,0.97900369,0.1075%,0.001052,4618
56174.535,5918, , ,0.97795162,0.97900369,0.1075%,0.001052,4619
56181.651,5919, ,* L  ,0.97795162,0.97900369,0.1075%,0.001052,4620
56188.301,5920, , ,0.97795162,0.97900369,0.1075%,0.001052,4621
56195.772,5921, , ,0.97795162,0.97900369,0.1075%,0.001052,4622
56202.445,5922, , ,0.97795162,0.97900369,0.1075%,0.001052,4623
56209.4,5923, ,* L  ,0.97795163,0.97900369,0.1075%,0.001052,4624
56216.946,5924, , ,0.97795163,0.97900369,0.1075%,0.001052,4625
56224.392,5925, ,* L  ,0.97795166,0.97900369,0.1075%,0.001052,4626
56231.241,5926, , ,0.97795166,0.97900369,0.1075%,0.001052,4627
56238.454,5927, ,* L  ,0.97795168,0.97900369,0.1075%,0.001052,4628
56247.135,5928, , ,0.97795168,0.97900369,0.1075%,0.001052,4629
56253.905,5929,Bound,* L  ,0.9779517,0.97900369,0.1075%,0.001052,4628
56261.398,5930, , ,0.9779517,0.97900369,0.1075%,0.001052,4629
56269.377,5931, ,* L  ,0.97795173,0.97900369,0.1075%,0.001052,4630
56276.621,5932, , ,0.97795173,0.97900369,0.1075%,0.001052,4631
56283.917,5933, ,* L  ,0.97795175,0.97900369,0.1074%,0.001052,4632
56291.311,5934, , ,0.97795175,0.97900369,0.1074%,0.001052,4633
56298.977,5935, ,* L  ,0.97795175,0.97900369,0.1074%,0.001052,4634
56305.772,5936, , ,0.97795175,0.97900369,0.1074%,0.001052,4635
56312.717,5937, , ,0.97795175,0.97900369,0.1074%,0.001052,4636
56319.428,5938, , ,0.97795175,0.97900369,0.1074%,0.001052,4637
56326.633,5939, ,* L  ,0.97795177,0.97900369,0.1074%,0.001052,4638
56333.908,5940, , ,0.97795177,0.97900369,0.1074%,0.001052,4639
56341.064,5941, ,* L  ,0.97795178,0.97900369,0.1074%,0.001052,4640
56348.116,5942, , ,0.97795178,0.97900369,0.1074%,0.001052,4641
56355.102,5943, ,* L  ,0.97795178,0.97900369,0.1074%,0.001052,4642
56361.599,5944, , ,0.97795178,0.97900369,0.1074%,0.001052,4643
56368.557,5945, , ,0.97795178,0.97900369,0.1074%,0.001052,4644
56375.423,5946, , ,0.97795178,0.97900369,0.1074%,0.001052,4645
56382.335,5947, ,* L  ,0.97795179,0.97900369,0.1074%,0.001052,4646
56389.745,5948, , ,0.97795179,0.97900369,0.1074%,0.001052,4647
56397.338,5949, ,* L  ,0.97795179,0.97900369,0.1074%,0.001052,4648
56404.153,5950, , ,0.97795179,0.97900369,0.1074%,0.001052,4649
56411.561,5951, , ,0.97795179,0.97900369,0.1074%,0.001052,4650
56418.409,5952, , ,0.97795179,0.97900369,0.1074%,0.001052,4651
56425.937,5953, ,* L  ,0.97795181,0.97900369,0.1074%,0.001052,4652
56434.0,5954, , ,0.97795181,0.97900369,0.1074%,0.001052,4653
56441.625,5955,Bound,* L  ,0.97795182,0.97900369,0.1074%,0.001052,4652
56448.676,5956, , ,0.97795182,0.97900369,0.1074%,0.001052,4653
56455.958,5957, ,* L  ,0.97795182,0.97900369,0.1074%,0.001052,4654
56463.01,5958, , ,0.97795182,0.97900369,0.1074%,0.001052,4655
56470.24,5959, , ,0.97795182,0.97900369,0.1074%,0.001052,4656
56476.831,5960, , ,0.97795182,0.97900369,0.1074%,0.001052,4657
56484.355,5961, ,* L  ,0.97795183,0.97900369,0.1074%,0.001052,4658
56491.531,5962, , ,0.97795183,0.97900369,0.1074%,0.001052,4659
56498.715,5963, ,* L  ,0.97795183,0.97900369,0.1074%,0.001052,4660
56505.385,5964, , ,0.97795183,0.97900369,0.1074%,0.001052,4661
56512.559,5965, , ,0.97795183,0.97900369,0.1074%,0.001052,4662
56519.834,5966, , ,0.97795183,0.97900369,0.1074%,0.001052,4663
56528.04,5967, ,* L  ,0.97795187,0.97900369,0.1074%,0.001052,4664
56531.541,5968, , ,0.97795187,0.97900369,0.1074%,0.001052,4665
56534.951,5969, ,* L  ,0.97795187,0.97900369,0.1074%,0.001052,4666
56538.378,5970, , ,0.97795187,0.97900369,0.1074%,0.001052,4667
56541.317,5971, , ,0.97795187,0.97900369,0.1074%,0.001052,4668
56546.986,5972, , ,0.97795187,0.97900369,0.1074%,0.001052,4669
56554.426,5973, ,* L  ,0.97795192,0.97900369,0.1074%,0.001052,4670
56561.945,5974, , ,0.97795192,0.97900369,0.1074%,0.001052,4671
56569.53,5975, ,* L  ,0.97795203,0.97900369,0.1074%,0.001052,4672
56576.666,5976, , ,0.97795203,0.97900369,0.1074%,0.001052,4673
56583.744,5977, ,* L  ,0.97795203,0.97900369,0.1074%,0.001052,4674
56591.157,5978, , ,0.97795203,0.97900369,0.1074%,0.001052,4675
56598.588,5979, ,* L  ,0.97795203,0.97900369,0.1074%,0.001052,4676
56605.02,5980, , ,0.97795203,0.97900369,0.1074%,0.001052,4677
56611.95,5981, , ,0.97795203,0.97900369,0.1074%,0.001052,4678
56618.76,5982, , ,0.97795203,0.97900369,0.1074%,0.001052,4679
56626.126,5983, ,* L  ,0.97795218,0.97900369,0.1074%,0.001052,4680
56633.266,5984, , ,0.97795218,0.97900369,0.1074%,0.001052,4681
56640.886,5985, ,* L  ,0.97795218,0.97900369,0.1074%,0.001052,4682
56647.733,5986, , ,0.97795218,0.97900369,0.1074%,0.001052,4683
56654.872,5987, , ,0.97795218,0.97900369,0.1074%,0.001052,4684
56661.683,5988, , ,0.97795218,0.97900369,0.1074%,0.001052,4685
56669.066,5989, ,* L  ,0.97795229,0.97900369,0.1074%,0.001051,4686
56676.441,5990, , ,0.97795229,0.97900369,0.1074%,0.001051,4687
56683.337,5991, ,* L  ,0.97795229,0.97900369,0.1074%,0.001051,4688
56689.955,5992, , ,0.97795229,0.97900369,0.1074%,0.001051,4689
56696.782,5993, , ,0.97795229,0.97900369,0.1074%,0.001051,4690
56703.613,5994, , ,0.97795229,0.97900369,0.1074%,0.001051,4691
56711.282,5995, ,* L  ,0.97795236,0.97900369,0.1074%,0.001051,4692
56718.382,5996, , ,0.97795236,0.97900369,0.1074%,0.001051,4693
56723.225,5997, ,* L  ,0.97795236,0.97900369,0.1074%,0.001051,4694
56727.509,5998, , ,0.97795236,0.97900369,0.1074%,0.001051,4695
56732.422,5999, , ,0.97795236,0.97900369,0.1074%,0.001051,4696
56739.417,6000, , ,0.97795236,0.97900369,0.1074%,0.001051,4697
56746.551,6001, ,* L  ,0.97795248,0.97900369,0.1074%,0.001051,4698
56753.969,6002, , ,0.97795248,0.97900369,0.1074%,0.001051,4699
56761.694,6003, ,* L  ,0.9779525,0.97900369,0.1074%,0.001051,4700
56769.289,6004, , ,0.9779525,0.97900369,0.1074%,0.001051,4701
56776.786,6005, ,* L  ,0.97795251,0.97900369,0.1074%,0.001051,4702
56784.02,6006, , ,0.97795251,0.97900369,0.1074%,0.001051,4703
56791.103,6007, ,* L  ,0.97795251,0.97900369,0.1074%,0.001051,4704
56797.734,6008, , ,0.97795251,0.97900369,0.1074%,0.001051,4705
56805.061,6009, , ,0.97795251,0.97900369,0.1074%,0.001051,4706
56810.99,6010, , ,0.97795251,0.97900369,0.1074%,0.001051,4707
56818.588,6011, ,* L  ,0.97795252,0.97900369,0.1074%,0.001051,4708
56826.201,6012, , ,0.97795252,0.97900369,0.1074%,0.001051,4709
56833.509,6013, ,* L  ,0.97795255,0.97900369,0.1074%,0.001051,4710
56840.998,6014, , ,0.97795255,0.97900369,0.1074%,0.001051,4711
56847.957,6015, ,* L  ,0.97795257,0.97900369,0.1074%,0.001051,4712
56855.323,6016, , ,0.97795257,0.97900369,0.1074%,0.001051,4713
56862.692,6017, ,* L  ,0.97795257,0.97900369,0.1074%,0.001051,4714
56869.67,6018, , ,0.97795257,0.97900369,0.1074%,0.001051,4715
56876.787,6019, , ,0.97795257,0.97900369,0.1074%,0.001051,4716
56883.559,6020, , ,0.97795257,0.97900369,0.1074%,0.001051,4717
56891.227,6021, ,* L  ,0.97795262,0.97900369,0.1074%,0.001051,4718
56898.799,6022, , ,0.97795262,0.97900369,0.1074%,0.001051,4719
56906.139,6023, ,* L  ,0.97795264,0.97900369,0.1074%,0.001051,4720
56913.673,6024, , ,0.97795264,0.97900369,0.1074%,0.001051,4721
56921.32,6025, ,* L  ,0.97795268,0.97900369,0.1074%,0.001051,4722
56928.47,6026, , ,0.97795268,0.97900369,0.1074%,0.001051,4723
56936.043,6027, ,* L  ,0.97795271,0.97900369,0.1074%,0.001051,4724
56943.321,6028, , ,0.97795271,0.97900369,0.1074%,0.001051,4725
56950.823,6029, ,* L  ,0.97795271,0.97900369,0.1074%,0.001051,4726
56957.565,6030, , ,0.97795271,0.97900369,0.1074%,0.001051,4727
56964.641,6031, , ,0.97795271,0.97900369,0.1074%,0.001051,4728
56971.382,6032, , ,0.97795271,0.97900369,0.1074%,0.001051,4729
56978.534,6033, ,* L  ,0.97795272,0.97900369,0.1074%,0.001051,4730
56985.255,6034, , ,0.97795272,0.97900369,0.1074%,0.001051,4731
56991.964,6035, ,* L  ,0.97795272,0.97900369,0.1074%,0.001051,4732
56998.832,6036, , ,0.97795272,0.97900369,0.1074%,0.001051,4733
57004.99,6037, , ,0.97795272,0.97900369,0.1074%,0.001051,4734
57010.352,6038, , ,0.97795272,0.97900369,0.1074%,0.001051,4735
57015.545,6039, ,* L  ,0.9779528,0.97900369,0.1073%,0.001051,4736
57020.883,6040, , ,0.9779528,0.97900369,0.1073%,0.001051,4737
57027.949,6041, ,* L  ,0.9779528,0.97900369,0.1073%,0.001051,4738
57034.787,6042, , ,0.9779528,0.97900369,0.1073%,0.001051,4739
57041.876,6043, , ,0.9779528,0.97900369,0.1073%,0.001051,4740
57048.796,6044, , ,0.9779528,0.97900369,0.1073%,0.001051,4741
57056.267,6045, ,* L  ,0.97795286,0.97900369,0.1073%,0.001051,4742
57063.997,6046, , ,0.97795286,0.97900369,0.1073%,0.001051,4743
57071.373,6047, ,* L  ,0.97795286,0.97900369,0.1073%,0.001051,4744
57079.256,6048, , ,0.97795286,0.97900369,0.1073%,0.001051,4745
57086.929,6049, ,* L  ,0.97795287,0.97900369,0.1073%,0.001051,4746
57094.166,6050, , ,0.97795287,0.97900369,0.1073%,0.001051,4747
57101.429,6051, ,* L  ,0.97795287,0.97900369,0.1073%,0.001051,4748
57108.081,6052, , ,0.97795287,0.97900369,0.1073%,0.001051,4749
57115.703,6053, , ,0.97795287,0.97900369,0.1073%,0.001051,4750
57122.82,6054, , ,0.97795287,0.97900369,0.1073%,0.001051,4751
57130.227,6055, ,* L  ,0.97795298,0.97900369,0.1073%,0.001051,4752
57137.297,6056, , ,0.97795298,0.97900369,0.1073%,0.001051,4753
57144.87,6057, ,* L  ,0.97795307,0.97900369,0.1073%,0.001051,4754
57152.064,6058, , ,0.97795307,0.97900369,0.1073%,0.001051,4755
57159.302,6059, ,* L  ,0.97795308,0.97900369,0.1073%,0.001051,4756
57166.326,6060, , ,0.97795308,0.97900369,0.1073%,0.001051,4757
57173.744,6061, ,* L  ,0.97795308,0.97900369,0.1073%,0.001051,4758
57180.14,6062, , ,0.97795308,0.97900369,0.1073%,0.001051,4759
57187.679,6063, , ,0.97795308,0.97900369,0.1073%,0.001051,4760
57194.171,6064, , ,0.97795308,0.97900369,0.1073%,0.001051,4761
57201.186,6065, ,* L  ,0.97795311,0.97900369,0.1073%,0.001051,4762
57208.673,6066, , ,0.97795311,0.97900369,0.1073%,0.001051,4763
57216.246,6067, ,* L  ,0.97795311,0.97900369,0.1073%,0.001051,4764
57222.647,6068, , ,0.97795311,0.97900369,0.1073%,0.001051,4765
57229.95,6069, , ,0.97795311,0.97900369,0.1073%,0.001051,4766
57236.51,6070, , ,0.97795311,0.97900369,0.1073%,0.001051,4767
57243.951,6071, ,* L  ,0.97795311,0.97900369,0.1073%,0.001051,4768
57251.421,6072, , ,0.97795311,0.97900369,0.1073%,0.001051,4769
57258.725,6073, ,* L  ,0.97795314,0.97900369,0.1073%,0.001051,4770
57266.331,6074, , ,0.97795314,0.97900369,0.1073%,0.001051,4771
57273.876,6075, ,* L  ,0.97795314,0.97900369,0.1073%,0.001051,4772
57280.706,6076, , ,0.97795314,0.97900369,0.1073%,0.001051,4773
57287.998,6077, , ,0.97795314,0.97900369,0.1073%,0.001051,4774
57294.381,6078, , ,0.97795314,0.97900369,0.1073%,0.001051,4775
57301.696,6079, ,* L  ,0.97795321,0.97900369,0.1073%,0.00105,4776
57309.012,6080, , ,0.97795321,0.97900369,0.1073%,0.00105,4777
57316.396,6081, ,* L  ,0.97795321,0.97900369,0.1073%,0.00105,4778
57323.028,6082, , ,0.97795321,0.97900369,0.1073%,0.00105,4779
57330.354,6083, , ,0.97795321,0.97900369,0.1073%,0.00105,4780
57337.052,6084, , ,0.97795321,0.97900369,0.1073%,0.00105,4781
57344.348,6085, ,* L  ,0.97795327,0.97900369,0.1073%,0.00105,4782
57351.607,6086, , ,0.97795327,0.97900369,0.1073%,0.00105,4783
57358.474,6087, ,* L  ,0.97795329,0.97900369,0.1073%,0.00105,4784
57366.018,6088, , ,0.97795329,0.97900369,0.1073%,0.00105,4785
57373.635,6089, ,* L  ,0.97795329,0.97900369,0.1073%,0.00105,4786
57380.285,6090, , ,0.97795329,0.97900369,0.1073%,0.00105,4787
57387.399,6091, , ,0.97795329,0.97900369,0.1073%,0.00105,4788
57391.861,6092, , ,0.97795329,0.97900369,0.1073%,0.00105,4789
57397.01,6093, ,* L  ,0.9779533,0.97900369,0.1073%,0.00105,4790
57400.34,6094, , ,0.9779533,0.97900369,0.1073%,0.00105,4791
57404.8,6095, ,* L  ,0.9779533,0.97900369,0.1073%,0.00105,4792
57411.504,6096, , ,0.9779533,0.97900369,0.1073%,0.00105,4793
57418.477,6097, , ,0.9779533,0.97900369,0.1073%,0.00105,4794
57425.295,6098, , ,0.9779533,0.97900369,0.1073%,0.00105,4795
57432.63,6099, ,* L  ,0.97795333,0.97900369,0.1073%,0.00105,4796
57439.765,6100, , ,0.97795333,0.97900369,0.1073%,0.00105,4797
57446.565,6101, ,* L  ,0.97795333,0.97900369,0.1073%,0.00105,4798
57453.314,6102, , ,0.97795333,0.97900369,0.1073%,0.00105,4799
57460.186,6103, , ,0.97795333,0.97900369,0.1073%,0.00105,4800
57466.744,6104, , ,0.97795333,0.97900369,0.1073%,0.00105,4801
57473.878,6105, ,* L  ,0.97795345,0.97900369,0.1073%,0.00105,4802
57480.759,6106,Bound, ,0.97795345,0.97900369,0.1073%,0.00105,4801
57493.384,6107, , ,0.97795345,0.97900369,0.1073%,0.00105,4802
57507.413,6108, , ,0.97795345,0.97900369,0.1073%,0.00105,4803
57517.165,6109, ,* L  ,0.9779535,0.97900369,0.1073%,0.00105,4804
57524.43,6110, , ,0.9779535,0.97900369,0.1073%,0.00105,4805
57532.2,6111, ,* L  ,0.9779535,0.97900369,0.1073%,0.00105,4806
57539.085,6112, , ,0.9779535,0.97900369,0.1073%,0.00105,4807
57546.381,6113, , ,0.9779535,0.97900369,0.1073%,0.00105,4808
57553.042,6114, , ,0.9779535,0.97900369,0.1073%,0.00105,4809
57559.976,6115, ,* L  ,0.97795356,0.97900369,0.1073%,0.00105,4810
57567.498,6116, , ,0.97795356,0.97900369,0.1073%,0.00105,4811
57575.021,6117, ,* L  ,0.97795361,0.97900369,0.1073%,0.00105,4812
57582.551,6118, , ,0.97795361,0.97900369,0.1073%,0.00105,4813
57590.234,6119, ,* L  ,0.97795361,0.97900369,0.1073%,0.00105,4814
57597.438,6120, , ,0.97795361,0.97900369,0.1073%,0.00105,4815
57604.82,6121, , ,0.97795361,0.97900369,0.1073%,0.00105,4816
57611.156,6122, , ,0.97795361,0.97900369,0.1073%,0.00105,4817
57618.424,6123, ,* L  ,0.97795383,0.97900369,0.1072%,0.00105,4818
57625.579,6124, , ,0.97795383,0.97900369,0.1072%,0.00105,4819
57633.297,6125, ,* L  ,0.97795393,0.97900369,0.1072%,0.00105,4820
57641.435,6126, , ,0.97795393,0.97900369,0.1072%,0.00105,4821
57648.243,6127,Bound,* L  ,0.97795397,0.97900369,0.1072%,0.00105,4820
57656.037,6128, , ,0.97795397,0.97900369,0.1072%,0.00105,4821
57664.172,6129, ,* L  ,0.97795403,0.97900369,0.1072%,0.00105,4822
57671.412,6130, , ,0.97795403,0.97900369,0.1072%,0.00105,4823
57678.272,6131, ,* L  ,0.97795405,0.97900369,0.1072%,0.00105,4824
57685.772,6132, , ,0.97795405,0.97900369,0.1072%,0.00105,4825
57693.099,6133, ,* L  ,0.97795405,0.97900369,0.1072%,0.00105,4826
57699.741,6134, , ,0.97795405,0.97900369,0.1072%,0.00105,4827
57706.318,6135, , ,0.97795405,0.97900369,0.1072%,0.00105,4828
57713.03,6136, , ,0.97795405,0.97900369,0.1072%,0.00105,4829
57720.82,6137, ,* L  ,0.97795405,0.97900369,0.1072%,0.00105,4830
57727.917,6138,Bound, ,0.97795405,0.97900369,0.1072%,0.00105,4829
57735.411,6139,Bound, ,0.97795405,0.97900369,0.1072%,0.00105,4828
57743.895,6140, , ,0.97795405,0.97900369,0.1072%,0.00105,4829
57752.421,6141, ,* L  ,0.97795406,0.97900369,0.1072%,0.00105,4830
57760.564,6142, , ,0.97795406,0.97900369,0.1072%,0.00105,4831
57768.42,6143, ,* L  ,0.97795407,0.97900369,0.1072%,0.00105,4832
57775.907,6144, , ,0.97795407,0.97900369,0.1072%,0.00105,4833
57779.577,6145, ,* L  ,0.97795407,0.97900369,0.1072%,0.00105,4834
57782.73,6146, , ,0.97795407,0.97900369,0.1072%,0.00105,4835
57786.298,6147, , ,0.97795407,0.97900369,0.1072%,0.00105,4836
57789.343,6148, , ,0.97795407,0.97900369,0.1072%,0.00105,4837
57797.302,6149, ,* L  ,0.97795409,0.97900369,0.1072%,0.00105,4838
57805.267,6150, , ,0.97795409,0.97900369,0.1072%,0.00105,4839
57813.385,6151, ,* L  ,0.97795409,0.97900369,0.1072%,0.00105,4840
57820.78,6152, , ,0.97795409,0.97900369,0.1072%,0.00105,4841
57828.809,6153, , ,0.97795409,0.97900369,0.1072%,0.00105,4842
57836.12,6154, , ,0.97795409,0.97900369,0.1072%,0.00105,4843
57844.379,6155, ,* L  ,0.97795411,0.97900369,0.1072%,0.00105,4844
57852.404,6156, , ,0.97795411,0.97900369,0.1072%,0.00105,4845
57860.359,6157, ,* L  ,0.97795411,0.97900369,0.1072%,0.00105,4846
57867.811,6158, , ,0.97795411,0.97900369,0.1072%,0.00105,4847
57875.536,6159, , ,0.97795411,0.97900369,0.1072%,0.00105,4848
57882.607,6160, , ,0.97795411,0.97900369,0.1072%,0.00105,4849
57890.384,6161, ,* L  ,0.97795417,0.97900369,0.1072%,0.00105,4850
57899.279,6162, , ,0.97795417,0.97900369,0.1072%,0.00105,4851
57906.759,6163,Bound,* L  ,0.97795419,0.97900369,0.1072%,0.001049,4850
57914.624,6164, , ,0.97795419,0.97900369,0.1072%,0.001049,4851
57922.722,6165, ,* L  ,0.97795419,0.97900369,0.1072%,0.001049,4852
57929.977,6166, , ,0.97795419,0.97900369,0.1072%,0.001049,4853
57937.955,6167, , ,0.97795419,0.97900369,0.1072%,0.001049,4854
57945.337,6168, , ,0.97795419,0.97900369,0.1072%,0.001049,4855
57953.508,6169, ,* L  ,0.97795483,0.97900369,0.1071%,0.001049,4856
57961.94,6170, , ,0.97795483,0.97900369,0.1071%,0.001049,4857
57970.491,6171, ,* L  ,0.97795485,0.97900369,0.1071%,0.001049,4858
57978.865,6172, , ,0.97795485,0.97900369,0.1071%,0.001049,4859
57987.086,6173, ,* L  ,0.97795487,0.97900369,0.1071%,0.001049,4860
57995.029,6174, , ,0.97795487,0.97900369,0.1071%,0.001049,4861
58003.216,6175, ,* L  ,0.97795489,0.97900369,0.1071%,0.001049,4862
58012.285,6176, , ,0.97795489,0.97900369,0.1071%,0.001049,4863
58020.657,6177, , ,0.97795489,0.97900369,0.1071%,0.001049,4864
58029.269,6178, , ,0.97795489,0.97900369,0.1071%,0.001049,4865
58038.187,6179, ,* L  ,0.97795494,0.97900369,0.1071%,0.001049,4866
58047.05,6180, , ,0.97795494,0.97900369,0.1071%,0.001049,4867
58055.542,6181,Bound, ,0.97795494,0.97900369,0.1071%,0.001049,4866
58064.407,6182, , ,0.97795494,0.97900369,0.1071%,0.001049,4867
58072.934,6183,Bound,* L  ,0.97795523,0.97900369,0.1071%,0.001048,4866
58081.013,6184, , ,0.97795523,0.97900369,0.1071%,0.001048,4867
58088.996,6185, ,* L  ,0.97795523,0.97900369,0.1071%,0.001048,4868
58096.145,6186, , ,0.97795523,0.97900369,0.1071%,0.001048,4869
58103.987,6187, , ,0.97795523,0.97900369,0.1071%,0.001048,4870
58109.673,6188, , ,0.97795523,0.97900369,0.1071%,0.001048,4871
58112.897,6189, ,* L  ,0.97795538,0.97900369,0.1071%,0.001048,4872
58116.202,6190, , ,0.97795538,0.97900369,0.1071%,0.001048,4873
58119.5,6191, ,* L  ,0.97795538,0.97900369,0.1071%,0.001048,4874
58122.743,6192, , ,0.97795538,0.97900369,0.1071%,0.001048,4875
58125.837,6193, , ,0.97795538,0.97900369,0.1071%,0.001048,4876
58128.804,6194, , ,0.97795538,0.97900369,0.1071%,0.001048,4877
58131.723,6195, ,* L  ,0.97795564,0.97900369,0.1071%,0.001048,4878
58135.216,6196, , ,0.97795564,0.97900369,0.1071%,0.001048,4879
58138.131,6197,Bound,* L  ,0.97795568,0.97900369,0.107%,0.001048,4878
58141.833,6198, , ,0.97795568,0.97900369,0.107%,0.001048,4879
58145.645,6199, ,* L  ,0.97795568,0.97900369,0.107%,0.001048,4880
58149.251,6200, , ,0.97795568,0.97900369,0.107%,0.001048,4881
58152.695,6201, , ,0.97795568,0.97900369,0.107%,0.001048,4882
58158.922,6202, , ,0.97795568,0.97900369,0.107%,0.001048,4883
58165.591,6203, ,* L  ,0.97795573,0.97900369,0.107%,0.001048,4884
58177.323,6204, , ,0.97795573,0.97900369,0.107%,0.001048,4885
58189.281,6205, , ,0.97795573,0.97900369,0.107%,0.001048,4886
58201.747,6206, , ,0.97795573,0.97900369,0.107%,0.001048,4887
58216.418,6207, ,* L  ,0.97795578,0.97900369,0.107%,0.001048,4888
58229.245,6208, , ,0.97795578,0.97900369,0.107%,0.001048,4889
58240.782,6209, ,* L  ,0.97795606,0.97900369,0.107%,0.001048,4890
58244.538,6210, , ,0.97795606,0.97900369,0.107%,0.001048,4891
58248.372,6211, ,* L  ,0.97795613,0.97900369,0.107%,0.001048,4892
58251.866,6212, , ,0.97795613,0.97900369,0.107%,0.001048,4893
58255.517,6213, ,* L  ,0.97795616,0.97900369,0.107%,0.001048,4894
58258.946,6214, , ,0.97795616,0.97900369,0.107%,0.001048,4895
58262.437,6215, ,* L  ,0.97795616,0.97900369,0.107%,0.001048,4896
58265.404,6216, , ,0.97795616,0.97900369,0.107%,0.001048,4897
58268.666,6217, , ,0.97795616,0.97900369,0.107%,0.001048,4898
58271.643,6218, , ,0.97795616,0.97900369,0.107%,0.001048,4899
58274.684,6219, ,* L  ,0.97795618,0.97900369,0.107%,0.001048,4900
58277.883,6220, , ,0.97795618,0.97900369,0.107%,0.001048,4901
58281.184,6221, ,* L  ,0.97795618,0.97900369,0.107%,0.001048,4902
58284.419,6222, , ,0.97795618,0.97900369,0.107%,0.001048,4903
58288.496,6223, , ,0.97795618,0.97900369,0.107%,0.001048,4904
58292.124,6224, , ,0.97795618,0.97900369,0.107%,0.001048,4905
58295.379,6225, ,* L  ,0.97795628,0.97900369,0.107%,0.001047,4906
58298.837,6226, , ,0.97795628,0.97900369,0.107%,0.001047,4907
58302.347,6227, ,* L  ,0.9779564,0.97900369,0.107%,0.001047,4908
58305.173,6228,Bound, ,0.9779564,0.97900369,0.107%,0.001047,4907
58309.802,6229, , ,0.9779564,0.97900369,0.107%,0.001047,4908
58313.087,6230, , ,0.9779564,0.97900369,0.107%,0.001047,4909
58316.298,6231,Bound,* L  ,0.97795644,0.97900369,0.107%,0.001047,4908
58320.724,6232, , ,0.97795644,0.97900369,0.107%,0.001047,4909
58324.72,6233, ,* L  ,0.97795651,0.97900369,0.107%,0.001047,4910
58328.632,6234, , ,0.97795651,0.97900369,0.107%,0.001047,4911
58332.345,6235, ,* L  ,0.97795654,0.97900369,0.107%,0.001047,4912
58335.965,6236, , ,0.97795654,0.97900369,0.107%,0.001047,4913
58339.121,6237, ,* L  ,0.97795654,0.97900369,0.107%,0.001047,4914
58342.021,6238, , ,0.97795654,0.97900369,0.107%,0.001047,4915
58345.939,6239, , ,0.97795654,0.97900369,0.107%,0.001047,4916
58349.154,6240, , ,0.97795654,0.97900369,0.107%,0.001047,4917
58352.448,6241, ,* L  ,0.97795665,0.97900369,0.1069%,0.001047,4918
58356.013,6242, , ,0.97795665,0.97900369,0.1069%,0.001047,4919
58359.45,6243,Bound,* L  ,0.97795668,0.97900369,0.1069%,0.001047,4918
58362.997,6244, , ,0.97795668,0.97900369,0.1069%,0.001047,4919
58366.773,6245,Bound, ,0.97795668,0.97900369,0.1069%,0.001047,4918
58370.312,6246, , ,0.97795668,0.97900369,0.1069%,0.001047,4919
58374.389,6247,Bound,* L  ,0.9779567,0.97900369,0.1069%,0.001047,4918
58378.182,6248, , ,0.9779567,0.97900369,0.1069%,0.001047,4919
58381.713,6249,Bound,* L  ,0.97795673,0.97900369,0.1069%,0.001047,4918
58384.813,6250,Bound, ,0.97795673,0.97900369,0.1069%,0.001047,4917
58387.517,6251,Bound, ,0.97795673,0.97900369,0.1069%,0.001047,4916
58390.546,6252, , ,0.97795673,0.97900369,0.1069%,0.001047,4917
58395.078,6253, ,* L  ,0.97795674,0.97900369,0.1069%,0.001047,4918
58398.649,6254,Bound, ,0.97795674,0.97900369,0.1069%,0.001047,4917
58401.959,6255, ,* L  ,0.97795681,0.97900369,0.1069%,0.001047,4918
58405.68,6256, , ,0.97795681,0.97900369,0.1069%,0.001047,4919
58409.028,6257, ,* L  ,0.97795681,0.97900369,0.1069%,0.001047,4920
58411.918,6258, , ,0.97795681,0.97900369,0.1069%,0.001047,4921
58415.025,6259, , ,0.97795681,0.97900369,0.1069%,0.001047,4922
58417.817,6260, , ,0.97795681,0.97900369,0.1069%,0.001047,4923
58421.316,6261, ,* L  ,0.97795684,0.97900369,0.1069%,0.001047,4924
58424.421,6262, , ,0.97795684,0.97900369,0.1069%,0.001047,4925
58427.845,6263, ,* L  ,0.97795688,0.97900369,0.1069%,0.001047,4926
58431.654,6264, , ,0.97795688,0.97900369,0.1069%,0.001047,4927
58434.406,6265, ,* L  ,0.97795688,0.97900369,0.1069%,0.001047,4928
58437.424,6266, , ,0.97795688,0.97900369,0.1069%,0.001047,4929
58440.604,6267, , ,0.97795688,0.97900369,0.1069%,0.001047,4930
58443.554,6268, , ,0.97795688,0.97900369,0.1069%,0.001047,4931
58446.778,6269, ,* L  ,0.9779569,0.97900369,0.1069%,0.001047,4932
58450.221,6270, , ,0.9779569,0.97900369,0.1069%,0.001047,4933
58453.57,6271, ,* L  ,0.97795693,0.97900369,0.1069%,0.001047,4934
58456.36,6272, , ,0.97795693,0.97900369,0.1069%,0.001047,4935
58459.949,6273, ,* L  ,0.97795693,0.97900369,0.1069%,0.001047,4936
58463.935,6274, , ,0.97795693,0.97900369,0.1069%,0.001047,4937
58470.039,6275, , ,0.97795693,0.97900369,0.1069%,0.001047,4938
58474.26,6276, , ,0.97795693,0.97900369,0.1069%,0.001047,4939
58478.054,6277, ,* L  ,0.97795693,0.97900369,0.1069%,0.001047,4940
58482.593,6278, , ,0.97795693,0.97900369,0.1069%,0.001047,4941
58486.736,6279, ,* L  ,0.97795693,0.97900369,0.1069%,0.001047,4942
58490.692,6280, , ,0.97795693,0.97900369,0.1069%,0.001047,4943
58496.093,6281, , ,0.97795693,0.97900369,0.1069%,0.001047,4944
58501.274,6282, , ,0.97795693,0.97900369,0.1069%,0.001047,4945
58507.286,6283, ,* L  ,0.97795694,0.97900369,0.1069%,0.001047,4946
58512.966,6284, , ,0.97795694,0.97900369,0.1069%,0.001047,4947
58519.159,6285, ,* L  ,0.97795694,0.97900369,0.1069%,0.001047,4948
58524.569,6286, , ,0.97795694,0.97900369,0.1069%,0.001047,4949
58530.143,6287, , ,0.97795694,0.97900369,0.1069%,0.001047,4950
58535.052,6288, , ,0.97795694,0.97900369,0.1069%,0.001047,4951
58540.397,6289, ,* L  ,0.97795703,0.97900369,0.1069%,0.001047,4952
58546.225,6290, , ,0.97795703,0.97900369,0.1069%,0.001047,4953
58552.386,6291, ,* L  ,0.97795707,0.97900369,0.1069%,0.001047,4954
58556.942,6292,Bound, ,0.97795707,0.97900369,0.1069%,0.001047,4953
58562.431,6293, , ,0.97795707,0.97900369,0.1069%,0.001047,4954
58568.189,6294, , ,0.97795707,0.97900369,0.1069%,0.001047,4955
58573.233,6295,Bound,* L  ,0.97795711,0.97900369,0.1069%,0.001047,4954
58578.714,6296, , ,0.97795711,0.97900369,0.1069%,0.001047,4955
58584.322,6297, ,* L  ,0.97795716,0.97900369,0.1069%,0.001047,4956
58589.012,6298,Bound, ,0.97795716,0.97900369,0.1069%,0.001047,4955
58594.536,6299, ,* L  ,0.9779573,0.97900369,0.1069%,0.001046,4956
58599.879,6300, , ,0.9779573,0.97900369,0.1069%,0.001046,4957
58605.377,6301, ,* L  ,0.97795736,0.97900369,0.1069%,0.001046,4958
58610.967,6302, , ,0.97795736,0.97900369,0.1069%,0.001046,4959
58615.783,6303,Bound, ,0.97795736,0.97900369,0.1069%,0.001046,4958
58621.177,6304, , ,0.97795736,0.97900369,0.1069%,0.001046,4959
58625.052,6305,Bound,* L  ,0.97795736,0.97900369,0.1069%,0.001046,4958
58630.344,6306, , ,0.97795736,0.97900369,0.1069%,0.001046,4959
58635.063,6307,Bound,* L  ,0.97795738,0.97900369,0.1069%,0.001046,4958
58640.896,6308, , ,0.97795738,0.97900369,0.1069%,0.001046,4959
58645.508,6309, ,* L  ,0.97795738,0.97900369,0.1069%,0.001046,4960
58649.354,6310, , ,0.97795738,0.97900369,0.1069%,0.001046,4961
58654.442,6311, ,* L  ,0.9779574,0.97900369,0.1069%,0.001046,4962
58660.479,6312, , ,0.9779574,0.97900369,0.1069%,0.001046,4963
58665.657,6313, ,* L  ,0.97795741,0.97900369,0.1069%,0.001046,4964
58672.337,6314, , ,0.97795741,0.97900369,0.1069%,0.001046,4965
58678.84,6315, ,* L  ,0.97795741,0.97900369,0.1069%,0.001046,4966
58683.861,6316, , ,0.97795741,0.97900369,0.1069%,0.001046,4967
58689.51,6317, , ,0.97795741,0.97900369,0.1069%,0.001046,4968
58694.523,6318, , ,0.97795741,0.97900369,0.1069%,0.001046,4969
58699.913,6319, ,* L  ,0.97795743,0.97900369,0.1069%,0.001046,4970
58704.376,6320, , ,0.97795743,0.97900369,0.1069%,0.001046,4971
58708.148,6321, ,* L  ,0.97795743,0.97900369,0.1069%,0.001046,4972
58712.029,6322, , ,0.97795743,0.97900369,0.1069%,0.001046,4973
58715.895,6323, , ,0.97795743,0.97900369,0.1069%,0.001046,4974
58720.639,6324, , ,0.97795743,0.97900369,0.1069%,0.001046,4975
58724.133,6325, ,* L  ,0.97795745,0.97900369,0.1069%,0.001046,4976
58728.999,6326, , ,0.97795745,0.97900369,0.1069%,0.001046,4977
58733.914,6327, ,* L  ,0.97795748,0.97900369,0.1069%,0.001046,4978
58738.257,6328, , ,0.97795748,0.97900369,0.1069%,0.001046,4979
58741.388,6329, ,* L  ,0.97795748,0.97900369,0.1069%,0.001046,4980
58744.334,6330, , ,0.97795748,0.97900369,0.1069%,0.001046,4981
58749.06,6331, , ,0.97795748,0.97900369,0.1069%,0.001046,4982
58753.175,6332, , ,0.97795748,0.97900369,0.1069%,0.001046,4983
58757.976,6333, ,* L  ,0.9779575,0.97900369,0.1069%,0.001046,4984
58762.914,6334, , ,0.9779575,0.97900369,0.1069%,0.001046,4985
58768.722,6335, ,* L  ,0.9779575,0.97900369,0.1069%,0.001046,4986
58773.977,6336, , ,0.9779575,0.97900369,0.1069%,0.001046,4987
58779.3,6337, , ,0.9779575,0.97900369,0.1069%,0.001046,4988
58783.007,6338, , ,0.9779575,0.97900369,0.1069%,0.001046,4989
58787.08,6339, ,* L  ,0.97795751,0.97900369,0.1069%,0.001046,4990
58791.259,6340,Bound, ,0.97795751,0.97900369,0.1069%,0.001046,4989
58795.892,6341, ,* L  ,0.97795764,0.97900369,0.1068%,0.001046,4990
58800.622,6342,Bound, ,0.97795764,0.97900369,0.1068%,0.001046,4989
58805.385,6343, ,* L  ,0.97795773,0.97900369,0.1068%,0.001046,4990
58810.366,6344, , ,0.97795773,0.97900369,0.1068%,0.001046,4991
58815.303,6345, ,* L  ,0.97795775,0.97900369,0.1068%,0.001046,4992
58819.878,6346,Bound, ,0.97795775,0.97900369,0.1068%,0.001046,4991
58824.679,6347,Bound, ,0.97795775,0.97900369,0.1068%,0.001046,4990
58830.066,6348, , ,0.97795775,0.97900369,0.1068%,0.001046,4991
58836.171,6349, ,* L  ,0.97795776,0.97900369,0.1068%,0.001046,4992
58840.003,6350, , ,0.97795776,0.97900369,0.1068%,0.001046,4993
58844.825,6351, ,* L  ,0.97795776,0.97900369,0.1068%,0.001046,4994
58849.665,6352, , ,0.97795776,0.97900369,0.1068%,0.001046,4995
58854.113,6353, , ,0.97795776,0.97900369,0.1068%,0.001046,4996
58858.237,6354, , ,0.97795776,0.97900369,0.1068%,0.001046,4997
58862.034,6355, ,* L  ,0.97795776,0.97900369,0.1068%,0.001046,4998
58865.394,6356, , ,0.97795776,0.97900369,0.1068%,0.001046,4999
58869.725,6357, ,* L  ,0.97795776,0.97900369,0.1068%,0.001046,5000
58874.634,6358, , ,0.97795776,0.97900369,0.1068%,0.001046,5001
58879.017,6359, , ,0.97795776,0.97900369,0.1068%,0.001046,5002
58882.313,6360, , ,0.97795776,0.97900369,0.1068%,0.001046,5003
58886.606,6361, ,* L  ,0.97795778,0.97900369,0.1068%,0.001046,5004
58891.533,6362, , ,0.97795778,0.97900369,0.1068%,0.001046,5005
58896.077,6363,Bound,* L  ,0.97795779,0.97900369,0.1068%,0.001046,5004
58899.584,6364, , ,0.97795779,0.97900369,0.1068%,0.001046,5005
58904.169,6365, ,* L  ,0.97795785,0.97900369,0.1068%,0.001046,5006
58907.393,6366, , ,0.97795785,0.97900369,0.1068%,0.001046,5007
58912.569,6367, , ,0.97795785,0.97900369,0.1068%,0.001046,5008
58916.364,6368,Bound, ,0.97795785,0.97900369,0.1068%,0.001046,5007
58921.415,6369,Bound,* L  ,0.97795792,0.97900369,0.1068%,0.001046,5006
58926.686,6370, , ,0.97795792,0.97900369,0.1068%,0.001046,5007
58931.17,6371,Bound,* L  ,0.97795792,0.97900369,0.1068%,0.001046,5006
58936.185,6372,Bound, ,0.97795792,0.97900369,0.1068%,0.001046,5005
58941.813,6373, ,* L  ,0.97795793,0.97900369,0.1068%,0.001046,5006
58945.997,6374, , ,0.97795793,0.97900369,0.1068%,0.001046,5007
58951.43,6375, ,* L  ,0.97795793,0.97900369,0.1068%,0.001046,5008
58956.499,6376, , ,0.97795793,0.97900369,0.1068%,0.001046,5009
58960.743,6377, , ,0.97795793,0.97900369,0.1068%,0.001046,5010
58965.464,6378, , ,0.97795793,0.97900369,0.1068%,0.001046,5011
58969.603,6379, ,* L  ,0.97795801,0.97900369,0.1068%,0.001046,5012
58975.347,6380, , ,0.97795801,0.97900369,0.1068%,0.001046,5013
58980.922,6381,Bound,* L  ,0.97795804,0.97900369,0.1068%,0.001046,5012
58986.249,6382, , ,0.97795804,0.97900369,0.1068%,0.001046,5013
58991.531,6383,Bound,* L  ,0.97795811,0.97900369,0.1068%,0.001046,5012
58996.437,6384, , ,0.97795811,0.97900369,0.1068%,0.001046,5013
59000.07,6385, ,* L  ,0.97795811,0.97900369,0.1068%,0.001046,5014
59003.919,6386, , ,0.97795811,0.97900369,0.1068%,0.001046,5015
59008.264,6387, , ,0.97795811,0.97900369,0.1068%,0.001046,5016
59012.6,6388, , ,0.97795811,0.97900369,0.1068%,0.001046,5017
59016.791,6389, ,* L  ,0.97795812,0.97900369,0.1068%,0.001046,5018
59023.126,6390, , ,0.97795812,0.97900369,0.1068%,0.001046,5019
59028.83,6391, ,* L  ,0.97795823,0.97900369,0.1068%,0.001045,5020
59033.783,6392, , ,0.97795823,0.97900369,0.1068%,0.001045,5021
59042.278,6393, ,* L  ,0.97795826,0.97900369,0.1068%,0.001045,5022
59045.923,6394, , ,0.97795826,0.97900369,0.1068%,0.001045,5023
59050.481,6395, ,* L  ,0.97795828,0.97900369,0.1068%,0.001045,5024
59055.315,6396, , ,0.97795828,0.97900369,0.1068%,0.001045,5025
59060.483,6397, ,* L  ,0.97795843,0.97900369,0.1068%,0.001045,5026
59064.628,6398, , ,0.97795843,0.97900369,0.1068%,0.001045,5027
59068.725,6399, ,* L  ,0.97795846,0.97900369,0.1068%,0.001045,5028
59073.836,6400, , ,0.97795846,0.97900369,0.1068%,0.001045,5029
59078.915,6401, ,* L  ,0.97795847,0.97900369,0.1068%,0.001045,5030
59084.875,6402, , ,0.97795847,0.97900369,0.1068%,0.001045,5031
59090.122,6403, ,* L  ,0.97795849,0.97900369,0.1068%,0.001045,5032
59094.218,6404, , ,0.97795849,0.97900369,0.1068%,0.001045,5033
59098.867,6405, ,* L  ,0.97795858,0.97900369,0.1068%,0.001045,5034
59102.07,6406, , ,0.97795858,0.97900369,0.1068%,0.001045,5035
59105.493,6407, ,* L  ,0.97795858,0.97900369,0.1068%,0.001045,5036
59110.209,6408, , ,0.97795858,0.97900369,0.1068%,0.001045,5037
59115.08,6409, , ,0.97795858,0.97900369,0.1068%,0.001045,5038
59120.124,6410, , ,0.97795858,0.97900369,0.1068%,0.001045,5039
59125.044,6411, ,* L  ,0.97795859,0.97900369,0.1068%,0.001045,5040
59130.72,6412, , ,0.97795859,0.97900369,0.1068%,0.001045,5041
59136.392,6413, ,* L  ,0.97795861,0.97900369,0.1067%,0.001045,5042
59141.827,6414, , ,0.97795861,0.97900369,0.1067%,0.001045,5043
59147.137,6415, ,* L  ,0.97795862,0.97900369,0.1067%,0.001045,5044
59151.971,6416, , ,0.97795862,0.97900369,0.1067%,0.001045,5045
59156.804,6417, ,* L  ,0.97795862,0.97900369,0.1067%,0.001045,5046
59160.653,6418, , ,0.97795862,0.97900369,0.1067%,0.001045,5047
59164.524,6419, , ,0.97795862,0.97900369,0.1067%,0.001045,5048
59168.786,6420, , ,0.97795862,0.97900369,0.1067%,0.001045,5049
59173.225,6421, ,* L  ,0.97795867,0.97900369,0.1067%,0.001045,5050
59177.927,6422, , ,0.97795867,0.97900369,0.1067%,0.001045,5051
59182.619,6423, ,* L  ,0.97795867,0.97900369,0.1067%,0.001045,5052
59187.19,6424, , ,0.97795867,0.97900369,0.1067%,0.001045,5053
59192.76,6425, , ,0.97795867,0.97900369,0.1067%,0.001045,5054
59197.452,6426, , ,0.97795867,0.97900369,0.1067%,0.001045,5055
59201.913,6427, ,* L  ,0.97795873,0.97900369,0.1067%,0.001045,5056
59207.502,6428, , ,0.97795873,0.97900369,0.1067%,0.001045,5057
59213.474,6429, ,* L  ,0.9779588,0.97900369,0.1067%,0.001045,5058
59219.623,6430, , ,0.9779588,0.97900369,0.1067%,0.001045,5059
59223.368,6431, ,* L  ,0.97795881,0.97900369,0.1067%,0.001045,5060
59228.624,6432, , ,0.97795881,0.97900369,0.1067%,0.001045,5061
59233.127,6433, ,* L  ,0.97795881,0.97900369,0.1067%,0.001045,5062
59237.353,6434, , ,0.97795881,0.97900369,0.1067%,0.001045,5063
59241.271,6435, ,* L  ,0.97795885,0.97900369,0.1067%,0.001045,5064
59245.592,6436, , ,0.97795885,0.97900369,0.1067%,0.001045,5065
59249.284,6437,Bound, ,0.97795885,0.97900369,0.1067%,0.001045,5064
59253.634,6438,Bound, ,0.97795885,0.97900369,0.1067%,0.001045,5063
59259.789,6439, ,* L  ,0.97795893,0.97900369,0.1067%,0.001045,5064
59264.804,6440, , ,0.97795893,0.97900369,0.1067%,0.001045,5065
59270.218,6441, ,* L  ,0.97795893,0.97900369,0.1067%,0.001045,5066
59275.594,6442, , ,0.97795893,0.97900369,0.1067%,0.001045,5067
59280.282,6443, , ,0.97795893,0.97900369,0.1067%,0.001045,5068
59284.5,6444, , ,0.97795893,0.97900369,0.1067%,0.001045,5069
59290.118,6445, ,* L  ,0.97795895,0.97900369,0.1067%,0.001045,5070
59295.186,6446,Bound, ,0.97795895,0.97900369,0.1067%,0.001045,5069
59300.631,6447,Bound, ,0.97795895,0.97900369,0.1067%,0.001045,5068
59306.268,6448, , ,0.97795895,0.97900369,0.1067%,0.001045,5069
59312.451,6449, ,* L  ,0.97795896,0.97900369,0.1067%,0.001045,5070
59317.973,6450, , ,0.97795896,0.97900369,0.1067%,0.001045,5071
59323.46,6451, ,* L  ,0.97795896,0.97900369,0.1067%,0.001045,5072
59328.703,6452, , ,0.97795896,0.97900369,0.1067%,0.001045,5073
59334.174,6453, , ,0.97795896,0.97900369,0.1067%,0.001045,5074
59339.784,6454, , ,0.97795896,0.97900369,0.1067%,0.001045,5075
59345.623,6455, ,* L  ,0.97795896,0.97900369,0.1067%,0.001045,5076
59351.414,6456, , ,0.97795896,0.97900369,0.1067%,0.001045,5077
59356.7,6457, ,* L  ,0.97795896,0.97900369,0.1067%,0.001045,5078
59362.037,6458, , ,0.97795896,0.97900369,0.1067%,0.001045,5079
59367.637,6459, , ,0.97795896,0.97900369,0.1067%,0.001045,5080
59372.704,6460, , ,0.97795896,0.97900369,0.1067%,0.001045,5081
59378.251,6461, ,* L  ,0.97795897,0.97900369,0.1067%,0.001045,5082
59384.107,6462, , ,0.97795897,0.97900369,0.1067%,0.001045,5083
59389.83,6463, ,* L  ,0.97795897,0.97900369,0.1067%,0.001045,5084
59395.279,6464, , ,0.97795897,0.97900369,0.1067%,0.001045,5085
59400.623,6465, , ,0.97795897,0.97900369,0.1067%,0.001045,5086
59405.801,6466, , ,0.97795897,0.97900369,0.1067%,0.001045,5087
59410.263,6467, ,* L  ,0.97795899,0.97900369,0.1067%,0.001045,5088
59415.285,6468, , ,0.97795899,0.97900369,0.1067%,0.001045,5089
59420.799,6469, ,* L  ,0.97795902,0.97900369,0.1067%,0.001045,5090
59426.48,6470, , ,0.97795902,0.97900369,0.1067%,0.001045,5091
59432.604,6471, ,* L  ,0.97795905,0.97900369,0.1067%,0.001045,5092
59438.013,6472, , ,0.97795905,0.97900369,0.1067%,0.001045,5093
59442.887,6473, ,* L  ,0.97795908,0.97900369,0.1067%,0.001045,5094
59447.494,6474, , ,0.97795908,0.97900369,0.1067%,0.001045,5095
59453.399,6475, ,* L  ,0.97795908,0.97900369,0.1067%,0.001045,5096
59459.056,6476, , ,0.97795908,0.97900369,0.1067%,0.001045,5097
59464.632,6477, , ,0.97795908,0.97900369,0.1067%,0.001045,5098
59470.087,6478, , ,0.97795908,0.97900369,0.1067%,0.001045,5099
59475.398,6479, ,* L  ,0.97795909,0.97900369,0.1067%,0.001045,5100
59480.305,6480, , ,0.97795909,0.97900369,0.1067%,0.001045,5101
59485.88,6481, ,* L  ,0.9779591,0.97900369,0.1067%,0.001045,5102
59490.37,6482, , ,0.9779591,0.97900369,0.1067%,0.001045,5103
59495.399,6483, ,* L  ,0.9779591,0.97900369,0.1067%,0.001045,5104
59499.384,6484, , ,0.9779591,0.97900369,0.1067%,0.001045,5105
59503.663,6485, , ,0.9779591,0.97900369,0.1067%,0.001045,5106
59508.82,6486, , ,0.9779591,0.97900369,0.1067%,0.001045,5107
59512.86,6487, ,* L  ,0.97795912,0.97900369,0.1067%,0.001045,5108
59516.916,6488, , ,0.97795912,0.97900369,0.1067%,0.001045,5109
59520.984,6489, ,* L  ,0.97795912,0.97900369,0.1067%,0.001045,5110
59524.581,6490, , ,0.97795912,0.97900369,0.1067%,0.001045,5111
59527.951,6491, , ,0.97795912,0.97900369,0.1067%,0.001045,5112
59532.513,6492, , ,0.97795912,0.97900369,0.1067%,0.001045,5113
59538.238,6493, ,* L  ,0.97795913,0.97900369,0.1067%,0.001045,5114
59543.324,6494, , ,0.97795913,0.97900369,0.1067%,0.001045,5115
59548.76,6495, ,* L  ,0.97795913,0.97900369,0.1067%,0.001045,5116
59553.928,6496, , ,0.97795913,0.97900369,0.1067%,0.001045,5117
59559.507,6497, , ,0.97795913,0.97900369,0.1067%,0.001045,5118
59564.07,6498, , ,0.97795913,0.97900369,0.1067%,0.001045,5119
59569.486,6499, ,* L  ,0.97795916,0.97900369,0.1067%,0.001045,5120
59575.075,6500, , ,0.97795916,0.97900369,0.1067%,0.001045,5121
59580.865,6501, ,* L  ,0.97795917,0.97900369,0.1067%,0.001045,5122
59586.307,6502, , ,0.97795917,0.97900369,0.1067%,0.001045,5123
59591.605,6503, ,* L  ,0.97795917,0.97900369,0.1067%,0.001045,5124
59596.826,6504, , ,0.97795917,0.97900369,0.1067%,0.001045,5125
59602.155,6505, , ,0.97795917,0.97900369,0.1067%,0.001045,5126
59607.385,6506, , ,0.97795917,0.97900369,0.1067%,0.001045,5127
59611.518,6507, ,* L  ,0.97795919,0.97900369,0.1067%,0.001044,5128
59616.116,6508, , ,0.97795919,0.97900369,0.1067%,0.001044,5129
59621.21,6509, ,* L  ,0.97795919,0.97900369,0.1067%,0.001044,5130
59625.978,6510, , ,0.97795919,0.97900369,0.1067%,0.001044,5131
59630.854,6511, , ,0.97795919,0.97900369,0.1067%,0.001044,5132
59635.463,6512, , ,0.97795919,0.97900369,0.1067%,0.001044,5133
59638.775,6513, ,* L  ,0.97795924,0.97900369,0.1067%,0.001044,5134
59644.177,6514, , ,0.97795924,0.97900369,0.1067%,0.001044,5135
59649.093,6515, ,* L  ,0.97795924,0.97900369,0.1067%,0.001044,5136
59653.314,6516, , ,0.97795924,0.97900369,0.1067%,0.001044,5137
59658.024,6517, , ,0.97795924,0.97900369,0.1067%,0.001044,5138
59662.728,6518, , ,0.97795924,0.97900369,0.1067%,0.001044,5139
59667.814,6519, ,* L  ,0.97795932,0.97900369,0.1067%,0.001044,5140
59673.253,6520, , ,0.97795932,0.97900369,0.1067%,0.001044,5141
59678.528,6521, ,* L  ,0.97795932,0.97900369,0.1067%,0.001044,5142
59683.7,6522, , ,0.97795932,0.97900369,0.1067%,0.001044,5143
59689.145,6523, , ,0.97795932,0.97900369,0.1067%,0.001044,5144
59694.034,6524, , ,0.97795932,0.97900369,0.1067%,0.001044,5145
59700.112,6525, ,* L  ,0.97795933,0.97900369,0.1067%,0.001044,5146
59705.775,6526, , ,0.97795933,0.97900369,0.1067%,0.001044,5147
59711.625,6527, ,* L  ,0.97795933,0.97900369,0.1067%,0.001044,5148
59716.819,6528, , ,0.97795933,0.97900369,0.1067%,0.001044,5149
59722.301,6529, , ,0.97795933,0.97900369,0.1067%,0.001044,5150
59727.689,6530, , ,0.97795933,0.97900369,0.1067%,0.001044,5151
59732.764,6531, ,* L  ,0.97795938,0.97900369,0.1067%,0.001044,5152
59737.055,6532, , ,0.97795938,0.97900369,0.1067%,0.001044,5153
59740.004,6533, ,* L  ,0.97795938,0.97900369,0.1067%,0.001044,5154
59744.616,6534, , ,0.97795938,0.97900369,0.1067%,0.001044,5155
59750.34,6535, , ,0.97795938,0.97900369,0.1067%,0.001044,5156
59754.394,6536, , ,0.97795938,0.97900369,0.1067%,0.001044,5157
59759.538,6537, ,* L  ,0.97795939,0.97900369,0.1067%,0.001044,5158
59764.55,6538, , ,0.97795939,0.97900369,0.1067%,0.001044,5159
59769.909,6539, ,* L  ,0.97795939,0.97900369,0.1067%,0.001044,5160
59774.486,6540, , ,0.97795939,0.97900369,0.1067%,0.001044,5161
59779.258,6541, , ,0.97795939,0.97900369,0.1067%,0.001044,5162
59783.609,6542, , ,0.97795939,0.97900369,0.1067%,0.001044,5163
59787.934,6543, ,* L  ,0.97795939,0.97900369,0.1067%,0.001044,5164
59806.49,6544, , ,0.97795939,0.97900369,0.1067%,0.001044,5165
59822.625,6545, ,* L  ,0.97795939,0.97900369,0.1067%,0.001044,5166
59836.363,6546, , ,0.97795939,0.97900369,0.1067%,0.001044,5167
59848.828,6547, , ,0.97795939,0.97900369,0.1067%,0.001044,5168
59864.421,6548, , ,0.97795939,0.97900369,0.1067%,0.001044,5169
59881.772,6549, , ,0.97795939,0.97900369,0.1067%,0.001044,5170
59896.033,6550, , ,0.97795939,0.97900369,0.1067%,0.001044,5171
59912.163,6551, , ,0.97795939,0.97900369,0.1067%,0.001044,5172
59925.468,6552, , ,0.97795939,0.97900369,0.1067%,0.001044,5173
59939.175,6553, , ,0.97795939,0.97900369,0.1067%,0.001044,5174
59954.677,6554, , ,0.97795939,0.97900369,0.1067%,0.001044,5175
59969.157,6555, , ,0.97795939,0.97900369,0.1067%,0.001044,5176
59978.769,6556,Bound, ,0.97795939,0.97900369,0.1067%,0.001044,5175
59986.449,6557, , ,0.97795939,0.97900369,0.1067%,0.001044,5176
59995.395,6558,Bound, ,0.97795939,0.97900369,0.1067%,0.001044,5175
60003.699,6559, , ,0.97795939,0.97900369,0.1067%,0.001044,5176
60019.427,6560, , ,0.97795939,0.97900369,0.1067%,0.001044,5177
60032.662,6561, , ,0.97795939,0.97900369,0.1067%,0.001044,5178
60047.066,6562, , ,0.97795939,0.97900369,0.1067%,0.001044,5179
60060.535,6563, , ,0.97795939,0.97900369,0.1067%,0.001044,5180
60067.457,6564, , ,0.97795939,0.97900369,0.1067%,0.001044,5181
60072.312,6565, , ,0.97795939,0.97900369,0.1067%,0.001044,5182
60078.631,6566, , ,0.97795939,0.97900369,0.1067%,0.001044,5183
60084.701,6567, , ,0.97795939,0.97900369,0.1067%,0.001044,5184
60092.874,6568,Bound, ,0.97795939,0.97900369,0.1067%,0.001044,5183
60099.85,6569, , ,0.97795939,0.97900369,0.1067%,0.001044,5184
60108.041,6570,Bound, ,0.97795939,0.97900369,0.1067%,0.001044,5183
60113.586,6571, , ,0.97795939,0.97900369,0.1067%,0.001044,5184
60122.36,6572,Bound, ,0.97795939,0.97900369,0.1067%,0.001044,5183
60129.425,6573, , ,0.97795939,0.97900369,0.1067%,0.001044,5184
60135.955,6574, , ,0.97795939,0.97900369,0.1067%,0.001044,5185
60142.002,6575, , ,0.97795939,0.97900369,0.1067%,0.001044,5186
60147.759,6576, , ,0.97795939,0.97900369,0.1067%,0.001044,5187
60155.621,6577, , ,0.97795939,0.97900369,0.1067%,0.001044,5188
60160.952,6578, , ,0.97795939,0.97900369,0.1067%,0.001044,5189
60165.94,6579, , ,0.97795939,0.97900369,0.1067%,0.001044,5190
60172.707,6580, , ,0.97795939,0.97900369,0.1067%,0.001044,5191
60176.981,6581, , ,0.97795939,0.97900369,0.1067%,0.001044,5192
60181.096,6582, , ,0.97795939,0.97900369,0.1067%,0.001044,5193
60191.304,6583, , ,0.97795939,0.97900369,0.1067%,0.001044,5194
60198.406,6584, , ,0.97795939,0.97900369,0.1067%,0.001044,5195
60205.211,6585, , ,0.97795939,0.97900369,0.1067%,0.001044,5196
60211.638,6586, , ,0.97795939,0.97900369,0.1067%,0.001044,5197
60218.954,6587, , ,0.97795939,0.97900369,0.1067%,0.001044,5198
60227.314,6588, , ,0.97795939,0.97900369,0.1067%,0.001044,5199
60232.223,6589, , ,0.97795939,0.97900369,0.1067%,0.001044,5200
60236.39,6590, , ,0.97795939,0.97900369,0.1067%,0.001044,5201
60242.314,6591, , ,0.97795939,0.97900369,0.1067%,0.001044,5202
60247.102,6592, , ,0.97795939,0.97900369,0.1067%,0.001044,5203
60252.501,6593, , ,0.97795939,0.97900369,0.1067%,0.001044,5204
60263.984,6594, , ,0.97795939,0.97900369,0.1067%,0.001044,5205
60269.081,6595, , ,0.97795939,0.97900369,0.1067%,0.001044,5206
60273.792,6596, , ,0.97795939,0.97900369,0.1067%,0.001044,5207
60278.014,6597, , ,0.97795939,0.97900369,0.1067%,0.001044,5208
60283.245,6598, , ,0.97795939,0.97900369,0.1067%,0.001044,5209
60288.109,6599, , ,0.97795939,0.97900369,0.1067%,0.001044,5210
60293.476,6600, , ,0.97795939,0.97900369,0.1067%,0.001044,5211
60299.943,6601, , ,0.97795939,0.97900369,0.1067%,0.001044,5212
60304.082,6602,Bound, ,0.97795939,0.97900369,0.1067%,0.001044,5211
60309.748,6603, , ,0.97795939,0.97900369,0.1067%,0.001044,5212
60315.726,6604, , ,0.97795939,0.97900369,0.1067%,0.001044,5213
60323.137,6605, , ,0.97795939,0.97900369,0.1067%,0.001044,5214
60330.34,6606, , ,0.97795939,0.97900369,0.1067%,0.001044,5215
60336.133,6607, , ,0.97795939,0.97900369,0.1067%,0.001044,5216
60342.08,6608, , ,0.97795939,0.97900369,0.1067%,0.001044,5217
60347.808,6609, , ,0.97795939,0.97900369,0.1067%,0.001044,5218
60353.49,6610, , ,0.97795939,0.97900369,0.1067%,0.001044,5219
60360.003,6611, , ,0.97795939,0.97900369,0.1067%,0.001044,5220
60365.163,6612, , ,0.97795939,0.97900369,0.1067%,0.001044,5221
60370.94,6613, , ,0.97795939,0.97900369,0.1067%,0.001044,5222
60376.538,6614, , ,0.97795939,0.97900369,0.1067%,0.001044,5223
60381.501,6615,Bound, ,0.97795939,0.97900369,0.1067%,0.001044,5222
60387.518,6616, , ,0.97795939,0.97900369,0.1067%,0.001044,5223
60392.427,6617,Bound, ,0.97795939,0.97900369,0.1067%,0.001044,5222
60398.169,6618, , ,0.97795939,0.97900369,0.1067%,0.001044,5223
60404.486,6619, , ,0.97795939,0.97900369,0.1067%,0.001044,5224
60409.217,6620, , ,0.97795939,0.97900369,0.1067%,0.001044,5225
60412.821,6621, , ,0.97795939,0.97900369,0.1067%,0.001044,5226
60419.049,6622, , ,0.97795939,0.97900369,0.1067%,0.001044,5227
60425.118,6623, , ,0.97795939,0.97900369,0.1067%,0.001044,5228
60433.507,6624, , ,0.97795939,0.97900369,0.1067%,0.001044,5229
60436.712,6625, , ,0.97795939,0.97900369,0.1067%,0.001044,5230
60442.213,6626, , ,0.97795939,0.97900369,0.1067%,0.001044,5231
60446.746,6627,Bound, ,0.97795939,0.97900369,0.1067%,0.001044,5230
60453.428,6628, , ,0.97795939,0.97900369,0.1067%,0.001044,5231
60458.724,6629,Bound, ,0.97795939,0.97900369,0.1067%,0.001044,5230
60465.041,6630, , ,0.97795939,0.97900369,0.1067%,0.001044,5231
60470.925,6631, , ,0.97795939,0.97900369,0.1067%,0.001044,5232
60476.865,6632, , ,0.97795939,0.97900369,0.1067%,0.001044,5233
60482.295,6633, , ,0.97795939,0.97900369,0.1067%,0.001044,5234
60488.222,6634, , ,0.97795939,0.97900369,0.1067%,0.001044,5235
60495.848,6635, , ,0.97795939,0.97900369,0.1067%,0.001044,5236
60504.089,6636, , ,0.97795939,0.97900369,0.1067%,0.001044,5237
60514.019,6637, , ,0.97795939,0.97900369,0.1067%,0.001044,5238
60518.121,6638, , ,0.97795939,0.97900369,0.1067%,0.001044,5239
60523.74,6639, , ,0.97795939,0.97900369,0.1067%,0.001044,5240
60527.552,6640, , ,0.97795939,0.97900369,0.1067%,0.001044,5241
60536.218,6641,Bound, ,0.97795939,0.97900369,0.1067%,0.001044,5240
60542.974,6642, , ,0.97795939,0.97900369,0.1067%,0.001044,5241
60547.376,6643, , ,0.97795939,0.97900369,0.1067%,0.001044,5242
60555.546,6644, , ,0.97795939,0.97900369,0.1067%,0.001044,5243
60561.044,6645, , ,0.97795939,0.97900369,0.1067%,0.001044,5244
60571.623,6646, , ,0.97795939,0.97900369,0.1067%,0.001044,5245
60577.565,6647, , ,0.97795939,0.97900369,0.1067%,0.001044,5246
60582.553,6648,Bound, ,0.97795939,0.97900369,0.1067%,0.001044,5245
60586.57,6649, , ,0.97795939,0.97900369,0.1067%,0.001044,5246
60592.953,6650, , ,0.97795939,0.97900369,0.1067%,0.001044,5247
60598.137,6651, , ,0.97795939,0.97900369,0.1067%,0.001044,5248
60605.256,6652, , ,0.97795939,0.97900369,0.1067%,0.001044,5249
60614.638,6653, , ,0.97795939,0.97900369,0.1067%,0.001044,5250
60621.256,6654, , ,0.97795939,0.97900369,0.1067%,0.001044,5251
60630.302,6655, ,* L  ,0.97795939,0.97900369,0.1067%,0.001044,5252
60643.64,6656, , ,0.97795939,0.97900369,0.1067%,0.001044,5253
60660.792,6657, ,* L  ,0.97795978,0.97900369,0.1066%,0.001044,5254
60665.887,6658, , ,0.97795978,0.97900369,0.1066%,0.001044,5255
60671.414,6659, ,* L  ,0.97795987,0.97900369,0.1066%,0.001044,5256
60676.282,6660,Bound, ,0.97795987,0.97900369,0.1066%,0.001044,5255
60680.736,6661, , ,0.97795987,0.97900369,0.1066%,0.001044,5256
60684.328,6662,Bound, ,0.97795987,0.97900369,0.1066%,0.001044,5255
60688.451,6663, ,* L  ,0.97795993,0.97900369,0.1066%,0.001044,5256
60692.684,6664, , ,0.97795993,0.97900369,0.1066%,0.001044,5257
60697.28,6665, ,* L  ,0.97795994,0.97900369,0.1066%,0.001044,5258
60702.068,6666, , ,0.97795994,0.97900369,0.1066%,0.001044,5259
60706.638,6667, ,* L  ,0.97795998,0.97900369,0.1066%,0.001044,5260
60711.411,6668, , ,0.97795998,0.97900369,0.1066%,0.001044,5261
60716.488,6669, ,* L  ,0.97795998,0.97900369,0.1066%,0.001044,5262
60721.253,6670, , ,0.97795998,0.97900369,0.1066%,0.001044,5263
60725.025,6671, , ,0.97795998,0.97900369,0.1066%,0.001044,5264
60728.055,6672, , ,0.97795998,0.97900369,0.1066%,0.001044,5265
60731.368,6673, ,* L  ,0.97795998,0.97900369,0.1066%,0.001044,5266
60736.066,6674, , ,0.97795998,0.97900369,0.1066%,0.001044,5267
60741.827,6675, ,* L  ,0.97795998,0.97900369,0.1066%,0.001044,5268
60746.981,6676, , ,0.97795998,0.97900369,0.1066%,0.001044,5269
60753.732,6677, , ,0.97795998,0.97900369,0.1066%,0.001044,5270
60759.01,6678, , ,0.97795998,0.97900369,0.1066%,0.001044,5271
60764.565,6679, ,* L  ,0.97796,0.97900369,0.1066%,0.001044,5272
60769.8,6680, , ,0.97796,0.97900369,0.1066%,0.001044,5273
60776.359,6681, ,* L  ,0.97796004,0.97900369,0.1066%,0.001044,5274
60781.501,6682, , ,0.97796004,0.97900369,0.1066%,0.001044,5275
60786.407,6683, ,* L  ,0.97796004,0.97900369,0.1066%,0.001044,5276
60790.756,6684, , ,0.97796004,0.97900369,0.1066%,0.001044,5277
60795.835,6685, , ,0.97796004,0.97900369,0.1066%,0.001044,5278
60800.984,6686, , ,0.97796004,0.97900369,0.1066%,0.001044,5279
60806.172,6687, ,* L  ,0.9779601,0.97900369,0.1066%,0.001044,5280
60811.668,6688, , ,0.9779601,0.97900369,0.1066%,0.001044,5281
60817.1,6689, ,* L  ,0.9779601,0.97900369,0.1066%,0.001044,5282
60821.565,6690, , ,0.9779601,0.97900369,0.1066%,0.001044,5283
60826.255,6691, , ,0.9779601,0.97900369,0.1066%,0.001044,5284
60830.601,6692, , ,0.9779601,0.97900369,0.1066%,0.001044,5285
60835.959,6693, ,* L  ,0.9779601,0.97900369,0.1066%,0.001044,5286
60839.792,6694, , ,0.9779601,0.97900369,0.1066%,0.001044,5287
60843.866,6695, ,* L  ,0.97796014,0.97900369,0.1066%,0.001044,5288
60848.995,6696, , ,0.97796014,0.97900369,0.1066%,0.001044,5289
60854.027,6697, ,* L  ,0.97796014,0.97900369,0.1066%,0.001044,5290
60858.995,6698, , ,0.97796014,0.97900369,0.1066%,0.001044,5291
60863.987,6699, , ,0.97796014,0.97900369,0.1066%,0.001044,5292
60868.51,6700, , ,0.97796014,0.97900369,0.1066%,0.001044,5293
60874.244,6701, ,* L  ,0.97796015,0.97900369,0.1066%,0.001044,5294
60879.489,6702, , ,0.97796015,0.97900369,0.1066%,0.001044,5295
60883.703,6703, ,* L  ,0.97796015,0.97900369,0.1066%,0.001044,5296
60888.456,6704, , ,0.97796015,0.97900369,0.1066%,0.001044,5297
60892.999,6705, , ,0.97796015,0.97900369,0.1066%,0.001044,5298
60897.872,6706, , ,0.97796015,0.97900369,0.1066%,0.001044,5299
60901.91,6707, ,* L  ,0.97796016,0.97900369,0.1066%,0.001044,5300
60906.704,6708, , ,0.97796016,0.97900369,0.1066%,0.001044,5301
60910.896,6709, ,* L  ,0.97796027,0.97900369,0.1066%,0.001043,5302
60916.394,6710, , ,0.97796027,0.97900369,0.1066%,0.001043,5303
60919.876,6711, ,* L  ,0.97796027,0.97900369,0.1066%,0.001043,5304
60924.895,6712, , ,0.97796027,0.97900369,0.1066%,0.001043,5305
60930.333,6713, , ,0.97796027,0.97900369,0.1066%,0.001043,5306
60933.751,6714, , ,0.97796027,0.97900369,0.1066%,0.001043,5307
60938.8,6715, ,* L  ,0.97796042,0.97900369,0.1066%,0.001043,5308
60942.909,6716, , ,0.97796042,0.97900369,0.1066%,0.001043,5309
60947.202,6717, ,* L  ,0.97796047,0.97900369,0.1066%,0.001043,5310
60952.782,6718, , ,0.97796047,0.97900369,0.1066%,0.001043,5311
60958.59,6719, ,* L  ,0.97796049,0.97900369,0.1066%,0.001043,5312
60964.555,6720, , ,0.97796049,0.97900369,0.1066%,0.001043,5313
60970.335,6721, ,* L  ,0.97796075,0.97900369,0.1065%,0.001043,5314
60976.106,6722, , ,0.97796075,0.97900369,0.1065%,0.001043,5315
60982.246,6723, ,* L  ,0.97796075,0.97900369,0.1065%,0.001043,5316
60987.329,6724, , ,0.97796075,0.97900369,0.1065%,0.001043,5317
60992.36,6725, , ,0.97796075,0.97900369,0.1065%,0.001043,5318
60996.853,6726, , ,0.97796075,0.97900369,0.1065%,0.001043,5319
61002.214,6727, ,* L  ,0.97796078,0.97900369,0.1065%,0.001043,5320
61007.623,6728, , ,0.97796078,0.97900369,0.1065%,0.001043,5321
61013.251,6729, ,* L  ,0.97796078,0.97900369,0.1065%,0.001043,5322
61018.389,6730, , ,0.97796078,0.97900369,0.1065%,0.001043,5323
61023.125,6731, , ,0.97796078,0.97900369,0.1065%,0.001043,5324
61028.233,6732, , ,0.97796078,0.97900369,0.1065%,0.001043,5325
61033.633,6733, ,* L  ,0.97796083,0.97900369,0.1065%,0.001043,5326
61039.099,6734, , ,0.97796083,0.97900369,0.1065%,0.001043,5327
61044.501,6735, ,* L  ,0.97796083,0.97900369,0.1065%,0.001043,5328
61049.544,6736, , ,0.97796083,0.97900369,0.1065%,0.001043,5329
61054.74,6737, , ,0.97796083,0.97900369,0.1065%,0.001043,5330
61059.579,6738, , ,0.97796083,0.97900369,0.1065%,0.001043,5331
61064.749,6739, ,* L  ,0.97796108,0.97900369,0.1065%,0.001043,5332
61069.762,6740, , ,0.97796108,0.97900369,0.1065%,0.001043,5333
61075.524,6741, ,* L  ,0.97796111,0.97900369,0.1065%,0.001043,5334
61081.405,6742, , ,0.97796111,0.97900369,0.1065%,0.001043,5335
61086.86,6743, ,* L  ,0.97796118,0.97900369,0.1065%,0.001043,5336
61092.411,6744, , ,0.97796118,0.97900369,0.1065%,0.001043,5337
61097.988,6745, ,* L  ,0.9779612,0.97900369,0.1065%,0.001042,5338
61104.09,6746, , ,0.9779612,0.97900369,0.1065%,0.001042,5339
61109.627,6747, ,* L  ,0.97796121,0.97900369,0.1065%,0.001042,5340
61115.181,6748, , ,0.97796121,0.97900369,0.1065%,0.001042,5341
61120.571,6749, ,* L  ,0.97796122,0.97900369,0.1065%,0.001042,5342
61126.027,6750, , ,0.97796122,0.97900369,0.1065%,0.001042,5343
61130.336,6751, ,* L  ,0.97796122,0.97900369,0.1065%,0.001042,5344
61135.807,6752, , ,0.97796122,0.97900369,0.1065%,0.001042,5345
61139.903,6753, , ,0.97796122,0.97900369,0.1065%,0.001042,5346
61145.259,6754, , ,0.97796122,0.97900369,0.1065%,0.001042,5347
61150.046,6755, ,* L  ,0.97796125,0.97900369,0.1065%,0.001042,5348
61155.351,6756, , ,0.97796125,0.97900369,0.1065%,0.001042,5349
61160.998,6757, ,* L  ,0.97796126,0.97900369,0.1065%,0.001042,5350
61166.539,6758,Bound, ,0.97796126,0.97900369,0.1065%,0.001042,5349
61172.046,6759, ,* L  ,0.97796127,0.97900369,0.1065%,0.001042,5350
61176.027,6760,Bound, ,0.97796127,0.97900369,0.1065%,0.001042,5349
61180.015,6761, ,* L  ,0.97796127,0.97900369,0.1065%,0.001042,5350
61184.24,6762, , ,0.97796127,0.97900369,0.1065%,0.001042,5351
61189.804,6763, ,* L  ,0.97796127,0.97900369,0.1065%,0.001042,5352
61194.89,6764, , ,0.97796127,0.97900369,0.1065%,0.001042,5353
61200.702,6765, , ,0.97796127,0.97900369,0.1065%,0.001042,5354
61206.115,6766, , ,0.97796127,0.97900369,0.1065%,0.001042,5355
61211.735,6767, ,* L  ,0.97796128,0.97900369,0.1065%,0.001042,5356
61217.357,6768, , ,0.97796128,0.97900369,0.1065%,0.001042,5357
61222.892,6769, ,* L  ,0.97796128,0.97900369,0.1065%,0.001042,5358
61228.074,6770, , ,0.97796128,0.97900369,0.1065%,0.001042,5359
61232.998,6771, , ,0.97796128,0.97900369,0.1065%,0.001042,5360
61238.089,6772, , ,0.97796128,0.97900369,0.1065%,0.001042,5361
61243.038,6773, ,* L  ,0.97796129,0.97900369,0.1065%,0.001042,5362
61248.259,6774, , ,0.97796129,0.97900369,0.1065%,0.001042,5363
61253.331,6775, ,* L  ,0.97796133,0.97900369,0.1065%,0.001042,5364
61257.327,6776, , ,0.97796133,0.97900369,0.1065%,0.001042,5365
61261.365,6777, ,* L  ,0.97796133,0.97900369,0.1065%,0.001042,5366
61265.905,6778, , ,0.97796133,0.97900369,0.1065%,0.001042,5367
61270.785,6779, , ,0.97796133,0.97900369,0.1065%,0.001042,5368
61275.938,6780, , ,0.97796133,0.97900369,0.1065%,0.001042,5369
61280.986,6781, ,* L  ,0.97796134,0.97900369,0.1065%,0.001042,5370
61286.819,6782, , ,0.97796134,0.97900369,0.1065%,0.001042,5371
61290.416,6783, ,* L  ,0.97796134,0.97900369,0.1065%,0.001042,5372
61294.054,6784, , ,0.97796134,0.97900369,0.1065%,0.001042,5373
61299.232,6785, , ,0.97796134,0.97900369,0.1065%,0.001042,5374
61302.183,6786, , ,0.97796134,0.97900369,0.1065%,0.001042,5375
61306.725,6787, ,* L  ,0.97796135,0.97900369,0.1065%,0.001042,5376
61312.347,6788, , ,0.97796135,0.97900369,0.1065%,0.001042,5377
61317.432,6789,Bound,* L  ,0.97796151,0.97900369,0.1065%,0.001042,5376
61321.791,6790,Bound, ,0.97796151,0.97900369,0.1065%,0.001042,5375
61327.62,6791, , ,0.97796151,0.97900369,0.1065%,0.001042,5376
61332.673,6792,Bound, ,0.97796151,0.97900369,0.1065%,0.001042,5375
61336.417,6793, ,* L  ,0.97796151,0.97900369,0.1065%,0.001042,5376
61339.878,6794,Bound, ,0.97796151,0.97900369,0.1065%,0.001042,5375
61343.665,6795, , ,0.97796151,0.97900369,0.1065%,0.001042,5376
61349.244,6796, , ,0.97796151,0.97900369,0.1065%,0.001042,5377
61353.474,6797,Bound,* L  ,0.97796153,0.97900369,0.1065%,0.001042,5376
61359.229,6798, , ,0.97796153,0.97900369,0.1065%,0.001042,5377
61364.714,6799, ,* L  ,0.97796153,0.97900369,0.1065%,0.001042,5378
61369.738,6800, , ,0.97796153,0.97900369,0.1065%,0.001042,5379
61375.26,6801, , ,0.97796153,0.97900369,0.1065%,0.001042,5380
61380.883,6802, , ,0.97796153,0.97900369,0.1065%,0.001042,5381
61386.394,6803, ,* L  ,0.9779616,0.97900369,0.1064%,0.001042,5382
61392.557,6804, , ,0.9779616,0.97900369,0.1064%,0.001042,5383
61395.823,6805,Bound,* L  ,0.97796185,0.97900369,0.1064%,0.001042,5382
61399.298,6806, , ,0.97796185,0.97900369,0.1064%,0.001042,5383
61404.218,6807, ,* L  ,0.97796189,0.97900369,0.1064%,0.001042,5384
61409.39,6808, , ,0.97796189,0.97900369,0.1064%,0.001042,5385
61414.246,6809, , ,0.97796189,0.97900369,0.1064%,0.001042,5386
61418.828,6810,Bound, ,0.97796189,0.97900369,0.1064%,0.001042,5385
61422.103,6811,Bound,* L  ,0.97796213,0.97900369,0.1064%,0.001042,5384
61426.583,6812, , ,0.97796213,0.97900369,0.1064%,0.001042,5385
61430.787,6813, ,* L  ,0.97796213,0.97900369,0.1064%,0.001042,5386
61434.961,6814, , ,0.97796213,0.97900369,0.1064%,0.001042,5387
61440.741,6815, , ,0.97796213,0.97900369,0.1064%,0.001042,5388
61446.009,6816, , ,0.97796213,0.97900369,0.1064%,0.001042,5389
61450.585,6817, ,* L  ,0.97796216,0.97900369,0.1064%,0.001042,5390
61454.66,6818, , ,0.97796216,0.97900369,0.1064%,0.001042,5391
61459.899,6819,Bound,* L  ,0.9779622,0.97900369,0.1064%,0.001041,5390
61465.101,6820,Bound, ,0.9779622,0.97900369,0.1064%,0.001041,5389
61470.92,6821, ,* L  ,0.97796226,0.97900369,0.1064%,0.001041,5390
61475.432,6822, , ,0.97796226,0.97900369,0.1064%,0.001041,5391
61479.441,6823,Bound,* L  ,0.9779623,0.97900369,0.1064%,0.001041,5390
61484.174,6824, , ,0.9779623,0.97900369,0.1064%,0.001041,5391
61488.971,6825, ,* L  ,0.9779623,0.97900369,0.1064%,0.001041,5392
61493.627,6826, , ,0.9779623,0.97900369,0.1064%,0.001041,5393
61497.855,6827, ,* L  ,0.9779623,0.97900369,0.1064%,0.001041,5394
61502.659,6828, , ,0.9779623,0.97900369,0.1064%,0.001041,5395
61507.676,6829, , ,0.9779623,0.97900369,0.1064%,0.001041,5396
61512.059,6830, , ,0.9779623,0.97900369,0.1064%,0.001041,5397
61517.422,6831, ,* L  ,0.97796237,0.97900369,0.1064%,0.001041,5398
61521.581,6832, , ,0.97796237,0.97900369,0.1064%,0.001041,5399
61527.527,6833, ,* L  ,0.97796238,0.97900369,0.1064%,0.001041,5400
61532.875,6834,Bound, ,0.97796238,0.97900369,0.1064%,0.001041,5399
61538.659,6835, ,* L  ,0.97796239,0.97900369,0.1064%,0.001041,5400
61544.712,6836, , ,0.97796239,0.97900369,0.1064%,0.001041,5401
61548.784,6837,Bound,* L  ,0.9779624,0.97900369,0.1064%,0.001041,5400
61553.071,6838, , ,0.9779624,0.97900369,0.1064%,0.001041,5401
61557.829,6839, ,* L  ,0.9779624,0.97900369,0.1064%,0.001041,5402
61562.432,6840, , ,0.9779624,0.97900369,0.1064%,0.001041,5403
61566.559,6841, , ,0.9779624,0.97900369,0.1064%,0.001041,5404
61571.031,6842, , ,0.9779624,0.97900369,0.1064%,0.001041,5405
61574.906,6843, ,* L  ,0.97796249,0.97900369,0.1064%,0.001041,5406
61579.362,6844, , ,0.97796249,0.97900369,0.1064%,0.001041,5407
61584.584,6845, ,* L  ,0.97796289,0.97900369,0.1063%,0.001041,5408
61589.899,6846, , ,0.97796289,0.97900369,0.1063%,0.001041,5409
61595.697,6847, ,* L  ,0.97796297,0.97900369,0.1063%,0.001041,5410
61601.236,6848, , ,0.97796297,0.97900369,0.1063%,0.001041,5411
61605.501,6849, ,* L  ,0.97796298,0.97900369,0.1063%,0.001041,5412
61610.178,6850,Bound, ,0.97796298,0.97900369,0.1063%,0.001041,5411
61614.007,6851, ,* L  ,0.9779631,0.97900369,0.1063%,0.001041,5412
61618.468,6852, , ,0.9779631,0.97900369,0.1063%,0.001041,5413
61623.442,6853, ,* L  ,0.9779631,0.97900369,0.1063%,0.001041,5414
61628.532,6854, , ,0.9779631,0.97900369,0.1063%,0.001041,5415
61634.357,6855, , ,0.9779631,0.97900369,0.1063%,0.001041,5416
61639.508,6856, , ,0.9779631,0.97900369,0.1063%,0.001041,5417
61643.836,6857, ,* L  ,0.97796312,0.97900369,0.1063%,0.001041,5418
61648.443,6858, , ,0.97796312,0.97900369,0.1063%,0.001041,5419
61653.279,6859, ,* L  ,0.97796317,0.97900369,0.1063%,0.001041,5420
61658.031,6860, , ,0.97796317,0.97900369,0.1063%,0.001041,5421
61661.322,6861, ,* L  ,0.97796317,0.97900369,0.1063%,0.001041,5422
61664.743,6862, , ,0.97796317,0.97900369,0.1063%,0.001041,5423
61667.993,6863, , ,0.97796317,0.97900369,0.1063%,0.001041,5424
61672.877,6864, , ,0.97796317,0.97900369,0.1063%,0.001041,5425
61677.431,6865, ,* L  ,0.97796318,0.97900369,0.1063%,0.001041,5426
61682.637,6866, , ,0.97796318,0.97900369,0.1063%,0.001041,5427
61687.151,6867, ,* L  ,0.9779632,0.97900369,0.1063%,0.00104,5428
61692.04,6868, , ,0.9779632,0.97900369,0.1063%,0.00104,5429
61697.87,6869, ,* L  ,0.97796321,0.97900369,0.1063%,0.00104,5430
61705.783,6870, , ,0.97796321,0.97900369,0.1063%,0.00104,5431
61716.488,6871, , ,0.97796321,0.97900369,0.1063%,0.00104,5432
61722.681,6872, , ,0.97796321,0.97900369,0.1063%,0.00104,5433
61727.197,6873, , ,0.97796321,0.97900369,0.1063%,0.00104,5434
61733.867,6874, , ,0.97796321,0.97900369,0.1063%,0.00104,5435
61739.984,6875, , ,0.97796321,0.97900369,0.1063%,0.00104,5436
61747.447,6876, , ,0.97796321,0.97900369,0.1063%,0.00104,5437
61752.018,6877, , ,0.97796321,0.97900369,0.1063%,0.00104,5438
61758.576,6878,Bound, ,0.97796321,0.97900369,0.1063%,0.00104,5437
61764.004,6879, , ,0.97796321,0.97900369,0.1063%,0.00104,5438
61770.293,6880,Bound, ,0.97796321,0.97900369,0.1063%,0.00104,5437
61781.203,6881, ,* L  ,0.97796326,0.97900369,0.1063%,0.00104,5438
61786.311,6882, , ,0.97796326,0.97900369,0.1063%,0.00104,5439
61790.668,6883, ,* L  ,0.97796326,0.97900369,0.1063%,0.00104,5440
61795.538,6884, , ,0.97796326,0.97900369,0.1063%,0.00104,5441
61800.307,6885, , ,0.97796326,0.97900369,0.1063%,0.00104,5442
61805.304,6886, , ,0.97796326,0.97900369,0.1063%,0.00104,5443
61810.059,6887, ,* L  ,0.97796329,0.97900369,0.1063%,0.00104,5444
61815.405,6888, , ,0.97796329,0.97900369,0.1063%,0.00104,5445
61821.049,6889, ,* L  ,0.97796336,0.97900369,0.1063%,0.00104,5446
61825.398,6890, , ,0.97796336,0.97900369,0.1063%,0.00104,5447
61829.137,6891, ,* L  ,0.97796336,0.97900369,0.1063%,0.00104,5448
61832.752,6892, , ,0.97796336,0.97900369,0.1063%,0.00104,5449
61835.878,6893, ,* L  ,0.97796336,0.97900369,0.1063%,0.00104,5450
61840.637,6894, , ,0.97796336,0.97900369,0.1063%,0.00104,5451
61843.881,6895, , ,0.97796336,0.97900369,0.1063%,0.00104,5452
61848.672,6896, , ,0.97796336,0.97900369,0.1063%,0.00104,5453
61852.865,6897, ,* L  ,0.9779634,0.97900369,0.1063%,0.00104,5454
61855.968,6898,Bound, ,0.9779634,0.97900369,0.1063%,0.00104,5453
61859.745,6899,Bound, ,0.9779634,0.97900369,0.1063%,0.00104,5452
61863.668,6900, , ,0.9779634,0.97900369,0.1063%,0.00104,5453
61867.977,6901, ,* L  ,0.9779635,0.97900369,0.1062%,0.00104,5454
61871.85,6902, , ,0.9779635,0.97900369,0.1062%,0.00104,5455
61877.015,6903, ,* L  ,0.9779635,0.97900369,0.1062%,0.00104,5456
61882.163,6904, , ,0.9779635,0.97900369,0.1062%,0.00104,5457
61887.213,6905, , ,0.9779635,0.97900369,0.1062%,0.00104,5458
61892.091,6906, , ,0.9779635,0.97900369,0.1062%,0.00104,5459
61897.503,6907, ,* L  ,0.97796356,0.97900369,0.1062%,0.00104,5460
61902.848,6908, , ,0.97796356,0.97900369,0.1062%,0.00104,5461
61907.562,6909, ,* L  ,0.97796356,0.97900369,0.1062%,0.00104,5462
61912.101,6910, , ,0.97796356,0.97900369,0.1062%,0.00104,5463
61917.639,6911, , ,0.97796356,0.97900369,0.1062%,0.00104,5464
61922.6,6912, , ,0.97796356,0.97900369,0.1062%,0.00104,5465
61926.945,6913, ,* L  ,0.97796366,0.97900369,0.1062%,0.00104,5466
61931.086,6914, , ,0.97796366,0.97900369,0.1062%,0.00104,5467
61936.148,6915, ,* L  ,0.97796366,0.97900369,0.1062%,0.00104,5468
61941.428,6916, , ,0.97796366,0.97900369,0.1062%,0.00104,5469
61946.754,6917, , ,0.97796366,0.97900369,0.1062%,0.00104,5470
61951.785,6918, , ,0.97796366,0.97900369,0.1062%,0.00104,5471
61957.502,6919, ,* L  ,0.97796368,0.97900369,0.1062%,0.00104,5472
61963.306,6920, , ,0.97796368,0.97900369,0.1062%,0.00104,5473
61969.058,6921, ,* L  ,0.97796369,0.97900369,0.1062%,0.00104,5474
61974.697,6922, , ,0.97796369,0.97900369,0.1062%,0.00104,5475
61980.711,6923, ,* L  ,0.97796372,0.97900369,0.1062%,0.00104,5476
61985.907,6924, , ,0.97796372,0.97900369,0.1062%,0.00104,5477
61990.186,6925, ,* L  ,0.97796372,0.97900369,0.1062%,0.00104,5478
61994.572,6926, , ,0.97796372,0.97900369,0.1062%,0.00104,5479
61999.988,6927, , ,0.97796372,0.97900369,0.1062%,0.00104,5480
62003.54,6928, , ,0.97796372,0.97900369,0.1062%,0.00104,5481
62008.832,6929, ,* L  ,0.97796372,0.97900369,0.1062%,0.00104,5482
62013.253,6930, , ,0.97796372,0.97900369,0.1062%,0.00104,5483
62017.021,6931, ,* L  ,0.97796372,0.97900369,0.1062%,0.00104,5484
62021.87,6932, , ,0.97796372,0.97900369,0.1062%,0.00104,5485
62026.15,6933, , ,0.97796372,0.97900369,0.1062%,0.00104,5486
62029.612,6934, , ,0.97796372,0.97900369,0.1062%,0.00104,5487
62033.645,6935, ,* L  ,0.97796389,0.97900369,0.1062%,0.00104,5488
62038.689,6936, , ,0.97796389,0.97900369,0.1062%,0.00104,5489
62043.684,6937, ,* L  ,0.97796392,0.97900369,0.1062%,0.00104,5490
62048.592,6938, , ,0.97796392,0.97900369,0.1062%,0.00104,5491
62053.298,6939, ,* L  ,0.97796392,0.97900369,0.1062%,0.00104,5492
62057.906,6940, , ,0.97796392,0.97900369,0.1062%,0.00104,5493
62062.524,6941, , ,0.97796392,0.97900369,0.1062%,0.00104,5494
62067.431,6942, , ,0.97796392,0.97900369,0.1062%,0.00104,5495
62071.602,6943, ,* L  ,0.97796394,0.97900369,0.1062%,0.00104,5496
62076.591,6944, , ,0.97796394,0.97900369,0.1062%,0.00104,5497
62081.474,6945, ,* L  ,0.97796394,0.97900369,0.1062%,0.00104,5498
62085.579,6946, , ,0.97796394,0.97900369,0.1062%,0.00104,5499
62090.46,6947, , ,0.97796394,0.97900369,0.1062%,0.00104,5500
62095.115,6948, , ,0.97796394,0.97900369,0.1062%,0.00104,5501
62100.2,6949, ,* L  ,0.97796397,0.97900369,0.1062%,0.00104,5502
62105.223,6950, , ,0.97796397,0.97900369,0.1062%,0.00104,5503
62110.625,6951, ,* L  ,0.97796397,0.97900369,0.1062%,0.00104,5504
62114.352,6952, , ,0.97796397,0.97900369,0.1062%,0.00104,5505
62118.536,6953, , ,0.97796397,0.97900369,0.1062%,0.00104,5506
62123.301,6954, , ,0.97796397,0.97900369,0.1062%,0.00104,5507
62128.997,6955, ,* L  ,0.97796397,0.97900369,0.1062%,0.00104,5508
62134.777,6956, , ,0.97796397,0.97900369,0.1062%,0.00104,5509
62140.035,6957, ,* L  ,0.97796397,0.97900369,0.1062%,0.00104,5510
62144.863,6958, , ,0.97796397,0.97900369,0.1062%,0.00104,5511
62151.448,6959, , ,0.97796397,0.97900369,0.1062%,0.00104,5512
62157.345,6960, , ,0.97796397,0.97900369,0.1062%,0.00104,5513
62160.608,6961, ,* L  ,0.97796402,0.97900369,0.1062%,0.00104,5514
62165.162,6962, , ,0.97796402,0.97900369,0.1062%,0.00104,5515
62170.133,6963, ,* L  ,0.97796402,0.97900369,0.1062%,0.00104,5516
62174.536,6964, , ,0.97796402,0.97900369,0.1062%,0.00104,5517
62178.719,6965, , ,0.97796402,0.97900369,0.1062%,0.00104,5518
62183.873,6966, , ,0.97796402,0.97900369,0.1062%,0.00104,5519
62188.973,6967, ,* L  ,0.97796418,0.97900369,0.1062%,0.00104,5520
62194.419,6968, , ,0.97796418,0.97900369,0.1062%,0.00104,5521
62199.596,6969, ,* L  ,0.97796418,0.97900369,0.1062%,0.00104,5522
62203.964,6970, , ,0.97796418,0.97900369,0.1062%,0.00104,5523
62208.888,6971, , ,0.97796418,0.97900369,0.1062%,0.00104,5524
62213.543,6972, , ,0.97796418,0.97900369,0.1062%,0.00104,5525
62217.562,6973, ,* L  ,0.97796422,0.97900369,0.1062%,0.001039,5526
62221.924,6974, , ,0.97796422,0.97900369,0.1062%,0.001039,5527
62227.338,6975, ,* L  ,0.97796422,0.97900369,0.1062%,0.001039,5528
62231.43,6976, , ,0.97796422,0.97900369,0.1062%,0.001039,5529
62236.368,6977, , ,0.97796422,0.97900369,0.1062%,0.001039,5530
62241.336,6978, , ,0.97796422,0.97900369,0.1062%,0.001039,5531
62245.363,6979, ,* L  ,0.97796425,0.97900369,0.1062%,0.001039,5532
62250.569,6980,Bound, ,0.97796425,0.97900369,0.1062%,0.001039,5531
62256.816,6981, ,* L  ,0.97796452,0.97900369,0.1061%,0.001039,5532
62262.31,6982, , ,0.97796452,0.97900369,0.1061%,0.001039,5533
62268.209,6983, ,* L  ,0.97796487,0.97900369,0.1061%,0.001039,5534
62273.54,6984, , ,0.97796487,0.97900369,0.1061%,0.001039,5535
62278.371,6985, ,* L  ,0.97796489,0.97900369,0.1061%,0.001039,5536
62284.05,6986, , ,0.97796489,0.97900369,0.1061%,0.001039,5537
62288.783,6987, ,* L  ,0.97796501,0.97900369,0.1061%,0.001039,5538
62291.797,6988,Bound, ,0.97796501,0.97900369,0.1061%,0.001039,5537
62296.656,6989, ,* L  ,0.97796522,0.97900369,0.1061%,0.001038,5538
62300.518,6990, , ,0.97796522,0.97900369,0.1061%,0.001038,5539
62303.498,6991, ,* L  ,0.97796522,0.97900369,0.1061%,0.001038,5540
62307.715,6992, , ,0.97796522,0.97900369,0.1061%,0.001038,5541
62312.882,6993, , ,0.97796522,0.97900369,0.1061%,0.001038,5542
62317.376,6994, , ,0.97796522,0.97900369,0.1061%,0.001038,5543
62322.562,6995, ,* L  ,0.97796537,0.97900369,0.1061%,0.001038,5544
62326.611,6996,Bound, ,0.97796537,0.97900369,0.1061%,0.001038,5543
62331.431,6997, ,* L  ,0.97796543,0.97900369,0.1061%,0.001038,5544
62338.401,6998, , ,0.97796543,0.97900369,0.1061%,0.001038,5545
62344.25,6999, ,* L  ,0.97796546,0.97900369,0.106%,0.001038,5546
62350.322,7000, , ,0.97796546,0.97900369,0.106%,0.001038,5547
62356.02,7001, ,* L  ,0.97796546,0.97900369,0.106%,0.001038,5548
62362.038,7002, , ,0.97796546,0.97900369,0.106%,0.001038,5549
62367.933,7003, ,* L  ,0.9779656,0.97900369,0.106%,0.001038,5550
62373.411,7004, , ,0.9779656,0.97900369,0.106%,0.001038,5551
62379.327,7005, ,* L  ,0.9779656,0.97900369,0.106%,0.001038,5552
62383.098,7006, , ,0.9779656,0.97900369,0.106%,0.001038,5553
62388.16,7007, , ,0.9779656,0.97900369,0.106%,0.001038,5554
62392.595,7008, , ,0.9779656,0.97900369,0.106%,0.001038,5555
62397.442,7009, ,* L  ,0.97796565,0.97900369,0.106%,0.001038,5556
62403.831,7010, , ,0.97796565,0.97900369,0.106%,0.001038,5557
62409.827,7011, ,* L  ,0.97796566,0.97900369,0.106%,0.001038,5558
62414.168,7012, , ,0.97796566,0.97900369,0.106%,0.001038,5559
62418.553,7013, ,* L  ,0.97796568,0.97900369,0.106%,0.001038,5560
62423.536,7014, , ,0.97796568,0.97900369,0.106%,0.001038,5561
62428.215,7015, ,* L  ,0.97796572,0.97900369,0.106%,0.001038,5562
62432.02,7016, , ,0.97796572,0.97900369,0.106%,0.001038,5563
62436.253,7017, ,* L  ,0.97796576,0.97900369,0.106%,0.001038,5564
62440.175,7018, , ,0.97796576,0.97900369,0.106%,0.001038,5565
62444.456,7019, ,* L  ,0.97796576,0.97900369,0.106%,0.001038,5566
62449.24,7020, , ,0.97796576,0.97900369,0.106%,0.001038,5567
62454.656,7021, , ,0.97796576,0.97900369,0.106%,0.001038,5568
62460.237,7022, , ,0.97796576,0.97900369,0.106%,0.001038,5569
62466.03,7023, ,* L  ,0.97796577,0.97900369,0.106%,0.001038,5570
62471.88,7024, , ,0.97796577,0.97900369,0.106%,0.001038,5571
62477.768,7025, ,* L  ,0.97796577,0.97900369,0.106%,0.001038,5572
62483.209,7026, , ,0.97796577,0.97900369,0.106%,0.001038,5573
62489.17,7027, ,* L  ,0.97796581,0.97900369,0.106%,0.001038,5574
62494.553,7028, , ,0.97796581,0.97900369,0.106%,0.001038,5575
62500.651,7029, ,* L  ,0.97796581,0.97900369,0.106%,0.001038,5576
62505.956,7030, , ,0.97796581,0.97900369,0.106%,0.001038,5577
62511.296,7031, , ,0.97796581,0.97900369,0.106%,0.001038,5578
62515.568,7032, , ,0.97796581,0.97900369,0.106%,0.001038,5579
62519.414,7033, ,* L  ,0.97796584,0.97900369,0.106%,0.001038,5580
62524.486,7034, , ,0.97796584,0.97900369,0.106%,0.001038,5581
62529.652,7035, ,* L  ,0.97796584,0.97900369,0.106%,0.001038,5582
62534.431,7036, , ,0.97796584,0.97900369,0.106%,0.001038,5583
62539.626,7037, ,* L  ,0.97796586,0.97900369,0.106%,0.001038,5584
62544.441,7038, , ,0.97796586,0.97900369,0.106%,0.001038,5585
62549.836,7039, ,* L  ,0.97796586,0.97900369,0.106%,0.001038,5586
62554.118,7040, , ,0.97796586,0.97900369,0.106%,0.001038,5587
62559.589,7041, , ,0.97796586,0.97900369,0.106%,0.001038,5588
62564.459,7042, , ,0.97796586,0.97900369,0.106%,0.001038,5589
62570.075,7043, ,* L  ,0.97796588,0.97900369,0.106%,0.001038,5590
62574.868,7044, , ,0.97796588,0.97900369,0.106%,0.001038,5591
62579.649,7045, ,* L  ,0.97796588,0.97900369,0.106%,0.001038,5592
62584.145,7046, , ,0.97796588,0.97900369,0.106%,0.001038,5593
62589.028,7047, , ,0.97796588,0.97900369,0.106%,0.001038,5594
62593.022,7048, , ,0.97796588,0.97900369,0.106%,0.001038,5595
62597.367,7049, ,* L  ,0.97796591,0.97900369,0.106%,0.001038,5596
62601.049,7050, , ,0.97796591,0.97900369,0.106%,0.001038,5597
62605.405,7051, ,* L  ,0.97796591,0.97900369,0.106%,0.001038,5598
62610.296,7052, , ,0.97796591,0.97900369,0.106%,0.001038,5599
62614.497,7053, , ,0.97796591,0.97900369,0.106%,0.001038,5600
62619.345,7054, , ,0.97796591,0.97900369,0.106%,0.001038,5601
62623.838,7055, ,* L  ,0.97796598,0.97900369,0.106%,0.001038,5602
62627.809,7056, , ,0.97796598,0.97900369,0.106%,0.001038,5603
62631.03,7057, ,* L  ,0.97796598,0.97900369,0.106%,0.001038,5604
62635.175,7058, , ,0.97796598,0.97900369,0.106%,0.001038,5605
62641.007,7059, , ,0.97796598,0.97900369,0.106%,0.001038,5606
62646.11,7060, , ,0.97796598,0.97900369,0.106%,0.001038,5607
62651.463,7061, ,* L  ,0.97796604,0.97900369,0.106%,0.001038,5608
62656.797,7062, , ,0.97796604,0.97900369,0.106%,0.001038,5609
62661.907,7063, ,* L  ,0.97796604,0.97900369,0.106%,0.001038,5610
62667.174,7064, , ,0.97796604,0.97900369,0.106%,0.001038,5611
62672.549,7065, , ,0.97796604,0.97900369,0.106%,0.001038,5612
62677.112,7066, , ,0.97796604,0.97900369,0.106%,0.001038,5613
62682.76,7067, ,* L  ,0.97796615,0.97900369,0.106%,0.001038,5614
62688.415,7068, , ,0.97796615,0.97900369,0.106%,0.001038,5615
62694.242,7069, ,* L  ,0.97796623,0.97900369,0.106%,0.001037,5616
62698.028,7070, , ,0.97796623,0.97900369,0.106%,0.001037,5617
62702.568,7071, ,* L  ,0.97796625,0.97900369,0.106%,0.001037,5618
62706.492,7072, , ,0.97796625,0.97900369,0.106%,0.001037,5619
62711.022,7073, ,* L  ,0.97796625,0.97900369,0.106%,0.001037,5620
62716.053,7074, , ,0.97796625,0.97900369,0.106%,0.001037,5621
62721.52,7075, , ,0.97796625,0.97900369,0.106%,0.001037,5622
62726.639,7076, , ,0.97796625,0.97900369,0.106%,0.001037,5623
62731.834,7077, ,* L  ,0.97796637,0.97900369,0.106%,0.001037,5624
62737.128,7078, , ,0.97796637,0.97900369,0.106%,0.001037,5625
62742.771,7079, ,* L  ,0.9779664,0.97900369,0.106%,0.001037,5626
62748.414,7080, , ,0.9779664,0.97900369,0.106%,0.001037,5627
62754.935,7081, ,* L  ,0.9779664,0.97900369,0.106%,0.001037,5628
62760.016,7082, , ,0.9779664,0.97900369,0.106%,0.001037,5629
62765.606,7083, , ,0.9779664,0.97900369,0.106%,0.001037,5630
62770.942,7084, , ,0.9779664,0.97900369,0.106%,0.001037,5631
62776.175,7085, ,* L  ,0.97796642,0.97900369,0.106%,0.001037,5632
62781.043,7086, , ,0.97796642,0.97900369,0.106%,0.001037,5633
62786.432,7087, ,* L  ,0.97796642,0.97900369,0.106%,0.001037,5634
62791.042,7088, , ,0.97796642,0.97900369,0.106%,0.001037,5635
62795.579,7089, , ,0.97796642,0.97900369,0.106%,0.001037,5636
62800.343,7090, , ,0.97796642,0.97900369,0.106%,0.001037,5637
62804.51,7091, ,* L  ,0.97796643,0.97900369,0.1059%,0.001037,5638
62809.468,7092, , ,0.97796643,0.97900369,0.1059%,0.001037,5639
62814.577,7093, ,* L  ,0.97796643,0.97900369,0.1059%,0.001037,5640
62817.852,7094, , ,0.97796643,0.97900369,0.1059%,0.001037,5641
62821.317,7095, , ,0.97796643,0.97900369,0.1059%,0.001037,5642
62826.232,7096, , ,0.97796643,0.97900369,0.1059%,0.001037,5643
62831.581,7097, ,* L  ,0.97796651,0.97900369,0.1059%,0.001037,5644
62836.925,7098, , ,0.97796651,0.97900369,0.1059%,0.001037,5645
62842.087,7099, ,* L  ,0.97796651,0.97900369,0.1059%,0.001037,5646
62846.988,7100, , ,0.97796651,0.97900369,0.1059%,0.001037,5647
62852.447,7101, , ,0.97796651,0.97900369,0.1059%,0.001037,5648
62857.59,7102, , ,0.97796651,0.97900369,0.1059%,0.001037,5649
62862.729,7103, ,* L  ,0.97796669,0.97900369,0.1059%,0.001037,5650
62868.184,7104, , ,0.97796669,0.97900369,0.1059%,0.001037,5651
62873.489,7105,Bound,* L  ,0.97796678,0.97900369,0.1059%,0.001037,5650
62878.629,7106,Bound, ,0.97796678,0.97900369,0.1059%,0.001037,5649
62883.551,7107,Bound, ,0.97796678,0.97900369,0.1059%,0.001037,5648
62888.125,7108, , ,0.97796678,0.97900369,0.1059%,0.001037,5649
62892.821,7109, ,* L  ,0.97796681,0.97900369,0.1059%,0.001037,5650
62896.524,7110,Bound, ,0.97796681,0.97900369,0.1059%,0.001037,5649
62900.999,7111, , ,0.97796681,0.97900369,0.1059%,0.001037,5650
62904.926,7112,Bound, ,0.97796681,0.97900369,0.1059%,0.001037,5649
62909.376,7113, ,* L  ,0.97796686,0.97900369,0.1059%,0.001037,5650
62914.802,7114,Bound, ,0.97796686,0.97900369,0.1059%,0.001037,5649
62920.278,7115, , ,0.97796686,0.97900369,0.1059%,0.001037,5650
62925.992,7116, , ,0.97796686,0.97900369,0.1059%,0.001037,5651
62930.646,7117,Bound,* L  ,0.97796692,0.97900369,0.1059%,0.001037,5650
62935.727,7118, , ,0.97796692,0.97900369,0.1059%,0.001037,5651
62945.044,7119, ,* L  ,0.97796692,0.97900369,0.1059%,0.001037,5652
62949.643,7120, , ,0.97796692,0.97900369,0.1059%,0.001037,5653
62953.471,7121, , ,0.97796692,0.97900369,0.1059%,0.001037,5654
62956.412,7122, , ,0.97796692,0.97900369,0.1059%,0.001037,5655
62961.037,7123, ,* L  ,0.97796693,0.97900369,0.1059%,0.001037,5656
62966.431,7124, , ,0.97796693,0.97900369,0.1059%,0.001037,5657
62969.521,7125,Bound,* L  ,0.97796693,0.97900369,0.1059%,0.001037,5656
62973.586,7126, , ,0.97796693,0.97900369,0.1059%,0.001037,5657
62978.288,7127,Bound,* L  ,0.97796694,0.97900369,0.1059%,0.001037,5656
62982.957,7128, , ,0.97796694,0.97900369,0.1059%,0.001037,5657
62989.09,7129, ,* L  ,0.97796705,0.97900369,0.1059%,0.001037,5658
62993.533,7130, , ,0.97796705,0.97900369,0.1059%,0.001037,5659
62998.241,7131, ,* L  ,0.97796705,0.97900369,0.1059%,0.001037,5660
63003.955,7132, , ,0.97796705,0.97900369,0.1059%,0.001037,5661
63009.172,7133, , ,0.97796705,0.97900369,0.1059%,0.001037,5662
63014.282,7134, , ,0.97796705,0.97900369,0.1059%,0.001037,5663
63019.726,7135, ,* L  ,0.97796722,0.97900369,0.1059%,0.001036,5664
63024.882,7136, , ,0.97796722,0.97900369,0.1059%,0.001036,5665
63030.147,7137, ,* L  ,0.97796722,0.97900369,0.1059%,0.001036,5666
63035.215,7138, , ,0.97796722,0.97900369,0.1059%,0.001036,5667
63040.411,7139, , ,0.97796722,0.97900369,0.1059%,0.001036,5668
63045.078,7140, , ,0.97796722,0.97900369,0.1059%,0.001036,5669
63049.528,7141, ,* L  ,0.97796728,0.97900369,0.1059%,0.001036,5670
63053.644,7142, , ,0.97796728,0.97900369,0.1059%,0.001036,5671
63058.275,7143, ,* L  ,0.97796728,0.97900369,0.1059%,0.001036,5672
63063.444,7144, , ,0.97796728,0.97900369,0.1059%,0.001036,5673
63068.348,7145, , ,0.97796728,0.97900369,0.1059%,0.001036,5674
63073.536,7146, , ,0.97796728,0.97900369,0.1059%,0.001036,5675
63077.764,7147, ,* L  ,0.97796733,0.97900369,0.1059%,0.001036,5676
63084.275,7148, , ,0.97796733,0.97900369,0.1059%,0.001036,5677
63089.776,7149, ,* L  ,0.97796758,0.97900369,0.1058%,0.001036,5678
63095.417,7150, , ,0.97796758,0.97900369,0.1058%,0.001036,5679
63100.548,7151,Bound, ,0.97796758,0.97900369,0.1058%,0.001036,5678
63105.597,7152,Bound, ,0.97796758,0.97900369,0.1058%,0.001036,5677
63111.122,7153, ,* L  ,0.97796761,0.97900369,0.1058%,0.001036,5678
63122.809,7154, , ,0.97796761,0.97900369,0.1058%,0.001036,5679
63131.7,7155, , ,0.97796761,0.97900369,0.1058%,0.001036,5680
63137.814,7156, , ,0.97796761,0.97900369,0.1058%,0.001036,5681
63145.979,7157, , ,0.97796761,0.97900369,0.1058%,0.001036,5682
63151.545,7158,Bound, ,0.97796761,0.97900369,0.1058%,0.001036,5681
63158.762,7159,Bound,* L  ,0.97796766,0.97900369,0.1058%,0.001036,5680
63164.902,7160, , ,0.97796766,0.97900369,0.1058%,0.001036,5681
63170.215,7161,Bound,* L  ,0.97796769,0.97900369,0.1058%,0.001036,5680
63176.216,7162, , ,0.97796769,0.97900369,0.1058%,0.001036,5681
63182.264,7163, ,* L  ,0.97796782,0.97900369,0.1058%,0.001036,5682
63187.353,7164, , ,0.97796782,0.97900369,0.1058%,0.001036,5683
63193.875,7165, ,* L  ,0.97796787,0.97900369,0.1058%,0.001036,5684
63199.444,7166, , ,0.97796787,0.97900369,0.1058%,0.001036,5685
63204.83,7167,Bound,* L  ,0.97796789,0.97900369,0.1058%,0.001036,5684
63209.183,7168, , ,0.97796789,0.97900369,0.1058%,0.001036,5685
63214.018,7169, ,* L  ,0.97796789,0.97900369,0.1058%,0.001036,5686
63218.119,7170, , ,0.97796789,0.97900369,0.1058%,0.001036,5687
63223.317,7171, , ,0.97796789,0.97900369,0.1058%,0.001036,5688
63228.516,7172, , ,0.97796789,0.97900369,0.1058%,0.001036,5689
63233.761,7173, ,* L  ,0.97796796,0.97900369,0.1058%,0.001036,5690
63239.776,7174, , ,0.97796796,0.97900369,0.1058%,0.001036,5691
63245.595,7175, ,* L  ,0.97796815,0.97900369,0.1058%,0.001036,5692
63251.59,7176,Bound, ,0.97796815,0.97900369,0.1058%,0.001036,5691
63257.116,7177, ,* L  ,0.97796842,0.97900369,0.1057%,0.001035,5692
63262.501,7178, , ,0.97796842,0.97900369,0.1057%,0.001035,5693
63267.867,7179, ,* L  ,0.97796847,0.97900369,0.1057%,0.001035,5694
63273.206,7180, , ,0.97796847,0.97900369,0.1057%,0.001035,5695
63277.993,7181,Bound,* L  ,0.97796852,0.97900369,0.1057%,0.001035,5694
63283.449,7182, , ,0.97796852,0.97900369,0.1057%,0.001035,5695
63288.199,7183, ,* L  ,0.97796852,0.97900369,0.1057%,0.001035,5696
63292.871,7184, , ,0.97796852,0.97900369,0.1057%,0.001035,5697
63297.949,7185, , ,0.97796852,0.97900369,0.1057%,0.001035,5698
63302.253,7186, , ,0.97796852,0.97900369,0.1057%,0.001035,5699
63307.617,7187, ,* L  ,0.97796881,0.97900369,0.1057%,0.001035,5700
63313.054,7188, , ,0.97796881,0.97900369,0.1057%,0.001035,5701
63318.237,7189, ,* L  ,0.97796881,0.97900369,0.1057%,0.001035,5702
63323.289,7190, , ,0.97796881,0.97900369,0.1057%,0.001035,5703
63328.498,7191, , ,0.97796881,0.97900369,0.1057%,0.001035,5704
63333.423,7192, , ,0.97796881,0.97900369,0.1057%,0.001035,5705
63337.535,7193, ,* L  ,0.97796885,0.97900369,0.1057%,0.001035,5706
63341.093,7194, , ,0.97796885,0.97900369,0.1057%,0.001035,5707
63344.791,7195, ,* L  ,0.97796895,0.97900369,0.1057%,0.001035,5708
63349.914,7196, , ,0.97796895,0.97900369,0.1057%,0.001035,5709
63354.855,7197, ,* L  ,0.97796896,0.97900369,0.1057%,0.001035,5710
63360.038,7198, , ,0.97796896,0.97900369,0.1057%,0.001035,5711
63364.336,7199, ,* L  ,0.97796896,0.97900369,0.1057%,0.001035,5712
63369.375,7200, , ,0.97796896,0.97900369,0.1057%,0.001035,5713
63374.611,7201, , ,0.97796896,0.97900369,0.1057%,0.001035,5714
63379.932,7202, , ,0.97796896,0.97900369,0.1057%,0.001035,5715
63383.966,7203, ,* L  ,0.97796897,0.97900369,0.1057%,0.001035,5716
63388.189,7204, , ,0.97796897,0.97900369,0.1057%,0.001035,5717
63393.835,7205, ,* L  ,0.97796943,0.97900369,0.1056%,0.001034,5718
63398.194,7206, , ,0.97796943,0.97900369,0.1056%,0.001034,5719
63402.66,7207, ,* L  ,0.97796943,0.97900369,0.1056%,0.001034,5720
63407.015,7208, , ,0.97796943,0.97900369,0.1056%,0.001034,5721
63411.272,7209, , ,0.97796943,0.97900369,0.1056%,0.001034,5722
63415.574,7210, , ,0.97796943,0.97900369,0.1056%,0.001034,5723
63420.825,7211, ,* L  ,0.97796956,0.97900369,0.1056%,0.001034,5724
63433.239,7212, , ,0.97796956,0.97900369,0.1056%,0.001034,5725
63449.118,7213, ,* L  ,0.97796957,0.97900369,0.1056%,0.001034,5726
63455.387,7214, , ,0.97796957,0.97900369,0.1056%,0.001034,5727
63461.642,7215, ,* L  ,0.97796974,0.97900369,0.1056%,0.001034,5728
63467.081,7216, , ,0.97796974,0.97900369,0.1056%,0.001034,5729
63472.933,7217, ,* L  ,0.97796978,0.97900369,0.1056%,0.001034,5730
63478.212,7218, , ,0.97796978,0.97900369,0.1056%,0.001034,5731
63481.657,7219, ,* L  ,0.97796978,0.97900369,0.1056%,0.001034,5732
63485.443,7220, , ,0.97796978,0.97900369,0.1056%,0.001034,5733
63489.675,7221, , ,0.97796978,0.97900369,0.1056%,0.001034,5734
63493.661,7222, , ,0.97796978,0.97900369,0.1056%,0.001034,5735
63498.727,7223, ,* L  ,0.97796999,0.97900369,0.1056%,0.001034,5736
63504.18,7224,Bound, ,0.97796999,0.97900369,0.1056%,0.001034,5735
63510.274,7225, ,* L  ,0.97797006,0.97900369,0.1056%,0.001034,5736
63515.787,7226, , ,0.97797006,0.97900369,0.1056%,0.001034,5737
63521.455,7227, ,* L  ,0.97797006,0.97900369,0.1056%,0.001034,5738
63527.223,7228, , ,0.97797006,0.97900369,0.1056%,0.001034,5739
63532.508,7229, , ,0.97797006,0.97900369,0.1056%,0.001034,5740
63538.404,7230, , ,0.97797006,0.97900369,0.1056%,0.001034,5741
63543.953,7231, ,* L  ,0.9779701,0.97900369,0.1056%,0.001034,5742
63549.774,7232, , ,0.9779701,0.97900369,0.1056%,0.001034,5743
63554.176,7233, ,* L  ,0.97797037,0.97900369,0.1055%,0.001033,5744
63558.824,7234, , ,0.97797037,0.97900369,0.1055%,0.001033,5745
63563.291,7235, , ,0.97797037,0.97900369,0.1055%,0.001033,5746
63567.683,7236, , ,0.97797037,0.97900369,0.1055%,0.001033,5747
63573.631,7237, ,* L  ,0.97797038,0.97900369,0.1055%,0.001033,5748
63580.163,7238, , ,0.97797038,0.97900369,0.1055%,0.001033,5749
63585.197,7239, ,* L  ,0.97797042,0.97900369,0.1055%,0.001033,5750
63590.795,7240, , ,0.97797042,0.97900369,0.1055%,0.001033,5751
63596.811,7241, ,* L  ,0.97797042,0.97900369,0.1055%,0.001033,5752
63600.286,7242, , ,0.97797042,0.97900369,0.1055%,0.001033,5753
63605.426,7243, , ,0.97797042,0.97900369,0.1055%,0.001033,5754
63609.856,7244, , ,0.97797042,0.97900369,0.1055%,0.001033,5755
63615.123,7245, ,* L  ,0.97797057,0.97900369,0.1055%,0.001033,5756
63620.723,7246, , ,0.97797057,0.97900369,0.1055%,0.001033,5757
63625.368,7247, ,* L  ,0.97797057,0.97900369,0.1055%,0.001033,5758
63629.941,7248, , ,0.97797057,0.97900369,0.1055%,0.001033,5759
63634.747,7249, , ,0.97797057,0.97900369,0.1055%,0.001033,5760
63640.024,7250, , ,0.97797057,0.97900369,0.1055%,0.001033,5761
63645.459,7251, ,* L  ,0.97797072,0.97900369,0.1055%,0.001033,5762
63650.716,7252, , ,0.97797072,0.97900369,0.1055%,0.001033,5763
63656.639,7253, ,* L  ,0.97797076,0.97900369,0.1055%,0.001033,5764
63670.645,7254, , ,0.97797076,0.97900369,0.1055%,0.001033,5765
63688.747,7255, , ,0.97797076,0.97900369,0.1055%,0.001033,5766
63697.783,7256,Bound, ,0.97797076,0.97900369,0.1055%,0.001033,5765
63705.869,7257, , ,0.97797076,0.97900369,0.1055%,0.001033,5766
63714.035,7258,Bound, ,0.97797076,0.97900369,0.1055%,0.001033,5765
63721.238,7259, ,* L  ,0.97797083,0.97900369,0.1055%,0.001033,5766
63726.388,7260, , ,0.97797083,0.97900369,0.1055%,0.001033,5767
63731.875,7261, ,* L  ,0.97797113,0.97900369,0.1055%,0.001033,5768
63736.67,7262, , ,0.97797113,0.97900369,0.1055%,0.001033,5769
63741.857,7263, ,* L  ,0.97797113,0.97900369,0.1055%,0.001033,5770
63747.395,7264, , ,0.97797113,0.97900369,0.1055%,0.001033,5771
63752.705,7265, , ,0.97797113,0.97900369,0.1055%,0.001033,5772
63755.872,7266, , ,0.97797113,0.97900369,0.1055%,0.001033,5773
63759.43,7267, ,* L  ,0.97797125,0.97900369,0.1055%,0.001032,5774
63763.37,7268, , ,0.97797125,0.97900369,0.1055%,0.001032,5775
63767.075,7269, ,* L  ,0.97797149,0.97900369,0.1054%,0.001032,5776
63770.93,7270, , ,0.97797149,0.97900369,0.1054%,0.001032,5777
63775.659,7271, ,* L  ,0.97797149,0.97900369,0.1054%,0.001032,5778
63780.392,7272, , ,0.97797149,0.97900369,0.1054%,0.001032,5779
63785.952,7273, , ,0.97797149,0.97900369,0.1054%,0.001032,5780
63790.533,7274, , ,0.97797149,0.97900369,0.1054%,0.001032,5781
63795.429,7275, ,* L  ,0.97797186,0.97900369,0.1054%,0.001032,5782
63800.777,7276, , ,0.97797186,0.97900369,0.1054%,0.001032,5783
63805.625,7277, ,* L  ,0.9779719,0.97900369,0.1054%,0.001032,5784
63810.964,7278,Bound, ,0.9779719,0.97900369,0.1054%,0.001032,5783
63816.4,7279, ,* L  ,0.97797213,0.97900369,0.1054%,0.001032,5784
63822.12,7280, , ,0.97797213,0.97900369,0.1054%,0.001032,5785
63827.32,7281,Bound,* L  ,0.9779723,0.97900369,0.1054%,0.001031,5784
63833.238,7282, , ,0.9779723,0.97900369,0.1054%,0.001031,5785
63839.047,7283, ,* L  ,0.97797258,0.97900369,0.1053%,0.001031,5786
63844.86,7284, , ,0.97797258,0.97900369,0.1053%,0.001031,5787
63850.278,7285, ,* L  ,0.97797292,0.97900369,0.1053%,0.001031,5788
63856.115,7286, , ,0.97797292,0.97900369,0.1053%,0.001031,5789
63861.068,7287, ,* L  ,0.97797302,0.97900369,0.1053%,0.001031,5790
63865.988,7288, , ,0.97797302,0.97900369,0.1053%,0.001031,5791
63870.85,7289, ,* L  ,0.97797309,0.97900369,0.1053%,0.001031,5792
63876.36,7290, , ,0.97797309,0.97900369,0.1053%,0.001031,5793
63881.683,7291, ,* L  ,0.9779731,0.97900369,0.1053%,0.001031,5794
63886.154,7292, , ,0.9779731,0.97900369,0.1053%,0.001031,5795
63891.414,7293, ,* L  ,0.97797323,0.97900369,0.1053%,0.00103,5796
63895.995,7294, , ,0.97797323,0.97900369,0.1053%,0.00103,5797
63900.908,7295, ,* L  ,0.97797323,0.97900369,0.1053%,0.00103,5798
63904.918,7296, , ,0.97797323,0.97900369,0.1053%,0.00103,5799
63909.918,7297, , ,0.97797323,0.97900369,0.1053%,0.00103,5800
63915.152,7298, , ,0.97797323,0.97900369,0.1053%,0.00103,5801
63919.979,7299, ,* L  ,0.97797324,0.97900369,0.1053%,0.00103,5802
63923.313,7300, , ,0.97797324,0.97900369,0.1053%,0.00103,5803
63927.664,7301, ,* L  ,0.97797324,0.97900369,0.1053%,0.00103,5804
63932.199,7302, , ,0.97797324,0.97900369,0.1053%,0.00103,5805
63936.965,7303, , ,0.97797324,0.97900369,0.1053%,0.00103,5806
63940.603,7304, , ,0.97797324,0.97900369,0.1053%,0.00103,5807
63944.546,7305, ,* L  ,0.97797346,0.97900369,0.1052%,0.00103,5808
63947.76,7306, , ,0.97797346,0.97900369,0.1052%,0.00103,5809
63951.765,7307, ,* L  ,0.97797354,0.97900369,0.1052%,0.00103,5810
63955.755,7308, , ,0.97797354,0.97900369,0.1052%,0.00103,5811
63961.379,7309, ,* L  ,0.97797355,0.97900369,0.1052%,0.00103,5812
63966.342,7310, , ,0.97797355,0.97900369,0.1052%,0.00103,5813
63970.52,7311, ,* L  ,0.97797355,0.97900369,0.1052%,0.00103,5814
63974.583,7312, , ,0.97797355,0.97900369,0.1052%,0.00103,5815
63979.304,7313, , ,0.97797355,0.97900369,0.1052%,0.00103,5816
63984.236,7314, , ,0.97797355,0.97900369,0.1052%,0.00103,5817
63989.499,7315, ,* L  ,0.97797356,0.97900369,0.1052%,0.00103,5818
63995.172,7316, , ,0.97797356,0.97900369,0.1052%,0.00103,5819
63999.477,7317, ,* L  ,0.97797356,0.97900369,0.1052%,0.00103,5820
64003.661,7318, , ,0.97797356,0.97900369,0.1052%,0.00103,5821
64008.733,7319, , ,0.97797356,0.97900369,0.1052%,0.00103,5822
64013.293,7320, , ,0.97797356,0.97900369,0.1052%,0.00103,5823
64018.496,7321, ,* L  ,0.97797358,0.97900369,0.1052%,0.00103,5824
64023.926,7322, , ,0.97797358,0.97900369,0.1052%,0.00103,5825
64029.505,7323,Bound,* L  ,0.9779736,0.97900369,0.1052%,0.00103,5824
64035.374,7324, , ,0.9779736,0.97900369,0.1052%,0.00103,5825
64041.268,7325, ,* L  ,0.97797363,0.97900369,0.1052%,0.00103,5826
64046.918,7326, , ,0.97797363,0.97900369,0.1052%,0.00103,5827
64051.906,7327, ,* L  ,0.97797363,0.97900369,0.1052%,0.00103,5828
64055.583,7328, , ,0.97797363,0.97900369,0.1052%,0.00103,5829
64059.276,7329, , ,0.97797363,0.97900369,0.1052%,0.00103,5830
64063.046,7330, , ,0.97797363,0.97900369,0.1052%,0.00103,5831
64067.278,7331, ,* L  ,0.97797363,0.97900369,0.1052%,0.00103,5832
64072.606,7332, , ,0.97797363,0.97900369,0.1052%,0.00103,5833
64077.437,7333, ,* L  ,0.97797363,0.97900369,0.1052%,0.00103,5834
64081.776,7334, , ,0.97797363,0.97900369,0.1052%,0.00103,5835
64085.875,7335, , ,0.97797363,0.97900369,0.1052%,0.00103,5836
64090.734,7336, , ,0.97797363,0.97900369,0.1052%,0.00103,5837
64094.413,7337, ,* L  ,0.97797367,0.97900369,0.1052%,0.00103,5838
64101.162,7338, , ,0.97797367,0.97900369,0.1052%,0.00103,5839
64107.422,7339, , ,0.97797367,0.97900369,0.1052%,0.00103,5840
64117.525,7340, , ,0.97797367,0.97900369,0.1052%,0.00103,5841
64123.088,7341, , ,0.97797367,0.97900369,0.1052%,0.00103,5842
64128.032,7342, , ,0.97797367,0.97900369,0.1052%,0.00103,5843
64134.084,7343, , ,0.97797367,0.97900369,0.1052%,0.00103,5844
64140.052,7344, , ,0.97797367,0.97900369,0.1052%,0.00103,5845
64145.123,7345, , ,0.97797367,0.97900369,0.1052%,0.00103,5846
64149.913,7346, , ,0.97797367,0.97900369,0.1052%,0.00103,5847
64154.223,7347, , ,0.97797367,0.97900369,0.1052%,0.00103,5848
64159.93,7348, , ,0.97797367,0.97900369,0.1052%,0.00103,5849
64166.239,7349, ,* L  ,0.97797367,0.97900369,0.1052%,0.00103,5850
64171.404,7350, , ,0.97797367,0.97900369,0.1052%,0.00103,5851
64176.088,7351, ,* L  ,0.97797367,0.97900369,0.1052%,0.00103,5852
64181.073,7352, , ,0.97797367,0.97900369,0.1052%,0.00103,5853
64186.45,7353, , ,0.97797367,0.97900369,0.1052%,0.00103,5854
64190.322,7354, , ,0.97797367,0.97900369,0.1052%,0.00103,5855
64195.749,7355, ,* L  ,0.97797369,0.97900369,0.1052%,0.00103,5856
64201.619,7356, , ,0.97797369,0.97900369,0.1052%,0.00103,5857
64205.632,7357, ,* L  ,0.97797371,0.97900369,0.1052%,0.00103,5858
64209.29,7358, , ,0.97797371,0.97900369,0.1052%,0.00103,5859
64213.839,7359, ,* L  ,0.97797371,0.97900369,0.1052%,0.00103,5860
64218.164,7360, , ,0.97797371,0.97900369,0.1052%,0.00103,5861
64222.47,7361, , ,0.97797371,0.97900369,0.1052%,0.00103,5862
64225.565,7362, , ,0.97797371,0.97900369,0.1052%,0.00103,5863
64229.497,7363, ,* L  ,0.97797376,0.97900369,0.1052%,0.00103,5864
64235.925,7364,Bound, ,0.97797376,0.97900369,0.1052%,0.00103,5863
64240.28,7365,Bound,* L  ,0.97797378,0.97900369,0.1052%,0.00103,5862
64244.852,7366, , ,0.97797378,0.97900369,0.1052%,0.00103,5863
64249.96,7367, ,* L  ,0.97797378,0.97900369,0.1052%,0.00103,5864
64254.685,7368, , ,0.97797378,0.97900369,0.1052%,0.00103,5865
64259.749,7369, , ,0.97797378,0.97900369,0.1052%,0.00103,5866
64264.844,7370, , ,0.97797378,0.97900369,0.1052%,0.00103,5867
64269.942,7371, ,* L  ,0.97797384,0.97900369,0.1052%,0.00103,5868
64275.273,7372, , ,0.97797384,0.97900369,0.1052%,0.00103,5869
64281.01,7373, ,* L  ,0.97797384,0.97900369,0.1052%,0.00103,5870
64285.906,7374, , ,0.97797384,0.97900369,0.1052%,0.00103,5871
64290.965,7375, ,* L  ,0.97797388,0.97900369,0.1052%,0.00103,5872
64300.421,7376,Bound, ,0.97797388,0.97900369,0.1052%,0.00103,5871
64308.143,7377, , ,0.97797388,0.97900369,0.1052%,0.00103,5872
64319.069,7378, , ,0.97797388,0.97900369,0.1052%,0.00103,5873
64326.675,7379, , ,0.97797388,0.97900369,0.1052%,0.00103,5874
64333.714,7380, , ,0.97797388,0.97900369,0.1052%,0.00103,5875
64340.533,7381, , ,0.97797388,0.97900369,0.1052%,0.00103,5876
64347.294,7382, , ,0.97797388,0.97900369,0.1052%,0.00103,5877
64354.049,7383, , ,0.97797388,0.97900369,0.1052%,0.00103,5878
64359.311,7384, , ,0.97797388,0.97900369,0.1052%,0.00103,5879
64364.884,7385,Bound, ,0.97797388,0.97900369,0.1052%,0.00103,5878
64369.493,7386, , ,0.97797388,0.97900369,0.1052%,0.00103,5879
64374.705,7387,Bound,* L  ,0.977974,0.97900369,0.1052%,0.00103,5878
64379.979,7388, , ,0.977974,0.97900369,0.1052%,0.00103,5879
64384.699,7389, ,* L  ,0.977974,0.97900369,0.1052%,0.00103,5880
64389.366,7390, , ,0.977974,0.97900369,0.1052%,0.00103,5881
64394.224,7391, , ,0.977974,0.97900369,0.1052%,0.00103,5882
64398.072,7392, , ,0.977974,0.97900369,0.1052%,0.00103,5883
64403.389,7393, ,* L  ,0.97797402,0.97900369,0.1052%,0.00103,5884
64409.486,7394, , ,0.97797402,0.97900369,0.1052%,0.00103,5885
64413.353,7395, ,* L  ,0.9779741,0.97900369,0.1052%,0.00103,5886
64418.806,7396, , ,0.9779741,0.97900369,0.1052%,0.00103,5887
64424.242,7397, ,* L  ,0.97797412,0.97900369,0.1052%,0.00103,5888
64428.683,7398, , ,0.97797412,0.97900369,0.1052%,0.00103,5889
64434.233,7399, ,* L  ,0.97797414,0.97900369,0.1052%,0.00103,5890
64439.243,7400, , ,0.97797414,0.97900369,0.1052%,0.00103,5891
64444.592,7401, ,* L  ,0.97797416,0.97900369,0.1052%,0.00103,5892
64450.123,7402, , ,0.97797416,0.97900369,0.1052%,0.00103,5893
64455.662,7403, ,* L  ,0.97797416,0.97900369,0.1052%,0.00103,5894
64460.41,7404, , ,0.97797416,0.97900369,0.1052%,0.00103,5895
64465.171,7405, , ,0.97797416,0.97900369,0.1052%,0.00103,5896
64468.599,7406, , ,0.97797416,0.97900369,0.1052%,0.00103,5897
64472.721,7407, ,* L  ,0.97797418,0.97900369,0.1052%,0.00103,5898
64476.181,7408, , ,0.97797418,0.97900369,0.1052%,0.00103,5899
64479.813,7409, ,* L  ,0.97797442,0.97900369,0.1051%,0.001029,5900
64485.602,7410, , ,0.97797442,0.97900369,0.1051%,0.001029,5901
64491.391,7411, ,* L  ,0.97797442,0.97900369,0.1051%,0.001029,5902
64496.309,7412, , ,0.97797442,0.97900369,0.1051%,0.001029,5903
64501.058,7413, , ,0.97797442,0.97900369,0.1051%,0.001029,5904
64505.642,7414, , ,0.97797442,0.97900369,0.1051%,0.001029,5905
64510.416,7415, ,* L  ,0.97797442,0.97900369,0.1051%,0.001029,5906
64516.288,7416, , ,0.97797442,0.97900369,0.1051%,0.001029,5907
64521.854,7417, ,* L  ,0.97797442,0.97900369,0.1051%,0.001029,5908
64526.945,7418, , ,0.97797442,0.97900369,0.1051%,0.001029,5909
64531.969,7419, , ,0.97797442,0.97900369,0.1051%,0.001029,5910
64536.917,7420, , ,0.97797442,0.97900369,0.1051%,0.001029,5911
64542.871,7421, ,* L  ,0.97797442,0.97900369,0.1051%,0.001029,5912
64548.209,7422, , ,0.97797442,0.97900369,0.1051%,0.001029,5913
64553.29,7423, ,* L  ,0.97797442,0.97900369,0.1051%,0.001029,5914
64559.177,7424, , ,0.97797442,0.97900369,0.1051%,0.001029,5915
64564.638,7425, , ,0.97797442,0.97900369,0.1051%,0.001029,5916
64569.811,7426, , ,0.97797442,0.97900369,0.1051%,0.001029,5917
64575.165,7427, ,* L  ,0.97797445,0.97900369,0.1051%,0.001029,5918
64581.141,7428, , ,0.97797445,0.97900369,0.1051%,0.001029,5919
64585.46,7429, ,* L  ,0.9779745,0.97900369,0.1051%,0.001029,5920
64589.083,7430, , ,0.9779745,0.97900369,0.1051%,0.001029,5921
64594.289,7431, ,* L  ,0.9779745,0.97900369,0.1051%,0.001029,5922
64599.335,7432, , ,0.9779745,0.97900369,0.1051%,0.001029,5923
64603.91,7433, , ,0.9779745,0.97900369,0.1051%,0.001029,5924
64608.84,7434, , ,0.9779745,0.97900369,0.1051%,0.001029,5925
64613.895,7435, ,* L  ,0.9779745,0.97900369,0.1051%,0.001029,5926
64618.982,7436, , ,0.9779745,0.97900369,0.1051%,0.001029,5927
64624.723,7437, ,* L  ,0.97797456,0.97900369,0.1051%,0.001029,5928
64629.398,7438,Bound, ,0.97797456,0.97900369,0.1051%,0.001029,5927
64634.971,7439, ,* L  ,0.97797483,0.97900369,0.1051%,0.001029,5928
64641.597,7440, , ,0.97797483,0.97900369,0.1051%,0.001029,5929
64647.969,7441, ,* L  ,0.97797497,0.97900369,0.1051%,0.001029,5930
64653.872,7442, , ,0.97797497,0.97900369,0.1051%,0.001029,5931
64659.649,7443, ,* L  ,0.97797502,0.97900369,0.1051%,0.001029,5932
64665.174,7444, , ,0.97797502,0.97900369,0.1051%,0.001029,5933
64670.633,7445, ,* L  ,0.97797502,0.97900369,0.1051%,0.001029,5934
64675.833,7446, , ,0.97797502,0.97900369,0.1051%,0.001029,5935
64681.541,7447, , ,0.97797502,0.97900369,0.1051%,0.001029,5936
64686.149,7448, , ,0.97797502,0.97900369,0.1051%,0.001029,5937
64691.382,7449, ,* L  ,0.97797509,0.97900369,0.1051%,0.001029,5938
64695.972,7450,Bound, ,0.97797509,0.97900369,0.1051%,0.001029,5937
64701.34,7451, ,* L  ,0.97797527,0.97900369,0.105%,0.001028,5938
64706.237,7452, , ,0.97797527,0.97900369,0.105%,0.001028,5939
64711.951,7453, ,* L  ,0.97797532,0.97900369,0.105%,0.001028,5940
64717.435,7454, , ,0.97797532,0.97900369,0.105%,0.001028,5941
64722.522,7455, ,* L  ,0.97797535,0.97900369,0.105%,0.001028,5942
64727.773,7456, , ,0.97797535,0.97900369,0.105%,0.001028,5943
64733.231,7457, ,* L  ,0.97797535,0.97900369,0.105%,0.001028,5944
64736.938,7458, , ,0.97797535,0.97900369,0.105%,0.001028,5945
64741.954,7459, , ,0.97797535,0.97900369,0.105%,0.001028,5946
64745.611,7460, , ,0.97797535,0.97900369,0.105%,0.001028,5947
64748.698,7461, ,* L  ,0.97797536,0.97900369,0.105%,0.001028,5948
64753.017,7462, , ,0.97797536,0.97900369,0.105%,0.001028,5949
64757.181,7463, ,* L  ,0.97797536,0.97900369,0.105%,0.001028,5950
64761.811,7464, , ,0.97797536,0.97900369,0.105%,0.001028,5951
64766.51,7465, , ,0.97797536,0.97900369,0.105%,0.001028,5952
64771.887,7466, , ,0.97797536,0.97900369,0.105%,0.001028,5953
64777.417,7467, ,* L  ,0.97797542,0.97900369,0.105%,0.001028,5954
64783.347,7468, , ,0.97797542,0.97900369,0.105%,0.001028,5955
64789.308,7469, , ,0.97797542,0.97900369,0.105%,0.001028,5956
64795.774,7470, , ,0.97797542,0.97900369,0.105%,0.001028,5957
64801.455,7471, ,* L  ,0.97797573,0.97900369,0.105%,0.001028,5958
64807.031,7472, , ,0.97797573,0.97900369,0.105%,0.001028,5959
64812.583,7473, ,* L  ,0.97797573,0.97900369,0.105%,0.001028,5960
64817.739,7474, , ,0.97797573,0.97900369,0.105%,0.001028,5961
64823.264,7475, , ,0.97797573,0.97900369,0.105%,0.001028,5962
64828.286,7476, , ,0.97797573,0.97900369,0.105%,0.001028,5963
64833.811,7477, ,* L  ,0.97797574,0.97900369,0.105%,0.001028,5964
64840.116,7478, , ,0.97797574,0.97900369,0.105%,0.001028,5965
64845.857,7479, ,* L  ,0.97797576,0.97900369,0.105%,0.001028,5966
64851.892,7480, , ,0.97797576,0.97900369,0.105%,0.001028,5967
64857.581,7481, ,* L  ,0.97797619,0.97900369,0.105%,0.001027,5968
64863.052,7482, , ,0.97797619,0.97900369,0.105%,0.001027,5969
64868.966,7483, ,* L  ,0.97797631,0.97900369,0.1049%,0.001027,5970
64874.419,7484, , ,0.97797631,0.97900369,0.1049%,0.001027,5971
64880.033,7485, ,* L  ,0.97797635,0.97900369,0.1049%,0.001027,5972
64885.73,7486, , ,0.97797635,0.97900369,0.1049%,0.001027,5973
64891.461,7487, ,* L  ,0.9779765,0.97900369,0.1049%,0.001027,5974
64897.349,7488, , ,0.9779765,0.97900369,0.1049%,0.001027,5975
64902.887,7489, ,* L  ,0.97797658,0.97900369,0.1049%,0.001027,5976
64908.571,7490, , ,0.97797658,0.97900369,0.1049%,0.001027,5977
64914.299,7491, ,* L  ,0.97797672,0.97900369,0.1049%,0.001027,5978
64919.96,7492, , ,0.97797672,0.97900369,0.1049%,0.001027,5979
64925.87,7493, ,* L  ,0.97797675,0.97900369,0.1049%,0.001027,5980
64931.61,7494, , ,0.97797675,0.97900369,0.1049%,0.001027,5981
64936.579,7495, ,* L  ,0.97797675,0.97900369,0.1049%,0.001027,5982
64942.004,7496, , ,0.97797675,0.97900369,0.1049%,0.001027,5983
64945.972,7497, , ,0.97797675,0.97900369,0.1049%,0.001027,5984
64949.325,7498, , ,0.97797675,0.97900369,0.1049%,0.001027,5985
64953.566,7499, ,* L  ,0.97797684,0.97900369,0.1049%,0.001027,5986
64958.99,7500, , ,0.97797684,0.97900369,0.1049%,0.001027,5987
64964.362,7501, ,* L  ,0.97797684,0.97900369,0.1049%,0.001027,5988
64969.067,7502, , ,0.97797684,0.97900369,0.1049%,0.001027,5989
64973.012,7503, , ,0.97797684,0.97900369,0.1049%,0.001027,5990
64977.902,7504, , ,0.97797684,0.97900369,0.1049%,0.001027,5991
64983.883,7505, ,* L  ,0.97797686,0.97900369,0.1049%,0.001027,5992
64989.911,7506, , ,0.97797686,0.97900369,0.1049%,0.001027,5993
64995.126,7507, ,* L  ,0.97797686,0.97900369,0.1049%,0.001027,5994
64999.533,7508, , ,0.97797686,0.97900369,0.1049%,0.001027,5995
65004.122,7509, , ,0.97797686,0.97900369,0.1049%,0.001027,5996
65008.695,7510, , ,0.97797686,0.97900369,0.1049%,0.001027,5997
65012.858,7511, ,* L  ,0.9779769,0.97900369,0.1049%,0.001027,5998
65018.111,7512, , ,0.9779769,0.97900369,0.1049%,0.001027,5999
65023.324,7513, ,* L  ,0.97797693,0.97900369,0.1049%,0.001027,6000
65028.267,7514, , ,0.97797693,0.97900369,0.1049%,0.001027,6001
65033.684,7515, ,* L  ,0.97797693,0.97900369,0.1049%,0.001027,6002
65039.061,7516, , ,0.97797693,0.97900369,0.1049%,0.001027,6003
65045.087,7517, , ,0.97797693,0.97900369,0.1049%,0.001027,6004
65050.373,7518, , ,0.97797693,0.97900369,0.1049%,0.001027,6005
65055.955,7519, ,* L  ,0.97797695,0.97900369,0.1049%,0.001027,6006
65061.732,7520, , ,0.97797695,0.97900369,0.1049%,0.001027,6007
65067.102,7521, ,* L  ,0.97797695,0.97900369,0.1049%,0.001027,6008
65071.187,7522, , ,0.97797695,0.97900369,0.1049%,0.001027,6009
65074.571,7523, , ,0.97797695,0.97900369,0.1049%,0.001027,6010
65079.672,7524, , ,0.97797695,0.97900369,0.1049%,0.001027,6011
65084.569,7525, ,* L  ,0.97797698,0.97900369,0.1049%,0.001027,6012
65089.121,7526, , ,0.97797698,0.97900369,0.1049%,0.001027,6013
65094.237,7527, ,* L  ,0.97797698,0.97900369,0.1049%,0.001027,6014
65099.215,7528, , ,0.97797698,0.97900369,0.1049%,0.001027,6015
65103.625,7529, , ,0.97797698,0.97900369,0.1049%,0.001027,6016
65108.721,7530, , ,0.97797698,0.97900369,0.1049%,0.001027,6017
65113.712,7531, ,* L  ,0.977977,0.97900369,0.1049%,0.001027,6018
65119.216,7532, , ,0.977977,0.97900369,0.1049%,0.001027,6019
65124.619,7533, ,* L  ,0.97797705,0.97900369,0.1049%,0.001027,6020
65130.19,7534, , ,0.97797705,0.97900369,0.1049%,0.001027,6021
65135.867,7535, ,* L  ,0.97797716,0.97900369,0.1049%,0.001027,6022
65141.349,7536, , ,0.97797716,0.97900369,0.1049%,0.001027,6023
65146.632,7537, ,* L  ,0.97797716,0.97900369,0.1049%,0.001027,6024
65151.434,7538, , ,0.97797716,0.97900369,0.1049%,0.001027,6025
65156.385,7539, , ,0.97797716,0.97900369,0.1049%,0.001027,6026
65160.551,7540, , ,0.97797716,0.97900369,0.1049%,0.001027,6027
65165.344,7541, ,* L  ,0.9779772,0.97900369,0.1048%,0.001026,6028
65170.436,7542, , ,0.9779772,0.97900369,0.1048%,0.001026,6029
65175.365,7543, ,* L  ,0.97797722,0.97900369,0.1048%,0.001026,6030
65179.569,7544, , ,0.97797722,0.97900369,0.1048%,0.001026,6031
65184.705,7545, ,* L  ,0.97797722,0.97900369,0.1048%,0.001026,6032
65188.448,7546, , ,0.97797722,0.97900369,0.1048%,0.001026,6033
65193.966,7547, , ,0.97797722,0.97900369,0.1048%,0.001026,6034
65198.552,7548, , ,0.97797722,0.97900369,0.1048%,0.001026,6035
65204.149,7549, ,* L  ,0.97797725,0.97900369,0.1048%,0.001026,6036
65210.554,7550, , ,0.97797725,0.97900369,0.1048%,0.001026,6037
65216.312,7551, ,* L  ,0.97797725,0.97900369,0.1048%,0.001026,6038
65221.66,7552, , ,0.97797725,0.97900369,0.1048%,0.001026,6039
65225.52,7553, , ,0.97797725,0.97900369,0.1048%,0.001026,6040
65230.581,7554, , ,0.97797725,0.97900369,0.1048%,0.001026,6041
65235.465,7555, ,* L  ,0.97797727,0.97900369,0.1048%,0.001026,6042
65240.347,7556, , ,0.97797727,0.97900369,0.1048%,0.001026,6043
65245.892,7557, ,* L  ,0.97797731,0.97900369,0.1048%,0.001026,6044
65250.953,7558, , ,0.97797731,0.97900369,0.1048%,0.001026,6045
65256.065,7559, ,* L  ,0.97797731,0.97900369,0.1048%,0.001026,6046
65260.638,7560, , ,0.97797731,0.97900369,0.1048%,0.001026,6047
65265.898,7561, ,* L  ,0.97797731,0.97900369,0.1048%,0.001026,6048
65270.718,7562, , ,0.97797731,0.97900369,0.1048%,0.001026,6049
65275.048,7563, , ,0.97797731,0.97900369,0.1048%,0.001026,6050
65278.578,7564, , ,0.97797731,0.97900369,0.1048%,0.001026,6051
65281.986,7565, ,* L  ,0.97797739,0.97900369,0.1048%,0.001026,6052
65287.763,7566, , ,0.97797739,0.97900369,0.1048%,0.001026,6053
65292.26,7567, ,* L  ,0.97797748,0.97900369,0.1048%,0.001026,6054
65295.781,7568,Bound, ,0.97797748,0.97900369,0.1048%,0.001026,6053
65299.959,7569,Bound, ,0.97797748,0.97900369,0.1048%,0.001026,6052
65304.432,7570, , ,0.97797748,0.97900369,0.1048%,0.001026,6053
65308.964,7571, ,* L  ,0.97797752,0.97900369,0.1048%,0.001026,6054
65313.227,7572, , ,0.97797752,0.97900369,0.1048%,0.001026,6055
65317.568,7573, ,* L  ,0.97797752,0.97900369,0.1048%,0.001026,6056
65322.466,7574, , ,0.97797752,0.97900369,0.1048%,0.001026,6057
65327.684,7575, , ,0.97797752,0.97900369,0.1048%,0.001026,6058
65332.087,7576, , ,0.97797752,0.97900369,0.1048%,0.001026,6059
65336.483,7577, ,* L  ,0.97797757,0.97900369,0.1048%,0.001026,6060
65341.0,7578, , ,0.97797757,0.97900369,0.1048%,0.001026,6061
65344.367,7579, ,* L  ,0.97797762,0.97900369,0.1048%,0.001026,6062
65348.258,7580, , ,0.97797762,0.97900369,0.1048%,0.001026,6063
65353.114,7581, ,* L  ,0.97797762,0.97900369,0.1048%,0.001026,6064
65357.674,7582, , ,0.97797762,0.97900369,0.1048%,0.001026,6065
65362.091,7583, , ,0.97797762,0.97900369,0.1048%,0.001026,6066
65365.974,7584, , ,0.97797762,0.97900369,0.1048%,0.001026,6067
65370.314,7585, ,* L  ,0.97797764,0.97900369,0.1048%,0.001026,6068
65374.764,7586, , ,0.97797764,0.97900369,0.1048%,0.001026,6069
65379.407,7587, ,* L  ,0.97797764,0.97900369,0.1048%,0.001026,6070
65384.249,7588, , ,0.97797764,0.97900369,0.1048%,0.001026,6071
65388.267,7589, , ,0.97797764,0.97900369,0.1048%,0.001026,6072
65392.972,7590, , ,0.97797764,0.97900369,0.1048%,0.001026,6073
65397.872,7591, ,* L  ,0.9779777,0.97900369,0.1048%,0.001026,6074
65401.604,7592, , ,0.9779777,0.97900369,0.1048%,0.001026,6075
65406.625,7593, ,* L  ,0.9779777,0.97900369,0.1048%,0.001026,6076
65411.311,7594, , ,0.9779777,0.97900369,0.1048%,0.001026,6077
65415.643,7595, , ,0.9779777,0.97900369,0.1048%,0.001026,6078
65420.396,7596, , ,0.9779777,0.97900369,0.1048%,0.001026,6079
65425.512,7597, ,* L  ,0.97797772,0.97900369,0.1048%,0.001026,6080
65429.847,7598, , ,0.97797772,0.97900369,0.1048%,0.001026,6081
65435.375,7599, ,* L  ,0.97797782,0.97900369,0.1048%,0.001026,6082
65441.233,7600, , ,0.97797782,0.97900369,0.1048%,0.001026,6083
65447.161,7601, ,* L  ,0.97797782,0.97900369,0.1048%,0.001026,6084
65451.963,7602, , ,0.97797782,0.97900369,0.1048%,0.001026,6085
65457.384,7603, ,* L  ,0.97797782,0.97900369,0.1048%,0.001026,6086
65462.723,7604, , ,0.97797782,0.97900369,0.1048%,0.001026,6087
65467.962,7605, , ,0.97797782,0.97900369,0.1048%,0.001026,6088
65472.293,7606, , ,0.97797782,0.97900369,0.1048%,0.001026,6089
65477.372,7607, ,* L  ,0.97797783,0.97900369,0.1048%,0.001026,6090
65481.104,7608, , ,0.97797783,0.97900369,0.1048%,0.001026,6091
65485.846,7609, ,* L  ,0.97797789,0.97900369,0.1048%,0.001026,6092
65489.983,7610, , ,0.97797789,0.97900369,0.1048%,0.001026,6093
65495.695,7611, ,* L  ,0.97797789,0.97900369,0.1048%,0.001026,6094
65500.652,7612, , ,0.97797789,0.97900369,0.1048%,0.001026,6095
65505.87,7613, , ,0.97797789,0.97900369,0.1048%,0.001026,6096
65510.764,7614, , ,0.97797789,0.97900369,0.1048%,0.001026,6097
65515.468,7615, ,* L  ,0.97797793,0.97900369,0.1048%,0.001026,6098
65520.792,7616, , ,0.97797793,0.97900369,0.1048%,0.001026,6099
65526.914,7617, ,* L  ,0.97797806,0.97900369,0.1048%,0.001026,6100
65533.615,7618, , ,0.97797806,0.97900369,0.1048%,0.001026,6101
65539.637,7619, ,* L  ,0.97797809,0.97900369,0.1048%,0.001026,6102
65544.959,7620, , ,0.97797809,0.97900369,0.1048%,0.001026,6103
65550.696,7621, ,* L  ,0.9779782,0.97900369,0.1047%,0.001025,6104
65556.194,7622, , ,0.9779782,0.97900369,0.1047%,0.001025,6105
65561.471,7623, ,* L  ,0.97797829,0.97900369,0.1047%,0.001025,6106
65566.859,7624, , ,0.97797829,0.97900369,0.1047%,0.001025,6107
65572.435,7625, ,* L  ,0.97797829,0.97900369,0.1047%,0.001025,6108
65577.015,7626, , ,0.97797829,0.97900369,0.1047%,0.001025,6109
65582.13,7627, , ,0.97797829,0.97900369,0.1047%,0.001025,6110
65586.674,7628, , ,0.97797829,0.97900369,0.1047%,0.001025,6111
65592.083,7629, ,* L  ,0.97797829,0.97900369,0.1047%,0.001025,6112
65596.665,7630, , ,0.97797829,0.97900369,0.1047%,0.001025,6113
65601.978,7631, ,* L  ,0.9779783,0.97900369,0.1047%,0.001025,6114
65606.223,7632, , ,0.9779783,0.97900369,0.1047%,0.001025,6115
65611.191,7633, ,* L  ,0.97797831,0.97900369,0.1047%,0.001025,6116
65616.688,7634, , ,0.97797831,0.97900369,0.1047%,0.001025,6117
65622.515,7635, ,* L  ,0.97797835,0.97900369,0.1047%,0.001025,6118
65628.027,7636, , ,0.97797835,0.97900369,0.1047%,0.001025,6119
65632.737,7637, ,* L  ,0.9779784,0.97900369,0.1047%,0.001025,6120
65638.528,7638, , ,0.9779784,0.97900369,0.1047%,0.001025,6121
65644.05,7639, ,* L  ,0.9779784,0.97900369,0.1047%,0.001025,6122
65649.309,7640, , ,0.9779784,0.97900369,0.1047%,0.001025,6123
65654.737,7641, , ,0.9779784,0.97900369,0.1047%,0.001025,6124
65660.076,7642, , ,0.9779784,0.97900369,0.1047%,0.001025,6125
65665.542,7643, ,* L  ,0.97797842,0.97900369,0.1047%,0.001025,6126
65671.087,7644, , ,0.97797842,0.97900369,0.1047%,0.001025,6127
65676.831,7645, ,* L  ,0.97797842,0.97900369,0.1047%,0.001025,6128
65682.166,7646, , ,0.97797842,0.97900369,0.1047%,0.001025,6129
65687.796,7647, , ,0.97797842,0.97900369,0.1047%,0.001025,6130
65692.796,7648, , ,0.97797842,0.97900369,0.1047%,0.001025,6131
65698.447,7649, ,* L  ,0.97797844,0.97900369,0.1047%,0.001025,6132
65703.614,7650, , ,0.97797844,0.97900369,0.1047%,0.001025,6133
65707.252,7651, ,* L  ,0.97797847,0.97900369,0.1047%,0.001025,6134
65711.417,7652, , ,0.97797847,0.97900369,0.1047%,0.001025,6135
65716.045,7653, ,* L  ,0.97797847,0.97900369,0.1047%,0.001025,6136
65720.349,7654, , ,0.97797847,0.97900369,0.1047%,0.001025,6137
65724.562,7655, , ,0.97797847,0.97900369,0.1047%,0.001025,6138
65728.778,7656, , ,0.97797847,0.97900369,0.1047%,0.001025,6139
65733.118,7657, ,* L  ,0.97797861,0.97900369,0.1047%,0.001025,6140
65738.512,7658, , ,0.97797861,0.97900369,0.1047%,0.001025,6141
65743.34,7659, ,* L  ,0.97797868,0.97900369,0.1047%,0.001025,6142
65748.483,7660, , ,0.97797868,0.97900369,0.1047%,0.001025,6143
65753.093,7661, ,* L  ,0.97797868,0.97900369,0.1047%,0.001025,6144
65757.753,7662, , ,0.97797868,0.97900369,0.1047%,0.001025,6145
65762.166,7663, , ,0.97797868,0.97900369,0.1047%,0.001025,6146
65766.881,7664, , ,0.97797868,0.97900369,0.1047%,0.001025,6147
65772.447,7665, ,* L  ,0.97797869,0.97900369,0.1047%,0.001025,6148
65777.498,7666, , ,0.97797869,0.97900369,0.1047%,0.001025,6149
65782.322,7667, ,* L  ,0.97797869,0.97900369,0.1047%,0.001025,6150
65785.679,7668, , ,0.97797869,0.97900369,0.1047%,0.001025,6151
65790.91,7669, , ,0.97797869,0.97900369,0.1047%,0.001025,6152
65795.598,7670, , ,0.97797869,0.97900369,0.1047%,0.001025,6153
65800.806,7671, ,* L  ,0.97797872,0.97900369,0.1047%,0.001025,6154
65806.289,7672, , ,0.97797872,0.97900369,0.1047%,0.001025,6155
65811.281,7673, ,* L  ,0.97797873,0.97900369,0.1047%,0.001025,6156
65814.353,7674, , ,0.97797873,0.97900369,0.1047%,0.001025,6157
65818.611,7675, ,* L  ,0.97797873,0.97900369,0.1047%,0.001025,6158
65821.612,7676, , ,0.97797873,0.97900369,0.1047%,0.001025,6159
65824.752,7677, , ,0.97797873,0.97900369,0.1047%,0.001025,6160
65829.529,7678, , ,0.97797873,0.97900369,0.1047%,0.001025,6161
65834.315,7679, ,* L  ,0.97797876,0.97900369,0.1047%,0.001025,6162
65838.88,7680, , ,0.97797876,0.97900369,0.1047%,0.001025,6163
65843.923,7681, ,* L  ,0.97797877,0.97900369,0.1047%,0.001025,6164
65848.381,7682, , ,0.97797877,0.97900369,0.1047%,0.001025,6165
65853.298,7683, ,* L  ,0.97797877,0.97900369,0.1047%,0.001025,6166
65857.497,7684, , ,0.97797877,0.97900369,0.1047%,0.001025,6167
65862.393,7685, , ,0.97797877,0.97900369,0.1047%,0.001025,6168
65866.532,7686, , ,0.97797877,0.97900369,0.1047%,0.001025,6169
65870.58,7687, ,* L  ,0.97797878,0.97900369,0.1047%,0.001025,6170
65875.43,7688, , ,0.97797878,0.97900369,0.1047%,0.001025,6171
65880.855,7689, ,* L  ,0.97797878,0.97900369,0.1047%,0.001025,6172
65885.661,7690, , ,0.97797878,0.97900369,0.1047%,0.001025,6173
65890.33,7691, , ,0.97797878,0.97900369,0.1047%,0.001025,6174
65894.475,7692, , ,0.97797878,0.97900369,0.1047%,0.001025,6175
65898.423,7693, ,* L  ,0.97797883,0.97900369,0.1047%,0.001025,6176
65903.414,7694, , ,0.97797883,0.97900369,0.1047%,0.001025,6177
65907.961,7695, ,* L  ,0.97797883,0.97900369,0.1047%,0.001025,6178
65912.964,7696, , ,0.97797883,0.97900369,0.1047%,0.001025,6179
65918.475,7697, , ,0.97797883,0.97900369,0.1047%,0.001025,6180
65923.884,7698, , ,0.97797883,0.97900369,0.1047%,0.001025,6181
65927.872,7699, ,* L  ,0.97797888,0.97900369,0.1047%,0.001025,6182
65932.203,7700, , ,0.97797888,0.97900369,0.1047%,0.001025,6183
65936.769,7701, ,* L  ,0.97797888,0.97900369,0.1047%,0.001025,6184
65940.041,7702, , ,0.97797888,0.97900369,0.1047%,0.001025,6185
65944.751,7703, , ,0.97797888,0.97900369,0.1047%,0.001025,6186
65948.672,7704, , ,0.97797888,0.97900369,0.1047%,0.001025,6187
65953.501,7705, ,* L  ,0.97797894,0.97900369,0.1047%,0.001025,6188
65958.706,7706, , ,0.97797894,0.97900369,0.1047%,0.001025,6189
65963.226,7707,Bound, ,0.97797894,0.97900369,0.1047%,0.001025,6188
65968.144,7708,Bound, ,0.97797894,0.97900369,0.1047%,0.001025,6187
65974.1,7709, ,* L  ,0.97797896,0.97900369,0.1047%,0.001025,6188
65979.039,7710,Bound, ,0.97797896,0.97900369,0.1047%,0.001025,6187
65984.75,7711, ,* L  ,0.97797897,0.97900369,0.1047%,0.001025,6188
65990.141,7712, , ,0.97797897,0.97900369,0.1047%,0.001025,6189
65995.557,7713, ,* L  ,0.97797902,0.97900369,0.1047%,0.001025,6190
66001.112,7714, , ,0.97797902,0.97900369,0.1047%,0.001025,6191
66006.533,7715, ,* L  ,0.97797902,0.97900369,0.1047%,0.001025,6192
66011.772,7716, , ,0.97797902,0.97900369,0.1047%,0.001025,6193
66017.109,7717, , ,0.97797902,0.97900369,0.1047%,0.001025,6194
66022.356,7718, , ,0.97797902,0.97900369,0.1047%,0.001025,6195
66027.677,7719, ,* L  ,0.97797902,0.97900369,0.1047%,0.001025,6196
66033.556,7720, , ,0.97797902,0.97900369,0.1047%,0.001025,6197
66038.97,7721, ,* L  ,0.97797903,0.97900369,0.1047%,0.001025,6198
66044.503,7722, , ,0.97797903,0.97900369,0.1047%,0.001025,6199
66048.951,7723, ,* L  ,0.97797909,0.97900369,0.1047%,0.001025,6200
66053.968,7724, , ,0.97797909,0.97900369,0.1047%,0.001025,6201
66059.242,7725, ,* L  ,0.97797909,0.97900369,0.1047%,0.001025,6202
66064.27,7726, , ,0.97797909,0.97900369,0.1047%,0.001025,6203
66069.477,7727, , ,0.97797909,0.97900369,0.1047%,0.001025,6204
66075.514,7728, , ,0.97797909,0.97900369,0.1047%,0.001025,6205
66081.373,7729, ,* L  ,0.97797914,0.97900369,0.1047%,0.001025,6206
66086.851,7730, , ,0.97797914,0.97900369,0.1047%,0.001025,6207
66093.302,7731, ,* L  ,0.97797914,0.97900369,0.1047%,0.001025,6208
66098.443,7732, , ,0.97797914,0.97900369,0.1047%,0.001025,6209
66104.095,7733, , ,0.97797914,0.97900369,0.1047%,0.001025,6210
66109.231,7734, , ,0.97797914,0.97900369,0.1047%,0.001025,6211
66114.618,7735, ,* L  ,0.97797923,0.97900369,0.1046%,0.001024,6212
66120.391,7736, , ,0.97797923,0.97900369,0.1046%,0.001024,6213
66125.884,7737, ,* L  ,0.97797923,0.97900369,0.1046%,0.001024,6214
66131.219,7738, , ,0.97797923,0.97900369,0.1046%,0.001024,6215
66137.113,7739, , ,0.97797923,0.97900369,0.1046%,0.001024,6216
66142.618,7740, , ,0.97797923,0.97900369,0.1046%,0.001024,6217
66148.01,7741, ,* L  ,0.97797932,0.97900369,0.1046%,0.001024,6218
66153.629,7742, , ,0.97797932,0.97900369,0.1046%,0.001024,6219
66159.07,7743, ,* L  ,0.97797932,0.97900369,0.1046%,0.001024,6220
66164.059,7744, , ,0.97797932,0.97900369,0.1046%,0.001024,6221
66169.236,7745, , ,0.97797932,0.97900369,0.1046%,0.001024,6222
66174.28,7746, , ,0.97797932,0.97900369,0.1046%,0.001024,6223
66179.28,7747, ,* L  ,0.97797932,0.97900369,0.1046%,0.001024,6224
66184.945,7748, , ,0.97797932,0.97900369,0.1046%,0.001024,6225
66190.187,7749, ,* L  ,0.97797932,0.97900369,0.1046%,0.001024,6226
66195.3,7750, , ,0.97797932,0.97900369,0.1046%,0.001024,6227
66200.589,7751, , ,0.97797932,0.97900369,0.1046%,0.001024,6228
66205.438,7752, , ,0.97797932,0.97900369,0.1046%,0.001024,6229
66210.861,7753, ,* L  ,0.97797936,0.97900369,0.1046%,0.001024,6230
66216.019,7754, , ,0.97797936,0.97900369,0.1046%,0.001024,6231
66220.196,7755, ,* L  ,0.9779794,0.97900369,0.1046%,0.001024,6232
66224.556,7756, , ,0.9779794,0.97900369,0.1046%,0.001024,6233
66229.388,7757, ,* L  ,0.9779794,0.97900369,0.1046%,0.001024,6234
66234.344,7758, , ,0.9779794,0.97900369,0.1046%,0.001024,6235
66239.843,7759, , ,0.9779794,0.97900369,0.1046%,0.001024,6236
66243.924,7760, , ,0.9779794,0.97900369,0.1046%,0.001024,6237
66248.912,7761, ,* L  ,0.97797944,0.97900369,0.1046%,0.001024,6238
66253.43,7762, , ,0.97797944,0.97900369,0.1046%,0.001024,6239
66258.776,7763, ,* L  ,0.97797958,0.97900369,0.1046%,0.001024,6240
66263.795,7764, , ,0.97797958,0.97900369,0.1046%,0.001024,6241
66268.127,7765, ,* L  ,0.97797965,0.97900369,0.1046%,0.001024,6242
66272.113,7766, , ,0.97797965,0.97900369,0.1046%,0.001024,6243
66277.371,7767, ,* L  ,0.97797965,0.97900369,0.1046%,0.001024,6244
66282.337,7768, , ,0.97797965,0.97900369,0.1046%,0.001024,6245
66287.667,7769, , ,0.97797965,0.97900369,0.1046%,0.001024,6246
66291.073,7770, , ,0.97797965,0.97900369,0.1046%,0.001024,6247
66296.26,7771, ,* L  ,0.97797972,0.97900369,0.1046%,0.001024,6248
66302.084,7772, , ,0.97797972,0.97900369,0.1046%,0.001024,6249
66307.325,7773, ,* L  ,0.97797972,0.97900369,0.1046%,0.001024,6250
66312.036,7774, , ,0.97797972,0.97900369,0.1046%,0.001024,6251
66317.096,7775, , ,0.97797972,0.97900369,0.1046%,0.001024,6252
66322.173,7776, , ,0.97797972,0.97900369,0.1046%,0.001024,6253
66327.528,7777, ,* L  ,0.97797974,0.97900369,0.1046%,0.001024,6254
66332.902,7778, , ,0.97797974,0.97900369,0.1046%,0.001024,6255
66338.488,7779, ,* L  ,0.97797974,0.97900369,0.1046%,0.001024,6256
66341.903,7780, , ,0.97797974,0.97900369,0.1046%,0.001024,6257
66345.663,7781, , ,0.97797974,0.97900369,0.1046%,0.001024,6258
66349.501,7782, , ,0.97797974,0.97900369,0.1046%,0.001024,6259
66354.78,7783, ,* L  ,0.97797987,0.97900369,0.1046%,0.001024,6260
66372.381,7784, , ,0.97797987,0.97900369,0.1046%,0.001024,6261
66385.577,7785, , ,0.97797987,0.97900369,0.1046%,0.001024,6262
66399.716,7786, , ,0.97797987,0.97900369,0.1046%,0.001024,6263
66413.864,7787, , ,0.97797987,0.97900369,0.1046%,0.001024,6264
66429.371,7788, , ,0.97797987,0.97900369,0.1046%,0.001024,6265
66446.071,7789, , ,0.97797987,0.97900369,0.1046%,0.001024,6266
66454.839,7790,Bound, ,0.97797987,0.97900369,0.1046%,0.001024,6265
66462.984,7791, , ,0.97797987,0.97900369,0.1046%,0.001024,6266
66471.49,7792,Bound, ,0.97797987,0.97900369,0.1046%,0.001024,6265
66478.323,7793, , ,0.97797987,0.97900369,0.1046%,0.001024,6266
66486.339,7794, , ,0.97797987,0.97900369,0.1046%,0.001024,6267
66492.15,7795, , ,0.97797987,0.97900369,0.1046%,0.001024,6268
66499.917,7796, , ,0.97797987,0.97900369,0.1046%,0.001024,6269
66505.262,7797, , ,0.97797987,0.97900369,0.1046%,0.001024,6270
66521.191,7798, , ,0.97797987,0.97900369,0.1046%,0.001024,6271
66527.122,7799, , ,0.97797987,0.97900369,0.1046%,0.001024,6272
66532.169,7800, , ,0.97797987,0.97900369,0.1046%,0.001024,6273
66536.681,7801, , ,0.97797987,0.97900369,0.1046%,0.001024,6274
66552.364,7802, , ,0.97797987,0.97900369,0.1046%,0.001024,6275
66558.502,7803, , ,0.97797987,0.97900369,0.1046%,0.001024,6276
66564.477,7804, , ,0.97797987,0.97900369,0.1046%,0.001024,6277
66570.7,7805, , ,0.97797987,0.97900369,0.1046%,0.001024,6278
66576.896,7806, , ,0.97797987,0.97900369,0.1046%,0.001024,6279
66582.988,7807, , ,0.97797987,0.97900369,0.1046%,0.001024,6280
66589.059,7808, , ,0.97797987,0.97900369,0.1046%,0.001024,6281
66595.257,7809, , ,0.97797987,0.97900369,0.1046%,0.001024,6282
66605.341,7810, , ,0.97797987,0.97900369,0.1046%,0.001024,6283
66611.31,7811, , ,0.97797987,0.97900369,0.1046%,0.001024,6284
66617.32,7812, , ,0.97797987,0.97900369,0.1046%,0.001024,6285
66623.557,7813, , ,0.97797987,0.97900369,0.1046%,0.001024,6286
66628.498,7814,Bound, ,0.97797987,0.97900369,0.1046%,0.001024,6285
66634.155,7815, , ,0.97797987,0.97900369,0.1046%,0.001024,6286
66639.87,7816, , ,0.97797987,0.97900369,0.1046%,0.001024,6287
66646.101,7817, , ,0.97797987,0.97900369,0.1046%,0.001024,6288
66650.851,7818,Bound, ,0.97797987,0.97900369,0.1046%,0.001024,6287
66656.165,7819, , ,0.97797987,0.97900369,0.1046%,0.001024,6288
66661.707,7820, , ,0.97797987,0.97900369,0.1046%,0.001024,6289
66668.756,7821, , ,0.97797987,0.97900369,0.1046%,0.001024,6290
66673.512,7822,Bound, ,0.97797987,0.97900369,0.1046%,0.001024,6289
66678.862,7823, , ,0.97797987,0.97900369,0.1046%,0.001024,6290
66682.592,7824,Bound, ,0.97797987,0.97900369,0.1046%,0.001024,6289
66687.778,7825, , ,0.97797987,0.97900369,0.1046%,0.001024,6290
66691.985,7826,Bound, ,0.97797987,0.97900369,0.1046%,0.001024,6289
66697.332,7827, , ,0.97797987,0.97900369,0.1046%,0.001024,6290
66701.825,7828,Bound, ,0.97797987,0.97900369,0.1046%,0.001024,6289
66706.525,7829, ,* L  ,0.97797997,0.97900369,0.1046%,0.001024,6290
66711.223,7830, , ,0.97797997,0.97900369,0.1046%,0.001024,6291
66716.371,7831,Bound,* L  ,0.97798011,0.97900369,0.1046%,0.001024,6290
66721.608,7832, , ,0.97798011,0.97900369,0.1046%,0.001024,6291
66727.402,7833, ,* L  ,0.97798011,0.97900369,0.1046%,0.001024,6292
66731.427,7834, , ,0.97798011,0.97900369,0.1046%,0.001024,6293
66736.501,7835, , ,0.97798011,0.97900369,0.1046%,0.001024,6294
66741.165,7836, , ,0.97798011,0.97900369,0.1046%,0.001024,6295
66745.868,7837, ,* L  ,0.97798017,0.97900369,0.1045%,0.001024,6296
66751.139,7838, , ,0.97798017,0.97900369,0.1045%,0.001024,6297
66755.046,7839, ,* L  ,0.97798031,0.97900369,0.1045%,0.001023,6298
66768.651,7840, , ,0.97798031,0.97900369,0.1045%,0.001023,6299
66784.309,7841, , ,0.97798031,0.97900369,0.1045%,0.001023,6300
66793.694,7842,Bound, ,0.97798031,0.97900369,0.1045%,0.001023,6299
66801.765,7843, , ,0.97798031,0.97900369,0.1045%,0.001023,6300
66809.749,7844, , ,0.97798031,0.97900369,0.1045%,0.001023,6301
66816.247,7845, , ,0.97798031,0.97900369,0.1045%,0.001023,6302
66826.682,7846, , ,0.97798031,0.97900369,0.1045%,0.001023,6303
66832.644,7847, , ,0.97798031,0.97900369,0.1045%,0.001023,6304
66849.212,7848, , ,0.97798031,0.97900369,0.1045%,0.001023,6305
66855.296,7849, , ,0.97798031,0.97900369,0.1045%,0.001023,6306
66862.719,7850, , ,0.97798031,0.97900369,0.1045%,0.001023,6307
66869.345,7851, , ,0.97798031,0.97900369,0.1045%,0.001023,6308
66875.801,7852, , ,0.97798031,0.97900369,0.1045%,0.001023,6309
66881.151,7853, , ,0.97798031,0.97900369,0.1045%,0.001023,6310
66886.383,7854, , ,0.97798031,0.97900369,0.1045%,0.001023,6311
66891.996,7855, , ,0.97798031,0.97900369,0.1045%,0.001023,6312
66897.46,7856, , ,0.97798031,0.97900369,0.1045%,0.001023,6313
66902.862,7857, , ,0.97798031,0.97900369,0.1045%,0.001023,6314
66907.469,7858,Bound, ,0.97798031,0.97900369,0.1045%,0.001023,6313
66913.407,7859, ,* L  ,0.97798034,0.97900369,0.1045%,0.001023,6314
66918.052,7860,Bound, ,0.97798034,0.97900369,0.1045%,0.001023,6313
66923.5,7861, , ,0.97798034,0.97900369,0.1045%,0.001023,6314
66928.362,7862,Bound, ,0.97798034,0.97900369,0.1045%,0.001023,6313
66933.682,7863, ,* L  ,0.97798038,0.97900369,0.1045%,0.001023,6314
66938.633,7864,Bound, ,0.97798038,0.97900369,0.1045%,0.001023,6313
66943.365,7865, ,* L  ,0.97798044,0.97900369,0.1045%,0.001023,6314
66946.752,7866, , ,0.97798044,0.97900369,0.1045%,0.001023,6315
66951.47,7867,Bound,* L  ,0.9779805,0.97900369,0.1045%,0.001023,6314
66955.339,7868,Bound, ,0.9779805,0.97900369,0.1045%,0.001023,6313
66960.574,7869, , ,0.9779805,0.97900369,0.1045%,0.001023,6314
66965.304,7870,Bound, ,0.9779805,0.97900369,0.1045%,0.001023,6313
66970.653,7871, ,* L  ,0.9779805,0.97900369,0.1045%,0.001023,6314
66975.61,7872, , ,0.9779805,0.97900369,0.1045%,0.001023,6315
66979.185,7873, ,* L  ,0.9779805,0.97900369,0.1045%,0.001023,6316
66983.473,7874, , ,0.9779805,0.97900369,0.1045%,0.001023,6317
66987.525,7875, , ,0.9779805,0.97900369,0.1045%,0.001023,6318
66990.583,7876, , ,0.9779805,0.97900369,0.1045%,0.001023,6319
66994.493,7877, ,* L  ,0.97798055,0.97900369,0.1045%,0.001023,6320
66997.879,7878, , ,0.97798055,0.97900369,0.1045%,0.001023,6321
67001.285,7879, ,* L  ,0.97798056,0.97900369,0.1045%,0.001023,6322
67005.34,7880, , ,0.97798056,0.97900369,0.1045%,0.001023,6323
67010.171,7881, ,* L  ,0.97798056,0.97900369,0.1045%,0.001023,6324
67014.827,7882, , ,0.97798056,0.97900369,0.1045%,0.001023,6325
67019.823,7883, , ,0.97798056,0.97900369,0.1045%,0.001023,6326
67023.767,7884, , ,0.97798056,0.97900369,0.1045%,0.001023,6327
67028.779,7885, ,* L  ,0.97798072,0.97900369,0.1045%,0.001023,6328
67033.443,7886, , ,0.97798072,0.97900369,0.1045%,0.001023,6329
67037.553,7887, ,* L  ,0.9779808,0.97900369,0.1045%,0.001023,6330
67042.977,7888, , ,0.9779808,0.97900369,0.1045%,0.001023,6331
67047.593,7889, ,* L  ,0.9779808,0.97900369,0.1045%,0.001023,6332
67052.79,7890, , ,0.9779808,0.97900369,0.1045%,0.001023,6333
67057.212,7891, ,* L  ,0.97798101,0.97900369,0.1045%,0.001023,6334
67061.727,7892, , ,0.97798101,0.97900369,0.1045%,0.001023,6335
67066.613,7893, ,* L  ,0.97798101,0.97900369,0.1045%,0.001023,6336
67071.694,7894, , ,0.97798101,0.97900369,0.1045%,0.001023,6337
67075.54,7895, , ,0.97798101,0.97900369,0.1045%,0.001023,6338
67079.019,7896, , ,0.97798101,0.97900369,0.1045%,0.001023,6339
67082.895,7897, ,* L  ,0.97798107,0.97900369,0.1045%,0.001023,6340
67087.735,7898, , ,0.97798107,0.97900369,0.1045%,0.001023,6341
67092.58,7899, ,* L  ,0.97798107,0.97900369,0.1045%,0.001023,6342
67096.509,7900, , ,0.97798107,0.97900369,0.1045%,0.001023,6343
67101.75,7901, , ,0.97798107,0.97900369,0.1045%,0.001023,6344
67106.775,7902, , ,0.97798107,0.97900369,0.1045%,0.001023,6345
67111.836,7903, ,* L  ,0.97798122,0.97900369,0.1044%,0.001022,6346
67117.482,7904, , ,0.97798122,0.97900369,0.1044%,0.001022,6347
67122.922,7905, ,* L  ,0.97798133,0.97900369,0.1044%,0.001022,6348
67128.679,7906, , ,0.97798133,0.97900369,0.1044%,0.001022,6349
67133.282,7907, ,* L  ,0.97798133,0.97900369,0.1044%,0.001022,6350
67137.472,7908, , ,0.97798133,0.97900369,0.1044%,0.001022,6351
67143.062,7909, , ,0.97798133,0.97900369,0.1044%,0.001022,6352
67146.92,7910, , ,0.97798133,0.97900369,0.1044%,0.001022,6353
67150.105,7911, ,* L  ,0.97798135,0.97900369,0.1044%,0.001022,6354
67153.554,7912, , ,0.97798135,0.97900369,0.1044%,0.001022,6355
67158.048,7913, ,* L  ,0.97798135,0.97900369,0.1044%,0.001022,6356
67163.179,7914, , ,0.97798135,0.97900369,0.1044%,0.001022,6357
67166.875,7915, , ,0.97798135,0.97900369,0.1044%,0.001022,6358
67170.363,7916, , ,0.97798135,0.97900369,0.1044%,0.001022,6359
67173.573,7917, ,* L  ,0.9779814,0.97900369,0.1044%,0.001022,6360
67181.324,7918,Bound, ,0.9779814,0.97900369,0.1044%,0.001022,6359
67188.967,7919, , ,0.9779814,0.97900369,0.1044%,0.001022,6360
67197.414,7920, , ,0.9779814,0.97900369,0.1044%,0.001022,6361
67206.095,7921, , ,0.9779814,0.97900369,0.1044%,0.001022,6362
67216.382,7922, , ,0.9779814,0.97900369,0.1044%,0.001022,6363
67223.569,7923, , ,0.9779814,0.97900369,0.1044%,0.001022,6364
67234.52,7924, , ,0.9779814,0.97900369,0.1044%,0.001022,6365
67240.567,7925, , ,0.9779814,0.97900369,0.1044%,0.001022,6366
67246.641,7926, , ,0.9779814,0.97900369,0.1044%,0.001022,6367
67256.545,7927, , ,0.9779814,0.97900369,0.1044%,0.001022,6368
67261.867,7928, , ,0.9779814,0.97900369,0.1044%,0.001022,6369
67267.292,7929,Bound,* L  ,0.97798152,0.97900369,0.1044%,0.001022,6368
67271.928,7930, , ,0.97798152,0.97900369,0.1044%,0.001022,6369
67277.067,7931, ,* L  ,0.97798152,0.97900369,0.1044%,0.001022,6370
67282.338,7932, , ,0.97798152,0.97900369,0.1044%,0.001022,6371
67287.497,7933, , ,0.97798152,0.97900369,0.1044%,0.001022,6372
67292.836,7934, , ,0.97798152,0.97900369,0.1044%,0.001022,6373
67298.205,7935, ,* L  ,0.97798157,0.97900369,0.1044%,0.001022,6374
67303.75,7936, , ,0.97798157,0.97900369,0.1044%,0.001022,6375
67308.347,7937, ,* L  ,0.97798159,0.97900369,0.1044%,0.001022,6376
67312.674,7938, , ,0.97798159,0.97900369,0.1044%,0.001022,6377
67317.746,7939, ,* L  ,0.97798159,0.97900369,0.1044%,0.001022,6378
67323.213,7940, , ,0.97798159,0.97900369,0.1044%,0.001022,6379
67327.376,7941, , ,0.97798159,0.97900369,0.1044%,0.001022,6380
67332.281,7942, , ,0.97798159,0.97900369,0.1044%,0.001022,6381
67337.635,7943, ,* L  ,0.97798174,0.97900369,0.1044%,0.001022,6382
67342.621,7944, , ,0.97798174,0.97900369,0.1044%,0.001022,6383
67346.921,7945, ,* L  ,0.97798174,0.97900369,0.1044%,0.001022,6384
67352.042,7946, , ,0.97798174,0.97900369,0.1044%,0.001022,6385
67356.961,7947, ,* L  ,0.97798198,0.97900369,0.1044%,0.001022,6386
67362.329,7948, , ,0.97798198,0.97900369,0.1044%,0.001022,6387
67366.61,7949,Bound,* L  ,0.977982,0.97900369,0.1044%,0.001022,6386
67371.607,7950, , ,0.977982,0.97900369,0.1044%,0.001022,6387
67375.857,7951, ,* L  ,0.977982,0.97900369,0.1044%,0.001022,6388
67381.416,7952, , ,0.977982,0.97900369,0.1044%,0.001022,6389
67385.929,7953, ,* L  ,0.97798203,0.97900369,0.1044%,0.001022,6390
67391.241,7954, , ,0.97798203,0.97900369,0.1044%,0.001022,6391
67396.024,7955, ,* L  ,0.97798203,0.97900369,0.1044%,0.001022,6392
67400.804,7956, , ,0.97798203,0.97900369,0.1044%,0.001022,6393
67405.827,7957, , ,0.97798203,0.97900369,0.1044%,0.001022,6394
67410.544,7958, , ,0.97798203,0.97900369,0.1044%,0.001022,6395
67415.146,7959, ,* L  ,0.9779821,0.97900369,0.1043%,0.001022,6396
67420.265,7960, , ,0.9779821,0.97900369,0.1043%,0.001022,6397
67425.907,7961, ,* L  ,0.9779821,0.97900369,0.1043%,0.001022,6398
67430.663,7962, , ,0.9779821,0.97900369,0.1043%,0.001022,6399
67436.027,7963, , ,0.9779821,0.97900369,0.1043%,0.001022,6400
67438.949,7964, , ,0.9779821,0.97900369,0.1043%,0.001022,6401
67444.049,7965, ,* L  ,0.97798217,0.97900369,0.1043%,0.001022,6402
67461.698,7966, , ,0.97798217,0.97900369,0.1043%,0.001022,6403
67473.144,7967, ,* L  ,0.97798237,0.97900369,0.1043%,0.001021,6404
67478.409,7968, , ,0.97798237,0.97900369,0.1043%,0.001021,6405
67483.337,7969, ,* L  ,0.97798237,0.97900369,0.1043%,0.001021,6406
67488.323,7970, , ,0.97798237,0.97900369,0.1043%,0.001021,6407
67493.397,7971, , ,0.97798237,0.97900369,0.1043%,0.001021,6408
67497.92,7972, , ,0.97798237,0.97900369,0.1043%,0.001021,6409
67503.2,7973, ,* L  ,0.9779824,0.97900369,0.1043%,0.001021,6410
67508.068,7974, , ,0.9779824,0.97900369,0.1043%,0.001021,6411
67514.316,7975, ,* L  ,0.97798272,0.97900369,0.1043%,0.001021,6412
67528.522,7976, , ,0.97798272,0.97900369,0.1043%,0.001021,6413
67546.498,7977, , ,0.97798272,0.97900369,0.1043%,0.001021,6414
67555.189,7978,Bound, ,0.97798272,0.97900369,0.1043%,0.001021,6413
67562.581,7979, , ,0.97798272,0.97900369,0.1043%,0.001021,6414
67570.706,7980,Bound, ,0.97798272,0.97900369,0.1043%,0.001021,6413
67576.952,7981, , ,0.97798272,0.97900369,0.1043%,0.001021,6414
67585.144,7982, , ,0.97798272,0.97900369,0.1043%,0.001021,6415
67590.745,7983, , ,0.97798272,0.97900369,0.1043%,0.001021,6416
67599.713,7984, , ,0.97798272,0.97900369,0.1043%,0.001021,6417
67607.148,7985, , ,0.97798272,0.97900369,0.1043%,0.001021,6418
67612.301,7986, , ,0.97798272,0.97900369,0.1043%,0.001021,6419
67618.9,7987, , ,0.97798272,0.97900369,0.1043%,0.001021,6420
67625.004,7988, , ,0.97798272,0.97900369,0.1043%,0.001021,6421
67631.545,7989, , ,0.97798272,0.97900369,0.1043%,0.001021,6422
67641.719,7990, , ,0.97798272,0.97900369,0.1043%,0.001021,6423
67648.077,7991, , ,0.97798272,0.97900369,0.1043%,0.001021,6424
67654.631,7992, , ,0.97798272,0.97900369,0.1043%,0.001021,6425
67660.612,7993, , ,0.97798272,0.97900369,0.1043%,0.001021,6426
67665.552,7994, , ,0.97798272,0.97900369,0.1043%,0.001021,6427
67670.822,7995, , ,0.97798272,0.97900369,0.1043%,0.001021,6428
67676.392,7996, , ,0.97798272,0.97900369,0.1043%,0.001021,6429
67685.867,7997, , ,0.97798272,0.97900369,0.1043%,0.001021,6430
67693.126,7998, , ,0.97798272,0.97900369,0.1043%,0.001021,6431
67699.132,7999, , ,0.97798272,0.97900369,0.1043%,0.001021,6432
67703.201,8000,Bound, ,0.97798272,0.97900369,0.1043%,0.001021,6431
67709.055,8001, , ,0.97798272,0.97900369,0.1043%,0.001021,6432
67714.812,8002, , ,0.97798272,0.97900369,0.1043%,0.001021,6433
67720.255,8003,Bound, ,0.97798272,0.97900369,0.1043%,0.001021,6432
67725.303,8004,Bound, ,0.97798272,0.97900369,0.1043%,0.001021,6431
67731.029,8005, ,* L  ,0.97798273,0.97900369,0.1043%,0.001021,6432
67736.089,8006, , ,0.97798273,0.97900369,0.1043%,0.001021,6433
67740.784,8007, ,* L  ,0.97798294,0.97900369,0.1043%,0.001021,6434
67745.444,8008, , ,0.97798294,0.97900369,0.1043%,0.001021,6435
67749.729,8009, ,* L  ,0.97798301,0.97900369,0.1043%,0.001021,6436
67753.639,8010, , ,0.97798301,0.97900369,0.1043%,0.001021,6437
67757.764,8011, ,* L  ,0.97798301,0.97900369,0.1043%,0.001021,6438
67762.371,8012, , ,0.97798301,0.97900369,0.1043%,0.001021,6439
67766.04,8013, , ,0.97798301,0.97900369,0.1043%,0.001021,6440
67770.706,8014, , ,0.97798301,0.97900369,0.1043%,0.001021,6441
67775.275,8015, ,* L  ,0.9779831,0.97900369,0.1042%,0.001021,6442
67780.793,8016, , ,0.9779831,0.97900369,0.1042%,0.001021,6443
67786.02,8017, ,* L  ,0.97798318,0.97900369,0.1042%,0.001021,6444
67791.317,8018, , ,0.97798318,0.97900369,0.1042%,0.001021,6445
67796.759,8019, ,* L  ,0.97798326,0.97900369,0.1042%,0.00102,6446
67802.132,8020, , ,0.97798326,0.97900369,0.1042%,0.00102,6447
67806.991,8021, ,* L  ,0.97798327,0.97900369,0.1042%,0.00102,6448
67811.531,8022, , ,0.97798327,0.97900369,0.1042%,0.00102,6449
67816.682,8023, ,* L  ,0.97798327,0.97900369,0.1042%,0.00102,6450
67821.472,8024, , ,0.97798327,0.97900369,0.1042%,0.00102,6451
67826.331,8025, , ,0.97798327,0.97900369,0.1042%,0.00102,6452
67830.701,8026, , ,0.97798327,0.97900369,0.1042%,0.00102,6453
67834.439,8027, ,* L  ,0.97798329,0.97900369,0.1042%,0.00102,6454
67839.345,8028, , ,0.97798329,0.97900369,0.1042%,0.00102,6455
67845.268,8029, , ,0.97798329,0.97900369,0.1042%,0.00102,6456
67850.607,8030, , ,0.97798329,0.97900369,0.1042%,0.00102,6457
67856.121,8031, , ,0.97798329,0.97900369,0.1042%,0.00102,6458
67862.377,8032, , ,0.97798329,0.97900369,0.1042%,0.00102,6459
67867.689,8033, , ,0.97798329,0.97900369,0.1042%,0.00102,6460
67872.893,8034,Bound, ,0.97798329,0.97900369,0.1042%,0.00102,6459
67879.142,8035, , ,0.97798329,0.97900369,0.1042%,0.00102,6460
67883.762,8036,Bound, ,0.97798329,0.97900369,0.1042%,0.00102,6459
67889.156,8037, ,* L  ,0.9779833,0.97900369,0.1042%,0.00102,6460
67894.131,8038, , ,0.9779833,0.97900369,0.1042%,0.00102,6461
67898.036,8039, ,* L  ,0.97798337,0.97900369,0.1042%,0.00102,6462
67902.731,8040,Bound, ,0.97798337,0.97900369,0.1042%,0.00102,6461
67907.68,8041, ,* L  ,0.97798344,0.97900369,0.1042%,0.00102,6462
67913.333,8042, , ,0.97798344,0.97900369,0.1042%,0.00102,6463
67918.436,8043, ,* L  ,0.97798346,0.97900369,0.1042%,0.00102,6464
67923.898,8044, , ,0.97798346,0.97900369,0.1042%,0.00102,6465
67928.423,8045, ,* L  ,0.97798346,0.97900369,0.1042%,0.00102,6466
67933.401,8046, , ,0.97798346,0.97900369,0.1042%,0.00102,6467
67938.531,8047, , ,0.97798346,0.97900369,0.1042%,0.00102,6468
67942.867,8048, , ,0.97798346,0.97900369,0.1042%,0.00102,6469
67948.219,8049, ,* L  ,0.97798349,0.97900369,0.1042%,0.00102,6470
67952.955,8050, , ,0.97798349,0.97900369,0.1042%,0.00102,6471
67958.319,8051, ,* L  ,0.97798353,0.97900369,0.1042%,0.00102,6472
67963.413,8052, , ,0.97798353,0.97900369,0.1042%,0.00102,6473
67967.485,8053, ,* L  ,0.97798358,0.97900369,0.1042%,0.00102,6474
67972.077,8054, , ,0.97798358,0.97900369,0.1042%,0.00102,6475
67976.973,8055, ,* L  ,0.97798358,0.97900369,0.1042%,0.00102,6476
67981.171,8056, , ,0.97798358,0.97900369,0.1042%,0.00102,6477
67985.704,8057, , ,0.97798358,0.97900369,0.1042%,0.00102,6478
67990.713,8058, , ,0.97798358,0.97900369,0.1042%,0.00102,6479
67996.023,8059, ,* L  ,0.97798359,0.97900369,0.1042%,0.00102,6480
68001.288,8060, , ,0.97798359,0.97900369,0.1042%,0.00102,6481
68006.491,8061, ,* L  ,0.97798359,0.97900369,0.1042%,0.00102,6482
68011.185,8062, , ,0.97798359,0.97900369,0.1042%,0.00102,6483
68015.97,8063, , ,0.97798359,0.97900369,0.1042%,0.00102,6484
68020.696,8064, , ,0.97798359,0.97900369,0.1042%,0.00102,6485
68026.132,8065, ,* L  ,0.9779836,0.97900369,0.1042%,0.00102,6486
68031.258,8066, , ,0.9779836,0.97900369,0.1042%,0.00102,6487
68036.669,8067, ,* L  ,0.9779836,0.97900369,0.1042%,0.00102,6488
68041.879,8068, , ,0.9779836,0.97900369,0.1042%,0.00102,6489
68046.094,8069, ,* L  ,0.97798362,0.97900369,0.1042%,0.00102,6490
68051.642,8070, , ,0.97798362,0.97900369,0.1042%,0.00102,6491
68057.548,8071, ,* L  ,0.97798363,0.97900369,0.1042%,0.00102,6492
68062.535,8072, , ,0.97798363,0.97900369,0.1042%,0.00102,6493
68068.635,8073, ,* L  ,0.97798363,0.97900369,0.1042%,0.00102,6494
68072.574,8074, , ,0.97798363,0.97900369,0.1042%,0.00102,6495
68077.943,8075, , ,0.97798363,0.97900369,0.1042%,0.00102,6496
68081.997,8076, , ,0.97798363,0.97900369,0.1042%,0.00102,6497
68087.272,8077, ,* L  ,0.97798363,0.97900369,0.1042%,0.00102,6498
68091.965,8078, , ,0.97798363,0.97900369,0.1042%,0.00102,6499
68096.726,8079, ,* L  ,0.97798363,0.97900369,0.1042%,0.00102,6500
68101.374,8080, , ,0.97798363,0.97900369,0.1042%,0.00102,6501
68105.626,8081, , ,0.97798363,0.97900369,0.1042%,0.00102,6502
68109.984,8082, , ,0.97798363,0.97900369,0.1042%,0.00102,6503
68112.995,8083, ,* L  ,0.97798365,0.97900369,0.1042%,0.00102,6504
68118.218,8084, , ,0.97798365,0.97900369,0.1042%,0.00102,6505
68122.877,8085, ,* L  ,0.97798365,0.97900369,0.1042%,0.00102,6506
68127.873,8086, , ,0.97798365,0.97900369,0.1042%,0.00102,6507
68132.725,8087, ,* L  ,0.97798365,0.97900369,0.1042%,0.00102,6508
68137.698,8088, , ,0.97798365,0.97900369,0.1042%,0.00102,6509
68141.687,8089, , ,0.97798365,0.97900369,0.1042%,0.00102,6510
68146.589,8090, , ,0.97798365,0.97900369,0.1042%,0.00102,6511
68151.852,8091, ,* L  ,0.97798365,0.97900369,0.1042%,0.00102,6512
68157.32,8092, , ,0.97798365,0.97900369,0.1042%,0.00102,6513
68162.683,8093, ,* L  ,0.97798365,0.97900369,0.1042%,0.00102,6514
68167.952,8094, , ,0.97798365,0.97900369,0.1042%,0.00102,6515
68171.957,8095, , ,0.97798365,0.97900369,0.1042%,0.00102,6516
68176.424,8096, , ,0.97798365,0.97900369,0.1042%,0.00102,6517
68180.011,8097, ,* L  ,0.97798373,0.97900369,0.1042%,0.00102,6518
68184.019,8098, , ,0.97798373,0.97900369,0.1042%,0.00102,6519
68189.107,8099, ,* L  ,0.97798373,0.97900369,0.1042%,0.00102,6520
68193.887,8100, , ,0.97798373,0.97900369,0.1042%,0.00102,6521
68199.45,8101, , ,0.97798373,0.97900369,0.1042%,0.00102,6522
68203.591,8102, , ,0.97798373,0.97900369,0.1042%,0.00102,6523
68207.18,8103, ,* L  ,0.97798376,0.97900369,0.1042%,0.00102,6524
68212.686,8104, , ,0.97798376,0.97900369,0.1042%,0.00102,6525
68218.383,8105, ,* L  ,0.97798381,0.97900369,0.1042%,0.00102,6526
68223.849,8106, , ,0.97798381,0.97900369,0.1042%,0.00102,6527
68228.992,8107, ,* L  ,0.97798381,0.97900369,0.1042%,0.00102,6528
68233.844,8108, , ,0.97798381,0.97900369,0.1042%,0.00102,6529
68239.453,8109, , ,0.97798381,0.97900369,0.1042%,0.00102,6530
68244.018,8110, , ,0.97798381,0.97900369,0.1042%,0.00102,6531
68248.775,8111, ,* L  ,0.97798382,0.97900369,0.1042%,0.00102,6532
68262.063,8112, , ,0.97798382,0.97900369,0.1042%,0.00102,6533
68277.617,8113, , ,0.97798382,0.97900369,0.1042%,0.00102,6534
68292.138,8114, , ,0.97798382,0.97900369,0.1042%,0.00102,6535
68307.335,8115, , ,0.97798382,0.97900369,0.1042%,0.00102,6536
68323.523,8116, , ,0.97798382,0.97900369,0.1042%,0.00102,6537
68340.123,8117, , ,0.97798382,0.97900369,0.1042%,0.00102,6538
68349.305,8118,Bound, ,0.97798382,0.97900369,0.1042%,0.00102,6537
68356.438,8119, , ,0.97798382,0.97900369,0.1042%,0.00102,6538
68364.654,8120,Bound, ,0.97798382,0.97900369,0.1042%,0.00102,6537
68371.619,8121, , ,0.97798382,0.97900369,0.1042%,0.00102,6538
68380.84,8122, , ,0.97798382,0.97900369,0.1042%,0.00102,6539
68388.888,8123, , ,0.97798382,0.97900369,0.1042%,0.00102,6540
68397.76,8124, , ,0.97798382,0.97900369,0.1042%,0.00102,6541
68405.245,8125, , ,0.97798382,0.97900369,0.1042%,0.00102,6542
68413.23,8126, , ,0.97798382,0.97900369,0.1042%,0.00102,6543
68419.263,8127, , ,0.97798382,0.97900369,0.1042%,0.00102,6544
68425.507,8128, , ,0.97798382,0.97900369,0.1042%,0.00102,6545
68431.471,8129, , ,0.97798382,0.97900369,0.1042%,0.00102,6546
68436.883,8130, , ,0.97798382,0.97900369,0.1042%,0.00102,6547
68442.7,8131, , ,0.97798382,0.97900369,0.1042%,0.00102,6548
68448.817,8132, , ,0.97798382,0.97900369,0.1042%,0.00102,6549
68455.735,8133, ,* L  ,0.97798384,0.97900369,0.1042%,0.00102,6550
68461.408,8134, , ,0.97798384,0.97900369,0.1042%,0.00102,6551
68466.323,8135, ,* L  ,0.97798385,0.97900369,0.1042%,0.00102,6552
68472.385,8136, , ,0.97798385,0.97900369,0.1042%,0.00102,6553
68478.572,8137, ,* L  ,0.97798388,0.97900369,0.1042%,0.00102,6554
68483.326,8138, , ,0.97798388,0.97900369,0.1042%,0.00102,6555
68487.796,8139, ,* L  ,0.97798388,0.97900369,0.1042%,0.00102,6556
68492.588,8140, , ,0.97798388,0.97900369,0.1042%,0.00102,6557
68497.763,8141, , ,0.97798388,0.97900369,0.1042%,0.00102,6558
68502.747,8142, , ,0.97798388,0.97900369,0.1042%,0.00102,6559
68507.903,8143, ,* L  ,0.97798389,0.97900369,0.1042%,0.00102,6560
68522.576,8144, , ,0.97798389,0.97900369,0.1042%,0.00102,6561
68534.612,8145, , ,0.97798389,0.97900369,0.1042%,0.00102,6562
68550.316,8146, , ,0.97798389,0.97900369,0.1042%,0.00102,6563
68566.634,8147, , ,0.97798389,0.97900369,0.1042%,0.00102,6564
68583.904,8148, , ,0.97798389,0.97900369,0.1042%,0.00102,6565
68596.167,8149, , ,0.97798389,0.97900369,0.1042%,0.00102,6566
68602.959,8150,Bound, ,0.97798389,0.97900369,0.1042%,0.00102,6565
68610.918,8151, , ,0.97798389,0.97900369,0.1042%,0.00102,6566
68618.345,8152,Bound, ,0.97798389,0.97900369,0.1042%,0.00102,6565
68622.879,8153, , ,0.97798389,0.97900369,0.1042%,0.00102,6566
68638.008,8154, , ,0.97798389,0.97900369,0.1042%,0.00102,6567
68652.52,8155, , ,0.97798389,0.97900369,0.1042%,0.00102,6568
68661.595,8156, , ,0.97798389,0.97900369,0.1042%,0.00102,6569
68667.073,8157, , ,0.97798389,0.97900369,0.1042%,0.00102,6570
68673.843,8158, , ,0.97798389,0.97900369,0.1042%,0.00102,6571
68680.227,8159, , ,0.97798389,0.97900369,0.1042%,0.00102,6572
68687.684,8160,Bound, ,0.97798389,0.97900369,0.1042%,0.00102,6571
68693.533,8161, , ,0.97798389,0.97900369,0.1042%,0.00102,6572
68701.783,8162,Bound, ,0.97798389,0.97900369,0.1042%,0.00102,6571
68708.362,8163, , ,0.97798389,0.97900369,0.1042%,0.00102,6572
68716.775,8164, , ,0.97798389,0.97900369,0.1042%,0.00102,6573
68722.313,8165, , ,0.97798389,0.97900369,0.1042%,0.00102,6574
68729.35,8166, , ,0.97798389,0.97900369,0.1042%,0.00102,6575
68735.968,8167, , ,0.97798389,0.97900369,0.1042%,0.00102,6576
68741.923,8168, , ,0.97798389,0.97900369,0.1042%,0.00102,6577
68749.928,8169, , ,0.97798389,0.97900369,0.1042%,0.00102,6578
68757.623,8170, , ,0.97798389,0.97900369,0.1042%,0.00102,6579
68766.285,8171, , ,0.97798389,0.97900369,0.1042%,0.00102,6580
68772.385,8172, , ,0.97798389,0.97900369,0.1042%,0.00102,6581
68779.277,8173, , ,0.97798389,0.97900369,0.1042%,0.00102,6582
68785.26,8174, , ,0.97798389,0.97900369,0.1042%,0.00102,6583
68791.776,8175, , ,0.97798389,0.97900369,0.1042%,0.00102,6584
68797.791,8176, , ,0.97798389,0.97900369,0.1042%,0.00102,6585
68802.925,8177, , ,0.97798389,0.97900369,0.1042%,0.00102,6586
68809.747,8178, , ,0.97798389,0.97900369,0.1042%,0.00102,6587
68817.101,8179, , ,0.97798389,0.97900369,0.1042%,0.00102,6588
68821.869,8180, , ,0.97798389,0.97900369,0.1042%,0.00102,6589
68826.873,8181,Bound, ,0.97798389,0.97900369,0.1042%,0.00102,6588
68832.838,8182, , ,0.97798389,0.97900369,0.1042%,0.00102,6589
68837.179,8183,Bound, ,0.97798389,0.97900369,0.1042%,0.00102,6588
68842.923,8184, , ,0.97798389,0.97900369,0.1042%,0.00102,6589
68847.725,8185,Bound, ,0.97798389,0.97900369,0.1042%,0.00102,6588
68852.701,8186, , ,0.97798389,0.97900369,0.1042%,0.00102,6589
68857.799,8187,Bound, ,0.97798389,0.97900369,0.1042%,0.00102,6588
68862.733,8188, , ,0.97798389,0.97900369,0.1042%,0.00102,6589
68867.776,8189,Bound, ,0.97798389,0.97900369,0.1042%,0.00102,6588
68873.2,8190, , ,0.97798389,0.97900369,0.1042%,0.00102,6589
68878.214,8191,Bound,* L  ,0.97798389,0.97900369,0.1042%,0.00102,6588
68883.605,8192, , ,0.97798389,0.97900369,0.1042%,0.00102,6589
68888.841,8193, ,* L  ,0.97798389,0.97900369,0.1042%,0.00102,6590
68893.135,8194, , ,0.97798389,0.97900369,0.1042%,0.00102,6591
68898.441,8195, , ,0.97798389,0.97900369,0.1042%,0.00102,6592
68903.496,8196, , ,0.97798389,0.97900369,0.1042%,0.00102,6593
68909.076,8197, ,* L  ,0.97798392,0.97900369,0.1042%,0.00102,6594
68914.497,8198, , ,0.97798392,0.97900369,0.1042%,0.00102,6595
68920.841,8199, ,* L  ,0.9779841,0.97900369,0.1041%,0.00102,6596
68925.017,8200, , ,0.9779841,0.97900369,0.1041%,0.00102,6597
68928.869,8201, ,* L  ,0.97798416,0.97900369,0.1041%,0.00102,6598
68933.39,8202, , ,0.97798416,0.97900369,0.1041%,0.00102,6599
68937.397,8203, ,* L  ,0.97798416,0.97900369,0.1041%,0.00102,6600
68941.4,8204, , ,0.97798416,0.97900369,0.1041%,0.00102,6601
68945.532,8205, , ,0.97798416,0.97900369,0.1041%,0.00102,6602
68950.311,8206, , ,0.97798416,0.97900369,0.1041%,0.00102,6603
68954.972,8207, ,* L  ,0.97798418,0.97900369,0.1041%,0.00102,6604
68960.242,8208, , ,0.97798418,0.97900369,0.1041%,0.00102,6605
68966.075,8209, ,* L  ,0.97798418,0.97900369,0.1041%,0.00102,6606
68970.703,8210, , ,0.97798418,0.97900369,0.1041%,0.00102,6607
68974.81,8211, , ,0.97798418,0.97900369,0.1041%,0.00102,6608
68978.044,8212, , ,0.97798418,0.97900369,0.1041%,0.00102,6609
68981.522,8213, ,* L  ,0.97798421,0.97900369,0.1041%,0.001019,6610
68987.357,8214, , ,0.97798421,0.97900369,0.1041%,0.001019,6611
68991.958,8215,Bound, ,0.97798421,0.97900369,0.1041%,0.001019,6610
68997.602,8216,Bound, ,0.97798421,0.97900369,0.1041%,0.001019,6609
69001.77,8217, ,* L  ,0.97798431,0.97900369,0.1041%,0.001019,6610
69017.288,8218, , ,0.97798431,0.97900369,0.1041%,0.001019,6611
69040.283,8219, ,* L  ,0.97798431,0.97900369,0.1041%,0.001019,6612
69049.147,8220,Bound, ,0.97798431,0.97900369,0.1041%,0.001019,6611
69055.432,8221, , ,0.97798431,0.97900369,0.1041%,0.001019,6612
69064.953,8222, , ,0.97798431,0.97900369,0.1041%,0.001019,6613
69069.748,8223, , ,0.97798431,0.97900369,0.1041%,0.001019,6614
69080.01,8224, , ,0.97798431,0.97900369,0.1041%,0.001019,6615
69084.818,8225, , ,0.97798431,0.97900369,0.1041%,0.001019,6616
69091.342,8226, , ,0.97798431,0.97900369,0.1041%,0.001019,6617
69097.533,8227, , ,0.97798431,0.97900369,0.1041%,0.001019,6618
69104.252,8228, , ,0.97798431,0.97900369,0.1041%,0.001019,6619
69110.802,8229, , ,0.97798431,0.97900369,0.1041%,0.001019,6620
69117.251,8230, , ,0.97798431,0.97900369,0.1041%,0.001019,6621
69122.656,8231, , ,0.97798431,0.97900369,0.1041%,0.001019,6622
69129.468,8232,Bound, ,0.97798431,0.97900369,0.1041%,0.001019,6621
69135.303,8233, , ,0.97798431,0.97900369,0.1041%,0.001019,6622
69139.981,8234, , ,0.97798431,0.97900369,0.1041%,0.001019,6623
69145.291,8235, , ,0.97798431,0.97900369,0.1041%,0.001019,6624
69150.778,8236,Bound, ,0.97798431,0.97900369,0.1041%,0.001019,6623
69156.811,8237, ,* L  ,0.97798434,0.97900369,0.1041%,0.001019,6624
69161.217,8238, , ,0.97798434,0.97900369,0.1041%,0.001019,6625
69166.049,8239, ,* L  ,0.97798434,0.97900369,0.1041%,0.001019,6626
69170.623,8240, , ,0.97798434,0.97900369,0.1041%,0.001019,6627
69175.825,8241, ,* L  ,0.97798435,0.97900369,0.1041%,0.001019,6628
69181.856,8242, , ,0.97798435,0.97900369,0.1041%,0.001019,6629
69187.471,8243, ,* L  ,0.97798443,0.97900369,0.1041%,0.001019,6630
69193.054,8244, , ,0.97798443,0.97900369,0.1041%,0.001019,6631
69197.831,8245, ,* L  ,0.97798443,0.97900369,0.1041%,0.001019,6632
69202.784,8246, , ,0.97798443,0.97900369,0.1041%,0.001019,6633
69207.531,8247, , ,0.97798443,0.97900369,0.1041%,0.001019,6634
69211.527,8248, , ,0.97798443,0.97900369,0.1041%,0.001019,6635
69216.159,8249, ,* L  ,0.97798446,0.97900369,0.1041%,0.001019,6636
69220.452,8250, , ,0.97798446,0.97900369,0.1041%,0.001019,6637
69224.919,8251, ,* L  ,0.97798446,0.97900369,0.1041%,0.001019,6638
69229.526,8252, , ,0.97798446,0.97900369,0.1041%,0.001019,6639
69234.34,8253, , ,0.97798446,0.97900369,0.1041%,0.001019,6640
69238.069,8254, , ,0.97798446,0.97900369,0.1041%,0.001019,6641
69242.592,8255, ,* L  ,0.97798449,0.97900369,0.1041%,0.001019,6642
69247.643,8256, , ,0.97798449,0.97900369,0.1041%,0.001019,6643
69253.328,8257, ,* L  ,0.97798449,0.97900369,0.1041%,0.001019,6644
69258.235,8258, , ,0.97798449,0.97900369,0.1041%,0.001019,6645
69263.536,8259, , ,0.97798449,0.97900369,0.1041%,0.001019,6646
69268.772,8260, , ,0.97798449,0.97900369,0.1041%,0.001019,6647
69274.08,8261, ,* L  ,0.97798467,0.97900369,0.1041%,0.001019,6648
69280.047,8262, , ,0.97798467,0.97900369,0.1041%,0.001019,6649
69285.412,8263,Bound,* L  ,0.97798467,0.97900369,0.1041%,0.001019,6648
69290.991,8264, , ,0.97798467,0.97900369,0.1041%,0.001019,6649
69296.772,8265, ,* L  ,0.97798473,0.97900369,0.1041%,0.001019,6650
69302.85,8266, , ,0.97798473,0.97900369,0.1041%,0.001019,6651
69308.281,8267, ,* L  ,0.97798473,0.97900369,0.1041%,0.001019,6652
69313.387,8268, , ,0.97798473,0.97900369,0.1041%,0.001019,6653
69318.82,8269, , ,0.97798473,0.97900369,0.1041%,0.001019,6654
69323.934,8270, , ,0.97798473,0.97900369,0.1041%,0.001019,6655
69329.416,8271, ,* L  ,0.97798475,0.97900369,0.1041%,0.001019,6656
69335.154,8272, , ,0.97798475,0.97900369,0.1041%,0.001019,6657
69339.869,8273, ,* L  ,0.97798475,0.97900369,0.1041%,0.001019,6658
69346.599,8274, , ,0.97798475,0.97900369,0.1041%,0.001019,6659
69353.18,8275, ,* L  ,0.97798476,0.97900369,0.1041%,0.001019,6660
69357.849,8276, , ,0.97798476,0.97900369,0.1041%,0.001019,6661
69363.597,8277, ,* L  ,0.97798476,0.97900369,0.1041%,0.001019,6662
69368.607,8278, , ,0.97798476,0.97900369,0.1041%,0.001019,6663
69374.066,8279, , ,0.97798476,0.97900369,0.1041%,0.001019,6664
69379.212,8280, , ,0.97798476,0.97900369,0.1041%,0.001019,6665
69384.447,8281, ,* L  ,0.97798477,0.97900369,0.1041%,0.001019,6666
69390.673,8282, , ,0.97798477,0.97900369,0.1041%,0.001019,6667
69396.492,8283, ,* L  ,0.97798479,0.97900369,0.1041%,0.001019,6668
69400.392,8284, , ,0.97798479,0.97900369,0.1041%,0.001019,6669
69403.233,8285,Bound,* L  ,0.97798481,0.97900369,0.1041%,0.001019,6668
69407.233,8286, , ,0.97798481,0.97900369,0.1041%,0.001019,6669
69412.863,8287, ,* L  ,0.97798481,0.97900369,0.1041%,0.001019,6670
69417.012,8288, , ,0.97798481,0.97900369,0.1041%,0.001019,6671
69421.315,8289, , ,0.97798481,0.97900369,0.1041%,0.001019,6672
69425.579,8290, , ,0.97798481,0.97900369,0.1041%,0.001019,6673
69431.242,8291, ,* L  ,0.97798486,0.97900369,0.1041%,0.001019,6674
69436.817,8292, , ,0.97798486,0.97900369,0.1041%,0.001019,6675
69442.384,8293, ,* L  ,0.97798488,0.97900369,0.1041%,0.001019,6676
69446.336,8294,Bound, ,0.97798488,0.97900369,0.1041%,0.001019,6675
69451.855,8295, ,* L  ,0.97798489,0.97900369,0.1041%,0.001019,6676
69456.914,8296, , ,0.97798489,0.97900369,0.1041%,0.001019,6677
69461.866,8297, ,* L  ,0.97798489,0.97900369,0.1041%,0.001019,6678
69466.551,8298, , ,0.97798489,0.97900369,0.1041%,0.001019,6679
69471.424,8299, , ,0.97798489,0.97900369,0.1041%,0.001019,6680
69475.877,8300, , ,0.97798489,0.97900369,0.1041%,0.001019,6681
69481.105,8301, ,* L  ,0.97798491,0.97900369,0.1041%,0.001019,6682
69486.209,8302, , ,0.97798491,0.97900369,0.1041%,0.001019,6683
69491.126,8303, ,* L  ,0.97798491,0.97900369,0.1041%,0.001019,6684
69495.305,8304, , ,0.97798491,0.97900369,0.1041%,0.001019,6685
69499.46,8305, , ,0.97798491,0.97900369,0.1041%,0.001019,6686
69503.758,8306, , ,0.97798491,0.97900369,0.1041%,0.001019,6687
69508.471,8307, ,* L  ,0.97798492,0.97900369,0.1041%,0.001019,6688
69513.645,8308, , ,0.97798492,0.97900369,0.1041%,0.001019,6689
69516.955,8309, ,* L  ,0.97798492,0.97900369,0.1041%,0.001019,6690
69521.626,8310, , ,0.97798492,0.97900369,0.1041%,0.001019,6691
69526.526,8311, , ,0.97798492,0.97900369,0.1041%,0.001019,6692
69531.296,8312, , ,0.97798492,0.97900369,0.1041%,0.001019,6693
69536.69,8313, ,* L  ,0.97798495,0.97900369,0.1041%,0.001019,6694
69542.505,8314, , ,0.97798495,0.97900369,0.1041%,0.001019,6695
69548.011,8315, ,* L  ,0.97798497,0.97900369,0.1041%,0.001019,6696
69553.352,8316, , ,0.97798497,0.97900369,0.1041%,0.001019,6697
69558.856,8317, ,* L  ,0.97798497,0.97900369,0.1041%,0.001019,6698
69562.238,8318, , ,0.97798497,0.97900369,0.1041%,0.001019,6699
69566.734,8319, , ,0.97798497,0.97900369,0.1041%,0.001019,6700
69570.569,8320, , ,0.97798497,0.97900369,0.1041%,0.001019,6701
69574.962,8321, ,* L  ,0.97798499,0.97900369,0.1041%,0.001019,6702
69580.544,8322, , ,0.97798499,0.97900369,0.1041%,0.001019,6703
69585.542,8323, ,* L  ,0.97798499,0.97900369,0.1041%,0.001019,6704
69590.066,8324, , ,0.97798499,0.97900369,0.1041%,0.001019,6705
69594.104,8325, , ,0.97798499,0.97900369,0.1041%,0.001019,6706
69598.553,8326, , ,0.97798499,0.97900369,0.1041%,0.001019,6707
69602.928,8327, ,* L  ,0.977985,0.97900369,0.1041%,0.001019,6708
69608.341,8328, , ,0.977985,0.97900369,0.1041%,0.001019,6709
69612.506,8329, ,* L  ,0.977985,0.97900369,0.1041%,0.001019,6710
69617.042,8330, , ,0.977985,0.97900369,0.1041%,0.001019,6711
69620.691,8331, , ,0.977985,0.97900369,0.1041%,0.001019,6712
69625.11,8332, , ,0.977985,0.97900369,0.1041%,0.001019,6713
69631.129,8333, ,* L  ,0.97798501,0.97900369,0.1041%,0.001019,6714
69636.916,8334, , ,0.97798501,0.97900369,0.1041%,0.001019,6715
69642.248,8335, ,* L  ,0.97798501,0.97900369,0.1041%,0.001019,6716
69647.951,8336, , ,0.97798501,0.97900369,0.1041%,0.001019,6717
69653.895,8337, ,* L  ,0.97798505,0.97900369,0.104%,0.001019,6718
69658.858,8338,Bound, ,0.97798505,0.97900369,0.104%,0.001019,6717
69662.614,8339,Bound, ,0.97798505,0.97900369,0.104%,0.001019,6716
69667.862,8340, , ,0.97798505,0.97900369,0.104%,0.001019,6717
69673.802,8341, ,* L  ,0.97798505,0.97900369,0.104%,0.001019,6718
69679.412,8342, , ,0.97798505,0.97900369,0.104%,0.001019,6719
69683.593,8343, , ,0.97798505,0.97900369,0.104%,0.001019,6720
69687.61,8344, , ,0.97798505,0.97900369,0.104%,0.001019,6721
69692.775,8345, ,* L  ,0.97798508,0.97900369,0.104%,0.001019,6722
69698.165,8346, , ,0.97798508,0.97900369,0.104%,0.001019,6723
69703.826,8347, ,* L  ,0.9779851,0.97900369,0.104%,0.001019,6724
69709.526,8348, , ,0.9779851,0.97900369,0.104%,0.001019,6725
69714.736,8349, ,* L  ,0.9779851,0.97900369,0.104%,0.001019,6726
69719.097,8350, , ,0.9779851,0.97900369,0.104%,0.001019,6727
69722.554,8351, , ,0.9779851,0.97900369,0.104%,0.001019,6728
69727.199,8352, , ,0.9779851,0.97900369,0.104%,0.001019,6729
69731.871,8353, ,* L  ,0.9779851,0.97900369,0.104%,0.001019,6730
69735.951,8354, , ,0.9779851,0.97900369,0.104%,0.001019,6731
69741.194,8355, ,* L  ,0.97798515,0.97900369,0.104%,0.001019,6732
69745.195,8356, , ,0.97798515,0.97900369,0.104%,0.001019,6733
69750.083,8357, ,* L  ,0.97798515,0.97900369,0.104%,0.001019,6734
69755.185,8358, , ,0.97798515,0.97900369,0.104%,0.001019,6735
69760.667,8359, , ,0.97798515,0.97900369,0.104%,0.001019,6736
69765.867,8360, , ,0.97798515,0.97900369,0.104%,0.001019,6737
69771.369,8361, ,* L  ,0.97798517,0.97900369,0.104%,0.001019,6738
69777.177,8362, , ,0.97798517,0.97900369,0.104%,0.001019,6739
69782.898,8363, ,* L  ,0.9779852,0.97900369,0.104%,0.001018,6740
69788.517,8364, , ,0.9779852,0.97900369,0.104%,0.001018,6741
69794.248,8365, ,* L  ,0.9779852,0.97900369,0.104%,0.001018,6742
69799.643,8366, , ,0.9779852,0.97900369,0.104%,0.001018,6743
69805.415,8367, , ,0.9779852,0.97900369,0.104%,0.001018,6744
69810.489,8368, , ,0.9779852,0.97900369,0.104%,0.001018,6745
69814.304,8369, ,* L  ,0.97798522,0.97900369,0.104%,0.001018,6746
69818.398,8370, , ,0.97798522,0.97900369,0.104%,0.001018,6747
69824.028,8371, ,* L  ,0.97798522,0.97900369,0.104%,0.001018,6748
69829.247,8372, , ,0.97798522,0.97900369,0.104%,0.001018,6749
69834.092,8373, , ,0.97798522,0.97900369,0.104%,0.001018,6750
69838.61,8374, , ,0.97798522,0.97900369,0.104%,0.001018,6751
69843.986,8375, ,* L  ,0.97798528,0.97900369,0.104%,0.001018,6752
69848.968,8376, , ,0.97798528,0.97900369,0.104%,0.001018,6753
69852.063,8377, ,* L  ,0.97798534,0.97900369,0.104%,0.001018,6754
69856.921,8378, , ,0.97798534,0.97900369,0.104%,0.001018,6755
69861.292,8379, ,* L  ,0.97798534,0.97900369,0.104%,0.001018,6756
69865.741,8380, , ,0.97798534,0.97900369,0.104%,0.001018,6757
69870.459,8381, , ,0.97798534,0.97900369,0.104%,0.001018,6758
69875.189,8382, , ,0.97798534,0.97900369,0.104%,0.001018,6759
69880.594,8383, ,* L  ,0.97798536,0.97900369,0.104%,0.001018,6760
69885.364,8384, , ,0.97798536,0.97900369,0.104%,0.001018,6761
69890.592,8385, ,* L  ,0.97798537,0.97900369,0.104%,0.001018,6762
69895.186,8386, , ,0.97798537,0.97900369,0.104%,0.001018,6763
69899.756,8387, ,* L  ,0.97798538,0.97900369,0.104%,0.001018,6764
69914.277,8388, , ,0.97798538,0.97900369,0.104%,0.001018,6765
69926.302,8389, , ,0.97798538,0.97900369,0.104%,0.001018,6766
69934.291,8390,Bound, ,0.97798538,0.97900369,0.104%,0.001018,6765
69939.428,8391, , ,0.97798538,0.97900369,0.104%,0.001018,6766
69948.187,8392,Bound, ,0.97798538,0.97900369,0.104%,0.001018,6765
69954.423,8393, , ,0.97798538,0.97900369,0.104%,0.001018,6766
69961.737,8394, , ,0.97798538,0.97900369,0.104%,0.001018,6767
69967.927,8395, , ,0.97798538,0.97900369,0.104%,0.001018,6768
69977.474,8396, , ,0.97798538,0.97900369,0.104%,0.001018,6769
69985.698,8397, , ,0.97798538,0.97900369,0.104%,0.001018,6770
69997.435,8398, , ,0.97798538,0.97900369,0.104%,0.001018,6771
70003.661,8399, , ,0.97798538,0.97900369,0.104%,0.001018,6772
70014.063,8400, , ,0.97798538,0.97900369,0.104%,0.001018,6773
70020.62,8401, , ,0.97798538,0.97900369,0.104%,0.001018,6774
70028.189,8402, , ,0.97798538,0.97900369,0.104%,0.001018,6775
70033.954,8403, , ,0.97798538,0.97900369,0.104%,0.001018,6776
70043.631,8404, , ,0.97798538,0.97900369,0.104%,0.001018,6777
70049.275,8405, , ,0.97798538,0.97900369,0.104%,0.001018,6778
70054.185,8406, , ,0.97798538,0.97900369,0.104%,0.001018,6779
70059.869,8407, , ,0.97798538,0.97900369,0.104%,0.001018,6780
70065.692,8408, , ,0.97798538,0.97900369,0.104%,0.001018,6781
70072.393,8409, , ,0.97798538,0.97900369,0.104%,0.001018,6782
70077.857,8410, , ,0.97798538,0.97900369,0.104%,0.001018,6783
70082.997,8411, , ,0.97798538,0.97900369,0.104%,0.001018,6784
70089.709,8412, , ,0.97798538,0.97900369,0.104%,0.001018,6785
70096.496,8413, , ,0.97798538,0.97900369,0.104%,0.001018,6786
70100.929,8414, , ,0.97798538,0.97900369,0.104%,0.001018,6787
70109.252,8415, , ,0.97798538,0.97900369,0.104%,0.001018,6788
70113.757,8416, , ,0.97798538,0.97900369,0.104%,0.001018,6789
70120.376,8417, , ,0.97798538,0.97900369,0.104%,0.001018,6790
70125.888,8418, , ,0.97798538,0.97900369,0.104%,0.001018,6791
70132.67,8419, , ,0.97798538,0.97900369,0.104%,0.001018,6792
70146.019,8420, , ,0.97798538,0.97900369,0.104%,0.001018,6793
70152.149,8421, , ,0.97798538,0.97900369,0.104%,0.001018,6794
70158.159,8422, , ,0.97798538,0.97900369,0.104%,0.001018,6795
70164.098,8423, , ,0.97798538,0.97900369,0.104%,0.001018,6796
70169.942,8424, , ,0.97798538,0.97900369,0.104%,0.001018,6797
70175.8,8425, , ,0.97798538,0.97900369,0.104%,0.001018,6798
70180.996,8426,Bound, ,0.97798538,0.97900369,0.104%,0.001018,6797
70186.308,8427, , ,0.97798538,0.97900369,0.104%,0.001018,6798
70190.998,8428,Bound, ,0.97798538,0.97900369,0.104%,0.001018,6797
70196.328,8429, , ,0.97798538,0.97900369,0.104%,0.001018,6798
70200.225,8430,Bound, ,0.97798538,0.97900369,0.104%,0.001018,6797
70205.747,8431, , ,0.97798538,0.97900369,0.104%,0.001018,6798
70208.438,8432,Bound, ,0.97798538,0.97900369,0.104%,0.001018,6797
70213.375,8433, ,* L  ,0.97798541,0.97900369,0.104%,0.001018,6798
70218.564,8434, , ,0.97798541,0.97900369,0.104%,0.001018,6799
70222.889,8435, ,* L  ,0.97798541,0.97900369,0.104%,0.001018,6800
70227.727,8436, , ,0.97798541,0.97900369,0.104%,0.001018,6801
70231.344,8437, , ,0.97798541,0.97900369,0.104%,0.001018,6802
70236.358,8438, , ,0.97798541,0.97900369,0.104%,0.001018,6803
70241.612,8439, ,* L  ,0.97798543,0.97900369,0.104%,0.001018,6804
70245.467,8440, , ,0.97798543,0.97900369,0.104%,0.001018,6805
70251.052,8441, ,* L  ,0.97798543,0.97900369,0.104%,0.001018,6806
70255.437,8442, , ,0.97798543,0.97900369,0.104%,0.001018,6807
70260.234,8443, , ,0.97798543,0.97900369,0.104%,0.001018,6808
70264.508,8444, , ,0.97798543,0.97900369,0.104%,0.001018,6809
70269.15,8445, ,* L  ,0.97798546,0.97900369,0.104%,0.001018,6810
70274.635,8446, , ,0.97798546,0.97900369,0.104%,0.001018,6811
70280.01,8447, ,* L  ,0.97798546,0.97900369,0.104%,0.001018,6812
70283.551,8448, , ,0.97798546,0.97900369,0.104%,0.001018,6813
70287.479,8449, , ,0.97798546,0.97900369,0.104%,0.001018,6814
70291.634,8450, , ,0.97798546,0.97900369,0.104%,0.001018,6815
70296.692,8451, ,* L  ,0.9779855,0.97900369,0.104%,0.001018,6816
70309.126,8452, , ,0.9779855,0.97900369,0.104%,0.001018,6817
70325.525,8453, , ,0.9779855,0.97900369,0.104%,0.001018,6818
70337.144,8454, , ,0.9779855,0.97900369,0.104%,0.001018,6819
70349.943,8455, , ,0.9779855,0.97900369,0.104%,0.001018,6820
70365.049,8456, , ,0.9779855,0.97900369,0.104%,0.001018,6821
70378.588,8457, , ,0.9779855,0.97900369,0.104%,0.001018,6822
70387.282,8458,Bound, ,0.9779855,0.97900369,0.104%,0.001018,6821
70394.761,8459, , ,0.9779855,0.97900369,0.104%,0.001018,6822
70404.366,8460,Bound, ,0.9779855,0.97900369,0.104%,0.001018,6821
70412.723,8461, , ,0.9779855,0.97900369,0.104%,0.001018,6822
70430.665,8462, , ,0.9779855,0.97900369,0.104%,0.001018,6823
70445.974,8463, , ,0.9779855,0.97900369,0.104%,0.001018,6824
70456.747,8464, , ,0.9779855,0.97900369,0.104%,0.001018,6825
70468.26,8465, , ,0.9779855,0.97900369,0.104%,0.001018,6826
70472.804,8466, , ,0.9779855,0.97900369,0.104%,0.001018,6827
70477.714,8467, , ,0.9779855,0.97900369,0.104%,0.001018,6828
70485.421,8468, , ,0.9779855,0.97900369,0.104%,0.001018,6829
70490.504,8469, , ,0.9779855,0.97900369,0.104%,0.001018,6830
70498.319,8470,Bound, ,0.9779855,0.97900369,0.104%,0.001018,6829
70504.014,8471, , ,0.9779855,0.97900369,0.104%,0.001018,6830
70512.83,8472,Bound, ,0.9779855,0.97900369,0.104%,0.001018,6829
70519.365,8473, , ,0.9779855,0.97900369,0.104%,0.001018,6830
70526.179,8474,Bound, ,0.9779855,0.97900369,0.104%,0.001018,6829
70532.8,8475, , ,0.9779855,0.97900369,0.104%,0.001018,6830
70548.316,8476, , ,0.9779855,0.97900369,0.104%,0.001018,6831
70560.672,8477, , ,0.9779855,0.97900369,0.104%,0.001018,6832
70566.457,8478, , ,0.9779855,0.97900369,0.104%,0.001018,6833
70574.807,8479, , ,0.9779855,0.97900369,0.104%,0.001018,6834
70579.982,8480, , ,0.9779855,0.97900369,0.104%,0.001018,6835
70584.253,8481, , ,0.9779855,0.97900369,0.104%,0.001018,6836
70589.868,8482, , ,0.9779855,0.97900369,0.104%,0.001018,6837
70596.528,8483, , ,0.9779855,0.97900369,0.104%,0.001018,6838
70604.766,8484, , ,0.9779855,0.97900369,0.104%,0.001018,6839
70610.949,8485, , ,0.9779855,0.97900369,0.104%,0.001018,6840
70618.084,8486, , ,0.9779855,0.97900369,0.104%,0.001018,6841
70623.729,8487, , ,0.9779855,0.97900369,0.104%,0.001018,6842
70627.853,8488, , ,0.9779855,0.97900369,0.104%,0.001018,6843
70633.609,8489, , ,0.9779855,0.97900369,0.104%,0.001018,6844
70644.399,8490, , ,0.9779855,0.97900369,0.104%,0.001018,6845
70650.886,8491, , ,0.9779855,0.97900369,0.104%,0.001018,6846
70656.172,8492, , ,0.9779855,0.97900369,0.104%,0.001018,6847
70661.416,8493, , ,0.9779855,0.97900369,0.104%,0.001018,6848
70666.783,8494, , ,0.9779855,0.97900369,0.104%,0.001018,6849
70672.729,8495, , ,0.9779855,0.97900369,0.104%,0.001018,6850
70682.613,8496, , ,0.9779855,0.97900369,0.104%,0.001018,6851
70687.866,8497, , ,0.9779855,0.97900369,0.104%,0.001018,6852
70693.623,8498, , ,0.9779855,0.97900369,0.104%,0.001018,6853
70699.675,8499, , ,0.9779855,0.97900369,0.104%,0.001018,6854
70704.8,8500,Bound, ,0.9779855,0.97900369,0.104%,0.001018,6853
70710.629,8501, , ,0.9779855,0.97900369,0.104%,0.001018,6854
70716.806,8502, , ,0.9779855,0.97900369,0.104%,0.001018,6855
70722.289,8503, , ,0.9779855,0.97900369,0.104%,0.001018,6856
70727.389,8504, , ,0.9779855,0.97900369,0.104%,0.001018,6857
70736.201,8505, , ,0.9779855,0.97900369,0.104%,0.001018,6858
70741.523,8506, , ,0.9779855,0.97900369,0.104%,0.001018,6859
70746.879,8507, , ,0.9779855,0.97900369,0.104%,0.001018,6860
70751.925,8508, , ,0.9779855,0.97900369,0.104%,0.001018,6861
70756.071,8509,Bound, ,0.9779855,0.97900369,0.104%,0.001018,6860
70761.565,8510, , ,0.9779855,0.97900369,0.104%,0.001018,6861
70767.252,8511, , ,0.9779855,0.97900369,0.104%,0.001018,6862
70772.927,8512, , ,0.9779855,0.97900369,0.104%,0.001018,6863
70778.325,8513, , ,0.9779855,0.97900369,0.104%,0.001018,6864
70782.493,8514, , ,0.9779855,0.97900369,0.104%,0.001018,6865
70788.281,8515, , ,0.9779855,0.97900369,0.104%,0.001018,6866
70794.495,8516, , ,0.9779855,0.97900369,0.104%,0.001018,6867
70800.519,8517, , ,0.9779855,0.97900369,0.104%,0.001018,6868
70805.815,8518, , ,0.9779855,0.97900369,0.104%,0.001018,6869
70810.146,8519,Bound, ,0.9779855,0.97900369,0.104%,0.001018,6868
70815.146,8520, , ,0.9779855,0.97900369,0.104%,0.001018,6869
70819.533,8521,Bound, ,0.9779855,0.97900369,0.104%,0.001018,6868
70824.646,8522, , ,0.9779855,0.97900369,0.104%,0.001018,6869
70829.615,8523,Bound, ,0.9779855,0.97900369,0.104%,0.001018,6868
70835.167,8524, , ,0.9779855,0.97900369,0.104%,0.001018,6869
70841.212,8525, , ,0.9779855,0.97900369,0.104%,0.001018,6870
70847.008,8526, , ,0.9779855,0.97900369,0.104%,0.001018,6871
70852.409,8527, , ,0.9779855,0.97900369,0.104%,0.001018,6872
70857.336,8528, , ,0.9779855,0.97900369,0.104%,0.001018,6873
70862.321,8529,Bound, ,0.9779855,0.97900369,0.104%,0.001018,6872
70867.339,8530, , ,0.9779855,0.97900369,0.104%,0.001018,6873
70871.996,8531,Bound, ,0.9779855,0.97900369,0.104%,0.001018,6872
70876.057,8532, , ,0.9779855,0.97900369,0.104%,0.001018,6873
70880.995,8533,Bound, ,0.9779855,0.97900369,0.104%,0.001018,6872
70887.374,8534, , ,0.9779855,0.97900369,0.104%,0.001018,6873
70893.359,8535, , ,0.9779855,0.97900369,0.104%,0.001018,6874
70908.997,8536, , ,0.9779855,0.97900369,0.104%,0.001018,6875
70915.038,8537, , ,0.9779855,0.97900369,0.104%,0.001018,6876
70921.389,8538, , ,0.9779855,0.97900369,0.104%,0.001018,6877
70930.309,8539, , ,0.9779855,0.97900369,0.104%,0.001018,6878
70936.687,8540, , ,0.9779855,0.97900369,0.104%,0.001018,6879
70942.793,8541,Bound, ,0.9779855,0.97900369,0.104%,0.001018,6878
70948.327,8542,Bound, ,0.9779855,0.97900369,0.104%,0.001018,6877
70953.252,8543, , ,0.9779855,0.97900369,0.104%,0.001018,6878
70958.506,8544, , ,0.9779855,0.97900369,0.104%,0.001018,6879
70970.527,8545, , ,0.9779855,0.97900369,0.104%,0.001018,6880
70986.941,8546, , ,0.9779855,0.97900369,0.104%,0.001018,6881
70992.868,8547, , ,0.9779855,0.97900369,0.104%,0.001018,6882
70999.712,8548, , ,0.9779855,0.97900369,0.104%,0.001018,6883
71005.975,8549, , ,0.9779855,0.97900369,0.104%,0.001018,6884
71010.962,8550,Bound, ,0.9779855,0.97900369,0.104%,0.001018,6883
71016.708,8551, , ,0.9779855,0.97900369,0.104%,0.001018,6884
71023.42,8552, , ,0.9779855,0.97900369,0.104%,0.001018,6885
71028.414,8553,Bound, ,0.9779855,0.97900369,0.104%,0.001018,6884
71034.388,8554, , ,0.9779855,0.97900369,0.104%,0.001018,6885
71045.269,8555, , ,0.9779855,0.97900369,0.104%,0.001018,6886
71050.812,8556, , ,0.9779855,0.97900369,0.104%,0.001018,6887
71056.654,8557, , ,0.9779855,0.97900369,0.104%,0.001018,6888
71063.864,8558, , ,0.9779855,0.97900369,0.104%,0.001018,6889
71072.079,8559,Bound, ,0.9779855,0.97900369,0.104%,0.001018,6888
71080.443,8560, , ,0.9779855,0.97900369,0.104%,0.001018,6889
71085.298,8561, , ,0.9779855,0.97900369,0.104%,0.001018,6890
71089.483,8562,Bound, ,0.9779855,0.97900369,0.104%,0.001018,6889
71099.904,8563, , ,0.9779855,0.97900369,0.104%,0.001018,6890
71103.863,8564, , ,0.9779855,0.97900369,0.104%,0.001018,6891
71109.199,8565, , ,0.9779855,0.97900369,0.104%,0.001018,6892
71117.014,8566, , ,0.9779855,0.97900369,0.104%,0.001018,6893
71122.353,8567, , ,0.9779855,0.97900369,0.104%,0.001018,6894
71128.285,8568, , ,0.9779855,0.97900369,0.104%,0.001018,6895
71134.046,8569, , ,0.9779855,0.97900369,0.104%,0.001018,6896
71139.146,8570, , ,0.9779855,0.97900369,0.104%,0.001018,6897
71149.812,8571, , ,0.9779855,0.97900369,0.104%,0.001018,6898
71153.908,8572,Bound, ,0.9779855,0.97900369,0.104%,0.001018,6897
71158.572,8573, , ,0.9779855,0.97900369,0.104%,0.001018,6898
71165.421,8574, , ,0.9779855,0.97900369,0.104%,0.001018,6899
71170.857,8575, , ,0.9779855,0.97900369,0.104%,0.001018,6900
71176.798,8576, , ,0.9779855,0.97900369,0.104%,0.001018,6901
71181.407,8577, , ,0.9779855,0.97900369,0.104%,0.001018,6902
71187.113,8578, , ,0.9779855,0.97900369,0.104%,0.001018,6903
71192.183,8579, , ,0.9779855,0.97900369,0.104%,0.001018,6904
71196.753,8580,Bound, ,0.9779855,0.97900369,0.104%,0.001018,6903
71203.145,8581, , ,0.9779855,0.97900369,0.104%,0.001018,6904
71208.827,8582, , ,0.9779855,0.97900369,0.104%,0.001018,6905
71215.742,8583, , ,0.9779855,0.97900369,0.104%,0.001018,6906
71222.257,8584, , ,0.9779855,0.97900369,0.104%,0.001018,6907
71228.133,8585, , ,0.9779855,0.97900369,0.104%,0.001018,6908
71232.656,8586, , ,0.9779855,0.97900369,0.104%,0.001018,6909
71237.055,8587, , ,0.9779855,0.97900369,0.104%,0.001018,6910
71241.695,8588, , ,0.9779855,0.97900369,0.104%,0.001018,6911
71245.997,8589, , ,0.9779855,0.97900369,0.104%,0.001018,6912
71250.429,8590,Bound, ,0.9779855,0.97900369,0.104%,0.001018,6911
71254.402,8591, ,* L  ,0.97798555,0.97900369,0.104%,0.001018,6912
71259.469,8592, , ,0.97798555,0.97900369,0.104%,0.001018,6913
71264.502,8593, ,* L  ,0.97798555,0.97900369,0.104%,0.001018,6914
71269.178,8594, , ,0.97798555,0.97900369,0.104%,0.001018,6915
71274.113,8595, , ,0.97798555,0.97900369,0.104%,0.001018,6916
71279.029,8596, , ,0.97798555,0.97900369,0.104%,0.001018,6917
71284.383,8597, ,* L  ,0.97798559,0.97900369,0.104%,0.001018,6918
71288.746,8598,Bound, ,0.97798559,0.97900369,0.104%,0.001018,6917
71294.104,8599, ,* L  ,0.97798564,0.97900369,0.104%,0.001018,6918
71299.219,8600, , ,0.97798564,0.97900369,0.104%,0.001018,6919
71304.74,8601, ,* L  ,0.97798568,0.97900369,0.104%,0.001018,6920
71308.602,8602, , ,0.97798568,0.97900369,0.104%,0.001018,6921
71313.516,8603,Bound,* L  ,0.97798571,0.97900369,0.104%,0.001018,6920
71317.035,8604, , ,0.97798571,0.97900369,0.104%,0.001018,6921
71319.976,8605, ,* L  ,0.97798571,0.97900369,0.104%,0.001018,6922
71324.051,8606, , ,0.97798571,0.97900369,0.104%,0.001018,6923
71327.484,8607, , ,0.97798571,0.97900369,0.104%,0.001018,6924
71331.514,8608, , ,0.97798571,0.97900369,0.104%,0.001018,6925
71337.344,8609, ,* L  ,0.97798608,0.97900369,0.1039%,0.001018,6926
71342.599,8610, , ,0.97798608,0.97900369,0.1039%,0.001018,6927
71348.219,8611, ,* L  ,0.97798612,0.97900369,0.1039%,0.001018,6928
71353.943,8612, , ,0.97798612,0.97900369,0.1039%,0.001018,6929
71359.192,8613, ,* L  ,0.97798618,0.97900369,0.1039%,0.001018,6930
71364.112,8614,Bound, ,0.97798618,0.97900369,0.1039%,0.001018,6929
71367.148,8615, ,* L  ,0.97798646,0.97900369,0.1039%,0.001017,6930
71371.954,8616, , ,0.97798646,0.97900369,0.1039%,0.001017,6931
71376.567,8617, ,* L  ,0.97798651,0.97900369,0.1039%,0.001017,6932
71380.447,8618, , ,0.97798651,0.97900369,0.1039%,0.001017,6933
71385.162,8619, ,* L  ,0.97798653,0.97900369,0.1039%,0.001017,6934
71390.451,8620, , ,0.97798653,0.97900369,0.1039%,0.001017,6935
71395.207,8621, ,* L  ,0.97798656,0.97900369,0.1039%,0.001017,6936
71398.282,8622, , ,0.97798656,0.97900369,0.1039%,0.001017,6937
71402.686,8623, ,* L  ,0.97798656,0.97900369,0.1039%,0.001017,6938
71407.152,8624, , ,0.97798656,0.97900369,0.1039%,0.001017,6939
71411.902,8625, , ,0.97798656,0.97900369,0.1039%,0.001017,6940
71415.351,8626, , ,0.97798656,0.97900369,0.1039%,0.001017,6941
71418.922,8627, ,* L  ,0.97798657,0.97900369,0.1039%,0.001017,6942
71422.187,8628, , ,0.97798657,0.97900369,0.1039%,0.001017,6943
71425.78,8629, ,* L  ,0.97798657,0.97900369,0.1039%,0.001017,6944
71430.454,8630, , ,0.97798657,0.97900369,0.1039%,0.001017,6945
71435.464,8631, , ,0.97798657,0.97900369,0.1039%,0.001017,6946
71439.414,8632, , ,0.97798657,0.97900369,0.1039%,0.001017,6947
71443.955,8633, ,* L  ,0.97798686,0.97900369,0.1039%,0.001017,6948
71447.728,8634, , ,0.97798686,0.97900369,0.1039%,0.001017,6949
71452.065,8635, ,* L  ,0.97798686,0.97900369,0.1039%,0.001017,6950
71456.822,8636, , ,0.97798686,0.97900369,0.1039%,0.001017,6951
71460.281,8637, , ,0.97798686,0.97900369,0.1039%,0.001017,6952
71464.894,8638, , ,0.97798686,0.97900369,0.1039%,0.001017,6953
71469.188,8639, ,* L  ,0.97798695,0.97900369,0.1039%,0.001017,6954
71472.126,8640, , ,0.97798695,0.97900369,0.1039%,0.001017,6955
71477.448,8641, ,* L  ,0.97798695,0.97900369,0.1039%,0.001017,6956
71480.789,8642, , ,0.97798695,0.97900369,0.1039%,0.001017,6957
71485.038,8643, , ,0.97798695,0.97900369,0.1039%,0.001017,6958
71489.84,8644, , ,0.97798695,0.97900369,0.1039%,0.001017,6959
71494.709,8645, ,* L  ,0.97798697,0.97900369,0.1039%,0.001017,6960
71500.096,8646, , ,0.97798697,0.97900369,0.1039%,0.001017,6961
71504.411,8647, , ,0.97798697,0.97900369,0.1039%,0.001017,6962
71507.517,8648,Bound, ,0.97798697,0.97900369,0.1039%,0.001017,6961
71510.96,8649,Bound,* L  ,0.97798737,0.97900369,0.1038%,0.001016,6960
71516.215,8650, , ,0.97798737,0.97900369,0.1038%,0.001016,6961
71521.473,8651, ,* L  ,0.9779875,0.97900369,0.1038%,0.001016,6962
71526.114,8652, , ,0.9779875,0.97900369,0.1038%,0.001016,6963
71529.813,8653,Bound, ,0.9779875,0.97900369,0.1038%,0.001016,6962
71535.168,8654, , ,0.9779875,0.97900369,0.1038%,0.001016,6963
71539.971,8655,Bound,* L  ,0.97798751,0.97900369,0.1038%,0.001016,6962
71545.644,8656, , ,0.97798751,0.97900369,0.1038%,0.001016,6963
71550.964,8657,Bound, ,0.97798751,0.97900369,0.1038%,0.001016,6962
71556.847,8658, , ,0.97798751,0.97900369,0.1038%,0.001016,6963
71561.914,8659,Bound,* L  ,0.97798763,0.97900369,0.1038%,0.001016,6962
71567.424,8660, , ,0.97798763,0.97900369,0.1038%,0.001016,6963
71573.284,8661, ,* L  ,0.97798771,0.97900369,0.1038%,0.001016,6964
71578.742,8662, , ,0.97798771,0.97900369,0.1038%,0.001016,6965
71584.826,8663, , ,0.97798771,0.97900369,0.1038%,0.001016,6966
71588.212,8664, , ,0.97798771,0.97900369,0.1038%,0.001016,6967
71592.591,8665, ,* L  ,0.97798782,0.97900369,0.1038%,0.001016,6968
71597.295,8666,Bound, ,0.97798782,0.97900369,0.1038%,0.001016,6967
71601.673,8667, ,* L  ,0.9779879,0.97900369,0.1038%,0.001016,6968
71605.937,8668, , ,0.9779879,0.97900369,0.1038%,0.001016,6969
71608.836,8669, ,* L  ,0.9779879,0.97900369,0.1038%,0.001016,6970
71612.307,8670, , ,0.9779879,0.97900369,0.1038%,0.001016,6971
71617.373,8671, , ,0.9779879,0.97900369,0.1038%,0.001016,6972
71621.547,8672, , ,0.9779879,0.97900369,0.1038%,0.001016,6973
71625.832,8673, ,* L  ,0.97798809,0.97900369,0.1037%,0.001016,6974
71640.239,8674, , ,0.97798809,0.97900369,0.1037%,0.001016,6975
71656.613,8675, , ,0.97798809,0.97900369,0.1037%,0.001016,6976
71670.956,8676, , ,0.97798809,0.97900369,0.1037%,0.001016,6977
71682.214,8677, , ,0.97798809,0.97900369,0.1037%,0.001016,6978
71693.431,8678, , ,0.97798809,0.97900369,0.1037%,0.001016,6979
71703.912,8679, , ,0.97798809,0.97900369,0.1037%,0.001016,6980
71714.786,8680, , ,0.97798809,0.97900369,0.1037%,0.001016,6981
71729.802,8681, , ,0.97798809,0.97900369,0.1037%,0.001016,6982
71747.634,8682, , ,0.97798809,0.97900369,0.1037%,0.001016,6983
71761.661,8683, , ,0.97798809,0.97900369,0.1037%,0.001016,6984
71769.111,8684,Bound, ,0.97798809,0.97900369,0.1037%,0.001016,6983
71773.901,8685, , ,0.97798809,0.97900369,0.1037%,0.001016,6984
71782.543,8686,Bound, ,0.97798809,0.97900369,0.1037%,0.001016,6983
71790.063,8687, , ,0.97798809,0.97900369,0.1037%,0.001016,6984
71805.826,8688, , ,0.97798809,0.97900369,0.1037%,0.001016,6985
71821.175,8689, , ,0.97798809,0.97900369,0.1037%,0.001016,6986
71836.825,8690, , ,0.97798809,0.97900369,0.1037%,0.001016,6987
71852.588,8691, , ,0.97798809,0.97900369,0.1037%,0.001016,6988
71861.72,8692, , ,0.97798809,0.97900369,0.1037%,0.001016,6989
71867.89,8693, , ,0.97798809,0.97900369,0.1037%,0.001016,6990
71873.303,8694, , ,0.97798809,0.97900369,0.1037%,0.001016,6991
71878.371,8695, , ,0.97798809,0.97900369,0.1037%,0.001016,6992
71895.473,8696, , ,0.97798809,0.97900369,0.1037%,0.001016,6993
71908.34,8697, , ,0.97798809,0.97900369,0.1037%,0.001016,6994
71916.813,8698, , ,0.97798809,0.97900369,0.1037%,0.001016,6995
71922.852,8699, , ,0.97798809,0.97900369,0.1037%,0.001016,6996
71926.369,8700, , ,0.97798809,0.97900369,0.1037%,0.001016,6997
71931.46,8701, , ,0.97798809,0.97900369,0.1037%,0.001016,6998
71937.267,8702, , ,0.97798809,0.97900369,0.1037%,0.001016,6999
71943.108,8703, , ,0.97798809,0.97900369,0.1037%,0.001016,7000
71948.511,8704, , ,0.97798809,0.97900369,0.1037%,0.001016,7001
71955.969,8705,Bound, ,0.97798809,0.97900369,0.1037%,0.001016,7000
71962.783,8706, , ,0.97798809,0.97900369,0.1037%,0.001016,7001
71970.244,8707,Bound, ,0.97798809,0.97900369,0.1037%,0.001016,7000
71975.029,8708, , ,0.97798809,0.97900369,0.1037%,0.001016,7001
71980.817,8709, , ,0.97798809,0.97900369,0.1037%,0.001016,7002
71987.426,8710, , ,0.97798809,0.97900369,0.1037%,0.001016,7003
71992.57,8711, , ,0.97798809,0.97900369,0.1037%,0.001016,7004
71997.785,8712, , ,0.97798809,0.97900369,0.1037%,0.001016,7005
72002.726,8713, , ,0.97798809,0.97900369,0.1037%,0.001016,7006
72007.486,8714, , ,0.97798809,0.97900369,0.1037%,0.001016,7007
72013.284,8715, , ,0.97798809,0.97900369,0.1037%,0.001016,7008
72019.456,8716, , ,0.97798809,0.97900369,0.1037%,0.001016,7009
72026.951,8717, , ,0.97798809,0.97900369,0.1037%,0.001016,7010
72034.235,8718, , ,0.97798809,0.97900369,0.1037%,0.001016,7011
72040.595,8719, , ,0.97798809,0.97900369,0.1037%,0.001016,7012
72046.245,8720, , ,0.97798809,0.97900369,0.1037%,0.001016,7013
72052.038,8721, , ,0.97798809,0.97900369,0.1037%,0.001016,7014
72058.027,8722, , ,0.97798809,0.97900369,0.1037%,0.001016,7015
72064.082,8723, , ,0.97798809,0.97900369,0.1037%,0.001016,7016
72071.4,8724, , ,0.97798809,0.97900369,0.1037%,0.001016,7017
72076.807,8725, , ,0.97798809,0.97900369,0.1037%,0.001016,7018
72083.928,8726, , ,0.97798809,0.97900369,0.1037%,0.001016,7019
72090.738,8727, , ,0.97798809,0.97900369,0.1037%,0.001016,7020
72094.532,8728,Bound, ,0.97798809,0.97900369,0.1037%,0.001016,7019
72098.663,8729, , ,0.97798809,0.97900369,0.1037%,0.001016,7020
72103.587,8730,Bound, ,0.97798809,0.97900369,0.1037%,0.001016,7019
72109.161,8731, , ,0.97798809,0.97900369,0.1037%,0.001016,7020
72117.168,8732, , ,0.97798809,0.97900369,0.1037%,0.001016,7021
72125.545,8733, , ,0.97798809,0.97900369,0.1037%,0.001016,7022
72133.854,8734, , ,0.97798809,0.97900369,0.1037%,0.001016,7023
72142.28,8735, , ,0.97798809,0.97900369,0.1037%,0.001016,7024
72148.546,8736, , ,0.97798809,0.97900369,0.1037%,0.001016,7025
72157.604,8737, , ,0.97798809,0.97900369,0.1037%,0.001016,7026
72165.92,8738, , ,0.97798809,0.97900369,0.1037%,0.001016,7027
72177.472,8739, , ,0.97798809,0.97900369,0.1037%,0.001016,7028
72184.023,8740, , ,0.97798809,0.97900369,0.1037%,0.001016,7029
72189.787,8741, , ,0.97798809,0.97900369,0.1037%,0.001016,7030
72196.675,8742, , ,0.97798809,0.97900369,0.1037%,0.001016,7031
72202.753,8743, , ,0.97798809,0.97900369,0.1037%,0.001016,7032
72210.498,8744, , ,0.97798809,0.97900369,0.1037%,0.001016,7033
72216.371,8745, , ,0.97798809,0.97900369,0.1037%,0.001016,7034
72223.587,8746, , ,0.97798809,0.97900369,0.1037%,0.001016,7035
72230.049,8747, , ,0.97798809,0.97900369,0.1037%,0.001016,7036
72234.186,8748, , ,0.97798809,0.97900369,0.1037%,0.001016,7037
72238.626,8749,Bound, ,0.97798809,0.97900369,0.1037%,0.001016,7036
72244.244,8750, , ,0.97798809,0.97900369,0.1037%,0.001016,7037
72248.373,8751,Bound, ,0.97798809,0.97900369,0.1037%,0.001016,7036
72255.055,8752, , ,0.97798809,0.97900369,0.1037%,0.001016,7037
72260.947,8753, , ,0.97798809,0.97900369,0.1037%,0.001016,7038
72266.856,8754, , ,0.97798809,0.97900369,0.1037%,0.001016,7039
72273.717,8755, , ,0.97798809,0.97900369,0.1037%,0.001016,7040
72280.387,8756, , ,0.97798809,0.97900369,0.1037%,0.001016,7041
72285.355,8757,Bound, ,0.97798809,0.97900369,0.1037%,0.001016,7040
72289.754,8758, , ,0.97798809,0.97900369,0.1037%,0.001016,7041
72293.231,8759,Bound,* L  ,0.97798809,0.97900369,0.1037%,0.001016,7040
72299.517,8760, , ,0.97798809,0.97900369,0.1037%,0.001016,7041
72303.664,8761, ,* L  ,0.97798832,0.97900369,0.1037%,0.001015,7042
72308.631,8762, , ,0.97798832,0.97900369,0.1037%,0.001015,7043
72313.316,8763, ,* L  ,0.97798917,0.97900369,0.1036%,0.001015,7044
72317.633,8764,Bound, ,0.97798917,0.97900369,0.1036%,0.001015,7043
72322.586,8765, ,* L  ,0.97798957,0.97900369,0.1036%,0.001014,7044
72340.0,8766, , ,0.97798957,0.97900369,0.1036%,0.001014,7045
72353.171,8767, , ,0.97798957,0.97900369,0.1036%,0.001014,7046
72362.292,8768,Bound, ,0.97798957,0.97900369,0.1036%,0.001014,7045
72370.779,8769, , ,0.97798957,0.97900369,0.1036%,0.001014,7046
72380.123,8770,Bound, ,0.97798957,0.97900369,0.1036%,0.001014,7045
72388.462,8771, , ,0.97798957,0.97900369,0.1036%,0.001014,7046
72397.983,8772, , ,0.97798957,0.97900369,0.1036%,0.001014,7047
72405.21,8773, , ,0.97798957,0.97900369,0.1036%,0.001014,7048
72415.975,8774, , ,0.97798957,0.97900369,0.1036%,0.001014,7049
72423.009,8775, , ,0.97798957,0.97900369,0.1036%,0.001014,7050
72438.055,8776, , ,0.97798957,0.97900369,0.1036%,0.001014,7051
72444.602,8777, , ,0.97798957,0.97900369,0.1036%,0.001014,7052
72454.657,8778, , ,0.97798957,0.97900369,0.1036%,0.001014,7053
72461.382,8779, , ,0.97798957,0.97900369,0.1036%,0.001014,7054
72467.375,8780, , ,0.97798957,0.97900369,0.1036%,0.001014,7055
72472.743,8781, , ,0.97798957,0.97900369,0.1036%,0.001014,7056
72479.373,8782, , ,0.97798957,0.97900369,0.1036%,0.001014,7057
72489.611,8783, , ,0.97798957,0.97900369,0.1036%,0.001014,7058
72496.428,8784, , ,0.97798957,0.97900369,0.1036%,0.001014,7059
72503.222,8785, , ,0.97798957,0.97900369,0.1036%,0.001014,7060
72508.964,8786, , ,0.97798957,0.97900369,0.1036%,0.001014,7061
72514.812,8787, , ,0.97798957,0.97900369,0.1036%,0.001014,7062
72520.578,8788, , ,0.97798957,0.97900369,0.1036%,0.001014,7063
72526.754,8789, , ,0.97798957,0.97900369,0.1036%,0.001014,7064
72531.928,8790,Bound, ,0.97798957,0.97900369,0.1036%,0.001014,7063
72537.351,8791, ,* L  ,0.97798957,0.97900369,0.1036%,0.001014,7064
72541.101,8792, , ,0.97798957,0.97900369,0.1036%,0.001014,7065
72546.758,8793, , ,0.97798957,0.97900369,0.1036%,0.001014,7066
72551.787,8794, , ,0.97798957,0.97900369,0.1036%,0.001014,7067
72557.049,8795, ,* L  ,0.97798959,0.97900369,0.1036%,0.001014,7068
72563.237,8796, , ,0.97798959,0.97900369,0.1036%,0.001014,7069
72568.98,8797, ,* L  ,0.97798987,0.97900369,0.1036%,0.001014,7070
72574.805,8798, , ,0.97798987,0.97900369,0.1036%,0.001014,7071
72580.475,8799, ,* L  ,0.97799011,0.97900369,0.1035%,0.001014,7072
72586.084,8800, , ,0.97799011,0.97900369,0.1035%,0.001014,7073
72592.104,8801, ,* L  ,0.97799066,0.97900369,0.1035%,0.001013,7074
72597.823,8802, , ,0.97799066,0.97900369,0.1035%,0.001013,7075
72602.741,8803,Bound,* L  ,0.97799074,0.97900369,0.1035%,0.001013,7074
72618.287,8804, , ,0.97799074,0.97900369,0.1035%,0.001013,7075
72633.906,8805, , ,0.97799074,0.97900369,0.1035%,0.001013,7076
72642.724,8806,Bound, ,0.97799074,0.97900369,0.1035%,0.001013,7075
72649.865,8807, , ,0.97799074,0.97900369,0.1035%,0.001013,7076
72658.433,8808,Bound, ,0.97799074,0.97900369,0.1035%,0.001013,7075
72664.833,8809, , ,0.97799074,0.97900369,0.1035%,0.001013,7076
72670.871,8810, , ,0.97799074,0.97900369,0.1035%,0.001013,7077
72675.746,8811, , ,0.97799074,0.97900369,0.1035%,0.001013,7078
72685.632,8812, , ,0.97799074,0.97900369,0.1035%,0.001013,7079
72692.445,8813, , ,0.97799074,0.97900369,0.1035%,0.001013,7080
72700.705,8814, , ,0.97799074,0.97900369,0.1035%,0.001013,7081
72706.729,8815, , ,0.97799074,0.97900369,0.1035%,0.001013,7082
72713.912,8816, , ,0.97799074,0.97900369,0.1035%,0.001013,7083
72717.982,8817, , ,0.97799074,0.97900369,0.1035%,0.001013,7084
72722.843,8818, , ,0.97799074,0.97900369,0.1035%,0.001013,7085
72728.834,8819, , ,0.97799074,0.97900369,0.1035%,0.001013,7086
72735.373,8820, , ,0.97799074,0.97900369,0.1035%,0.001013,7087
72742.32,8821, ,* L  ,0.97799102,0.97900369,0.1034%,0.001013,7088
72748.127,8822, , ,0.97799102,0.97900369,0.1034%,0.001013,7089
72753.697,8823, ,* L  ,0.97799116,0.97900369,0.1034%,0.001013,7090
72758.721,8824,Bound, ,0.97799116,0.97900369,0.1034%,0.001013,7089
72764.317,8825, , ,0.97799116,0.97900369,0.1034%,0.001013,7090
72768.757,8826,Bound, ,0.97799116,0.97900369,0.1034%,0.001013,7089
72773.845,8827, ,* L  ,0.97799154,0.97900369,0.1034%,0.001012,7090
72788.473,8828, , ,0.97799154,0.97900369,0.1034%,0.001012,7091
72799.76,8829, ,* L  ,0.97799156,0.97900369,0.1034%,0.001012,7092
72803.726,8830,Bound, ,0.97799156,0.97900369,0.1034%,0.001012,7091
72808.171,8831, ,* L  ,0.97799158,0.97900369,0.1034%,0.001012,7092
72812.562,8832,Bound, ,0.97799158,0.97900369,0.1034%,0.001012,7091
72817.251,8833, ,* L  ,0.97799161,0.97900369,0.1034%,0.001012,7092
72822.643,8834, , ,0.97799161,0.97900369,0.1034%,0.001012,7093
72828.102,8835, ,* L  ,0.97799167,0.97900369,0.1034%,0.001012,7094
72832.807,8836, , ,0.97799167,0.97900369,0.1034%,0.001012,7095
72836.964,8837, ,* L  ,0.97799167,0.97900369,0.1034%,0.001012,7096
72841.575,8838, , ,0.97799167,0.97900369,0.1034%,0.001012,7097
72845.473,8839, , ,0.97799167,0.97900369,0.1034%,0.001012,7098
72848.954,8840, , ,0.97799167,0.97900369,0.1034%,0.001012,7099
72853.026,8841, ,* L  ,0.97799202,0.97900369,0.1033%,0.001012,7100
72856.439,8842, , ,0.97799202,0.97900369,0.1033%,0.001012,7101
72859.174,8843, ,* L  ,0.97799202,0.97900369,0.1033%,0.001012,7102
72864.083,8844, , ,0.97799202,0.97900369,0.1033%,0.001012,7103
72868.542,8845, , ,0.97799202,0.97900369,0.1033%,0.001012,7104
72872.476,8846, , ,0.97799202,0.97900369,0.1033%,0.001012,7105
72877.428,8847, ,* L  ,0.97799203,0.97900369,0.1033%,0.001012,7106
72882.347,8848, , ,0.97799203,0.97900369,0.1033%,0.001012,7107
72887.921,8849, ,* L  ,0.97799241,0.97900369,0.1033%,0.001011,7108
72893.815,8850, , ,0.97799241,0.97900369,0.1033%,0.001011,7109
72899.525,8851, ,* L  ,0.97799261,0.97900369,0.1033%,0.001011,7110
72904.885,8852, , ,0.97799261,0.97900369,0.1033%,0.001011,7111
72909.687,8853,Bound, ,0.97799261,0.97900369,0.1033%,0.001011,7110
72915.094,8854, , ,0.97799261,0.97900369,0.1033%,0.001011,7111
72919.932,8855,Bound,* L  ,0.97799266,0.97900369,0.1033%,0.001011,7110
72925.322,8856,Bound, ,0.97799266,0.97900369,0.1033%,0.001011,7109
72931.03,8857, ,* L  ,0.97799298,0.97900369,0.1032%,0.001011,7110
72936.637,8858, , ,0.97799298,0.97900369,0.1032%,0.001011,7111
72942.061,8859, ,* L  ,0.97799312,0.97900369,0.1032%,0.001011,7112
72947.54,8860, , ,0.97799312,0.97900369,0.1032%,0.001011,7113
72952.809,8861, ,* L  ,0.97799338,0.97900369,0.1032%,0.00101,7114
72958.19,8862, , ,0.97799338,0.97900369,0.1032%,0.00101,7115
72963.82,8863, ,* L  ,0.97799339,0.97900369,0.1032%,0.00101,7116
72969.63,8864, , ,0.97799339,0.97900369,0.1032%,0.00101,7117
72974.496,8865,Bound,* L  ,0.97799341,0.97900369,0.1032%,0.00101,7116
72979.716,8866, , ,0.97799341,0.97900369,0.1032%,0.00101,7117
72985.145,8867, ,* L  ,0.97799341,0.97900369,0.1032%,0.00101,7118
72989.359,8868, , ,0.97799341,0.97900369,0.1032%,0.00101,7119
72992.764,8869, , ,0.97799341,0.97900369,0.1032%,0.00101,7120
72996.33,8870, , ,0.97799341,0.97900369,0.1032%,0.00101,7121
73001.496,8871, ,* L  ,0.97799345,0.97900369,0.1032%,0.00101,7122
73005.862,8872, , ,0.97799345,0.97900369,0.1032%,0.00101,7123
73010.025,8873, ,* L  ,0.97799345,0.97900369,0.1032%,0.00101,7124
73013.798,8874, , ,0.97799345,0.97900369,0.1032%,0.00101,7125
73018.432,8875, , ,0.97799345,0.97900369,0.1032%,0.00101,7126
73022.875,8876, , ,0.97799345,0.97900369,0.1032%,0.00101,7127
73028.108,8877, ,* L  ,0.97799366,0.97900369,0.1032%,0.00101,7128
73032.936,8878, , ,0.97799366,0.97900369,0.1032%,0.00101,7129
73038.269,8879, ,* L  ,0.97799366,0.97900369,0.1032%,0.00101,7130
73042.751,8880, , ,0.97799366,0.97900369,0.1032%,0.00101,7131
73048.307,8881, , ,0.97799366,0.97900369,0.1032%,0.00101,7132
73053.722,8882, , ,0.97799366,0.97900369,0.1032%,0.00101,7133
73059.054,8883, ,* L  ,0.97799369,0.97900369,0.1032%,0.00101,7134
73064.593,8884, , ,0.97799369,0.97900369,0.1032%,0.00101,7135
73069.681,8885, ,* L  ,0.97799371,0.97900369,0.1032%,0.00101,7136
73074.694,8886, , ,0.97799371,0.97900369,0.1032%,0.00101,7137
73079.264,8887, ,* L  ,0.97799371,0.97900369,0.1032%,0.00101,7138
73084.28,8888, , ,0.97799371,0.97900369,0.1032%,0.00101,7139
73088.975,8889, , ,0.97799371,0.97900369,0.1032%,0.00101,7140
73093.881,8890, , ,0.97799371,0.97900369,0.1032%,0.00101,7141
73098.85,8891, ,* L  ,0.97799372,0.97900369,0.1032%,0.00101,7142
73104.083,8892, , ,0.97799372,0.97900369,0.1032%,0.00101,7143
73109.314,8893, , ,0.97799372,0.97900369,0.1032%,0.00101,7144
73114.116,8894,Bound, ,0.97799372,0.97900369,0.1032%,0.00101,7143
73118.763,8895,Bound,* L  ,0.97799393,0.97900369,0.1031%,0.00101,7142
73123.43,8896,Bound, ,0.97799393,0.97900369,0.1031%,0.00101,7141
73129.867,8897, , ,0.97799393,0.97900369,0.1031%,0.00101,7142
73135.235,8898, , ,0.97799393,0.97900369,0.1031%,0.00101,7143
73140.171,8899,Bound,* L  ,0.97799394,0.97900369,0.1031%,0.00101,7142
73146.254,8900, , ,0.97799394,0.97900369,0.1031%,0.00101,7143
73152.039,8901, ,* L  ,0.97799394,0.97900369,0.1031%,0.00101,7144
73157.358,8902, , ,0.97799394,0.97900369,0.1031%,0.00101,7145
73162.735,8903, , ,0.97799394,0.97900369,0.1031%,0.00101,7146
73168.023,8904, , ,0.97799394,0.97900369,0.1031%,0.00101,7147
73173.329,8905, ,* L  ,0.97799407,0.97900369,0.1031%,0.00101,7148
73178.449,8906, , ,0.97799407,0.97900369,0.1031%,0.00101,7149
73184.384,8907, ,* L  ,0.97799411,0.97900369,0.1031%,0.00101,7150
73190.66,8908, , ,0.97799411,0.97900369,0.1031%,0.00101,7151
73194.173,8909,Bound,* L  ,0.97799417,0.97900369,0.1031%,0.00101,7150
73197.68,8910, , ,0.97799417,0.97900369,0.1031%,0.00101,7151
73201.982,8911, ,* L  ,0.97799417,0.97900369,0.1031%,0.00101,7152
73205.2,8912, , ,0.97799417,0.97900369,0.1031%,0.00101,7153
73208.214,8913, , ,0.97799417,0.97900369,0.1031%,0.00101,7154
73211.78,8914, , ,0.97799417,0.97900369,0.1031%,0.00101,7155
73214.736,8915, ,* L  ,0.97799419,0.97900369,0.1031%,0.001009,7156
73219.527,8916, , ,0.97799419,0.97900369,0.1031%,0.001009,7157
73223.957,8917, ,* L  ,0.9779942,0.97900369,0.1031%,0.001009,7158
73228.293,8918, , ,0.9779942,0.97900369,0.1031%,0.001009,7159
73233.142,8919, ,* L  ,0.97799422,0.97900369,0.1031%,0.001009,7160
73235.825,8920,Bound, ,0.97799422,0.97900369,0.1031%,0.001009,7159
73240.496,8921, ,* L  ,0.97799434,0.97900369,0.1031%,0.001009,7160
73245.395,8922, , ,0.97799434,0.97900369,0.1031%,0.001009,7161
73251.148,8923, ,* L  ,0.97799441,0.97900369,0.1031%,0.001009,7162
73256.306,8924, , ,0.97799441,0.97900369,0.1031%,0.001009,7163
73262.242,8925, ,* L  ,0.97799441,0.97900369,0.1031%,0.001009,7164
73266.501,8926, , ,0.97799441,0.97900369,0.1031%,0.001009,7165
73271.214,8927, , ,0.97799441,0.97900369,0.1031%,0.001009,7166
73275.707,8928, , ,0.97799441,0.97900369,0.1031%,0.001009,7167
73280.925,8929, ,* L  ,0.97799442,0.97900369,0.1031%,0.001009,7168
73285.95,8930, , ,0.97799442,0.97900369,0.1031%,0.001009,7169
73289.823,8931, ,* L  ,0.97799442,0.97900369,0.1031%,0.001009,7170
73293.066,8932, , ,0.97799442,0.97900369,0.1031%,0.001009,7171
73296.696,8933, , ,0.97799442,0.97900369,0.1031%,0.001009,7172
73300.012,8934, , ,0.97799442,0.97900369,0.1031%,0.001009,7173
73304.767,8935, ,* L  ,0.97799445,0.97900369,0.1031%,0.001009,7174
73309.103,8936, , ,0.97799445,0.97900369,0.1031%,0.001009,7175
73313.555,8937, ,* L  ,0.9779945,0.97900369,0.1031%,0.001009,7176
73317.817,8938, , ,0.9779945,0.97900369,0.1031%,0.001009,7177
73321.199,8939, ,* L  ,0.9779945,0.97900369,0.1031%,0.001009,7178
73325.149,8940, , ,0.9779945,0.97900369,0.1031%,0.001009,7179
73329.727,8941, , ,0.9779945,0.97900369,0.1031%,0.001009,7180
73333.23,8942, , ,0.9779945,0.97900369,0.1031%,0.001009,7181
73337.532,8943, ,* L  ,0.97799452,0.97900369,0.1031%,0.001009,7182
73341.739,8944, , ,0.97799452,0.97900369,0.1031%,0.001009,7183
73347.067,8945, ,* L  ,0.97799455,0.97900369,0.1031%,0.001009,7184
73350.529,8946, , ,0.97799455,0.97900369,0.1031%,0.001009,7185
73355.994,8947, ,* L  ,0.97799455,0.97900369,0.1031%,0.001009,7186
73360.898,8948, , ,0.97799455,0.97900369,0.1031%,0.001009,7187
73366.216,8949, , ,0.97799455,0.97900369,0.1031%,0.001009,7188
73370.467,8950, , ,0.97799455,0.97900369,0.1031%,0.001009,7189
73375.356,8951, ,* L  ,0.97799457,0.97900369,0.1031%,0.001009,7190
73380.181,8952, , ,0.97799457,0.97900369,0.1031%,0.001009,7191
73385.347,8953, ,* L  ,0.97799457,0.97900369,0.1031%,0.001009,7192
73389.236,8954, , ,0.97799457,0.97900369,0.1031%,0.001009,7193
73393.338,8955, , ,0.97799457,0.97900369,0.1031%,0.001009,7194
73396.544,8956, , ,0.97799457,0.97900369,0.1031%,0.001009,7195
73400.386,8957, ,* L  ,0.97799491,0.97900369,0.103%,0.001009,7196
73404.06,8958,Bound, ,0.97799491,0.97900369,0.103%,0.001009,7195
73408.114,8959, ,* L  ,0.97799507,0.97900369,0.103%,0.001009,7196
73412.587,8960, , ,0.97799507,0.97900369,0.103%,0.001009,7197
73417.233,8961, ,* L  ,0.97799507,0.97900369,0.103%,0.001009,7198
73422.071,8962, , ,0.97799507,0.97900369,0.103%,0.001009,7199
73426.771,8963, , ,0.97799507,0.97900369,0.103%,0.001009,7200
73431.747,8964, , ,0.97799507,0.97900369,0.103%,0.001009,7201
73437.442,8965, ,* L  ,0.97799516,0.97900369,0.103%,0.001009,7202
73442.693,8966, , ,0.97799516,0.97900369,0.103%,0.001009,7203
73448.346,8967, ,* L  ,0.97799516,0.97900369,0.103%,0.001009,7204
73453.797,8968, , ,0.97799516,0.97900369,0.103%,0.001009,7205
73458.519,8969, , ,0.97799516,0.97900369,0.103%,0.001009,7206
73462.538,8970, , ,0.97799516,0.97900369,0.103%,0.001009,7207
73467.686,8971, ,* L  ,0.97799517,0.97900369,0.103%,0.001009,7208
73473.37,8972, , ,0.97799517,0.97900369,0.103%,0.001009,7209
73476.441,8973, ,* L  ,0.97799517,0.97900369,0.103%,0.001009,7210
73480.434,8974, , ,0.97799517,0.97900369,0.103%,0.001009,7211
73485.833,8975, , ,0.97799517,0.97900369,0.103%,0.001009,7212
73490.808,8976, , ,0.97799517,0.97900369,0.103%,0.001009,7213
73494.988,8977, ,* L  ,0.97799533,0.97900369,0.103%,0.001008,7214
73507.783,8978, , ,0.97799533,0.97900369,0.103%,0.001008,7215
73517.112,8979, , ,0.97799533,0.97900369,0.103%,0.001008,7216
73522.128,8980, , ,0.97799533,0.97900369,0.103%,0.001008,7217
73529.091,8981, , ,0.97799533,0.97900369,0.103%,0.001008,7218
73532.944,8982, , ,0.97799533,0.97900369,0.103%,0.001008,7219
73538.137,8983,Bound,* L  ,0.97799555,0.97900369,0.103%,0.001008,7218
73543.376,8984, , ,0.97799555,0.97900369,0.103%,0.001008,7219
73547.784,8985, ,* L  ,0.97799562,0.97900369,0.103%,0.001008,7220
73553.41,8986, , ,0.97799562,0.97900369,0.103%,0.001008,7221
73561.293,8987, , ,0.97799562,0.97900369,0.103%,0.001008,7222
73566.104,8988, , ,0.97799562,0.97900369,0.103%,0.001008,7223
73571.512,8989, , ,0.97799562,0.97900369,0.103%,0.001008,7224
73577.626,8990, , ,0.97799562,0.97900369,0.103%,0.001008,7225
73585.999,8991, , ,0.97799562,0.97900369,0.103%,0.001008,7226
73592.198,8992, , ,0.97799562,0.97900369,0.103%,0.001008,7227
73597.9,8993, , ,0.97799562,0.97900369,0.103%,0.001008,7228
73603.777,8994, , ,0.97799562,0.97900369,0.103%,0.001008,7229
73608.317,8995, ,* L  ,0.97799566,0.97900369,0.103%,0.001008,7230
73612.984,8996, , ,0.97799566,0.97900369,0.103%,0.001008,7231
73617.263,8997, ,* L  ,0.97799584,0.97900369,0.1029%,0.001008,7232
73629.516,8998, , ,0.97799584,0.97900369,0.1029%,0.001008,7233
73642.821,8999, , ,0.97799584,0.97900369,0.1029%,0.001008,7234
73650.583,9000,Bound, ,0.97799584,0.97900369,0.1029%,0.001008,7233
73657.171,9001, , ,0.97799584,0.97900369,0.1029%,0.001008,7234
