Time, LB,UB,Rel. Gap,Abs. Gap,# Nodes,Prune Method
656.982,            0.97199858,      0.97969809,         0.7859%     ,   7.70e-03     ,          2       ,     Orig
1582.31 ,        0.97199858 ,     0.97969809,         0.7859%    ,    7.70e-03     ,          3         ,   WLSQ
2483.533 ,       0.97707185,      0.97969809  ,       0.2681%  ,      2.63e-03    ,           4     ,       WLSQ
3276.221  , 0.97707185,      0.97969039   ,      0.2673%     ,   2.62e-03     ,          5      ,      WLSQ
3850.217  ,0.97821735,      0.97969039     ,    0.1504%     ,   1.47e-03      ,        6    ,        WLSQ

